arm,opponent,seed,seat,done,decisions,self_cash,opp_cash,margin,points,error,order_cap_violations,b1_sha256,opponent_sha256,entry,opponent_entry,seconds,max_callback_seconds,replay_sha256,replay_path,response_eligible,response_changes,response_evaluations,response_predicted_gain
B1,B1,402609241,0,True,719,114627.0,114627.0,0.0,0.5,,0,b6553c296c556aff5b5e2d12b75618e505fa4d852afb5338414ac6d6e039cb02,b6553c296c556aff5b5e2d12b75618e505fa4d852afb5338414ac6d6e039cb02,opening_liquidity_agent,opening_liquidity_agent,4.443,"[0.20526438199999575, 0.08945510300009119]",ab2a2bca9c8e81cfca64b7028df5e2aebab8034361d78d5448a48f4c27887363,development_replays/B1__B1__402609241__seat0.json.gz,0,0,0,0.0
B1,B1,402609241,1,True,719,114627.0,114627.0,0.0,0.5,,0,b6553c296c556aff5b5e2d12b75618e505fa4d852afb5338414ac6d6e039cb02,b6553c296c556aff5b5e2d12b75618e505fa4d852afb5338414ac6d6e039cb02,opening_liquidity_agent,opening_liquidity_agent,4.337,"[0.05652823000002627, 0.22238900899992586]",9ea0e40dce9a400c2266ce070649175a6809d098f52b87460c07f1c9e7009f48,development_replays/B1__B1__402609241__seat1.json.gz,0,0,0,0.0
B1,B1,402609242,0,True,719,105619.0,105619.0,0.0,0.5,,0,b6553c296c556aff5b5e2d12b75618e505fa4d852afb5338414ac6d6e039cb02,b6553c296c556aff5b5e2d12b75618e505fa4d852afb5338414ac6d6e039cb02,opening_liquidity_agent,opening_liquidity_agent,10.07,"[0.2930584660000477, 0.1535389780000287]",e2007117a97433ada75d8f4a9b8384f919c10cae24200029082b89a4df27eea3,development_replays/B1__B1__402609242__seat0.json.gz,0,0,0,0.0
B1,B1,402609242,1,True,719,105619.0,105619.0,0.0,0.5,,0,b6553c296c556aff5b5e2d12b75618e505fa4d852afb5338414ac6d6e039cb02,b6553c296c556aff5b5e2d12b75618e505fa4d852afb5338414ac6d6e039cb02,opening_liquidity_agent,opening_liquidity_agent,5.151,"[0.09818713699996806, 0.11797000299998217]",515f8b1423e9ef7c84781c7ff6c941892c3e4629d5676c0e8528702f062244ea,development_replays/B1__B1__402609242__seat1.json.gz,0,0,0,0.0
B1,B1,402609243,0,True,719,85636.0,85636.0,0.0,0.5,,0,b6553c296c556aff5b5e2d12b75618e505fa4d852afb5338414ac6d6e039cb02,b6553c296c556aff5b5e2d12b75618e505fa4d852afb5338414ac6d6e039cb02,opening_liquidity_agent,opening_liquidity_agent,4.153,"[0.12230307200002244, 0.08995728300010342]",807cc67e9816e5fbf1d39fe92552dcef5c9070dc67d5d1afcac7ed6367a957bc,development_replays/B1__B1__402609243__seat0.json.gz,0,0,0,0.0
B1,B1,402609243,1,True,719,85636.0,85636.0,0.0,0.5,,0,b6553c296c556aff5b5e2d12b75618e505fa4d852afb5338414ac6d6e039cb02,b6553c296c556aff5b5e2d12b75618e505fa4d852afb5338414ac6d6e039cb02,opening_liquidity_agent,opening_liquidity_agent,8.471,"[0.14357129299992266, 0.29802406599992537]",d722df57435ad2902356bd0661a2fe6f1ee5cfc391732a8a4f47e594853eeab0,development_replays/B1__B1__402609243__seat1.json.gz,0,0,0,0.0
B1,B1,402609244,0,True,719,74119.0,74119.0,0.0,0.5,,0,b6553c296c556aff5b5e2d12b75618e505fa4d852afb5338414ac6d6e039cb02,b6553c296c556aff5b5e2d12b75618e505fa4d852afb5338414ac6d6e039cb02,opening_liquidity_agent,opening_liquidity_agent,3.494,"[0.08988002499995673, 0.07100306899997122]",30cc1c75c1d9354f3aff337bb98ac7ffb4522f92d53c9ef45b261db3b78f02d4,development_replays/B1__B1__402609244__seat0.json.gz,0,0,0,0.0
B1,B1,402609244,1,True,719,74119.0,74119.0,0.0,0.5,,0,b6553c296c556aff5b5e2d12b75618e505fa4d852afb5338414ac6d6e039cb02,b6553c296c556aff5b5e2d12b75618e505fa4d852afb5338414ac6d6e039cb02,opening_liquidity_agent,opening_liquidity_agent,3.69,"[0.06451601599997048, 0.07834369700003663]",331a3e974f39e774d366e622e0ba40baa76b38c364b5035ac340bc21492cd43a,development_replays/B1__B1__402609244__seat1.json.gz,0,0,0,0.0
B1,metav4,402609241,0,True,719,117926.0,121614.0,-3688.0,0.0,,0,b6553c296c556aff5b5e2d12b75618e505fa4d852afb5338414ac6d6e039cb02,9d63494603f88219857a3101d7dc19cc750ded04e5886732ee428580326967d9,opening_liquidity_agent,agent,2.829,"[0.06397836400003598, 0.04685298599997623]",30cdefa52e94ae8364894c5251aae1948e2a96e9d95535cd63f767b233ec3298,development_replays/B1__metav4__402609241__seat0.json.gz,0,0,0,0.0
B1,metav4,402609241,1,True,719,117926.0,121614.0,-3688.0,0.0,,0,b6553c296c556aff5b5e2d12b75618e505fa4d852afb5338414ac6d6e039cb02,9d63494603f88219857a3101d7dc19cc750ded04e5886732ee428580326967d9,opening_liquidity_agent,agent,6.727,"[0.15257748500005164, 0.7441852740000741]",e6479c79e2165bec991042484f102c7176eab8a8a4d4cc61ed3b1141e8880d1b,development_replays/B1__metav4__402609241__seat1.json.gz,0,0,0,0.0
B1,metav4,402609242,0,True,719,106057.0,104916.0,1141.0,1.0,,0,b6553c296c556aff5b5e2d12b75618e505fa4d852afb5338414ac6d6e039cb02,9d63494603f88219857a3101d7dc19cc750ded04e5886732ee428580326967d9,opening_liquidity_agent,agent,3.707,"[0.22610271099995316, 0.2952210659999537]",f0c9cf052847d49ffb1c49ab1dab7cdebcc157f17028606b64e580adc48038c3,development_replays/B1__metav4__402609242__seat0.json.gz,0,0,0,0.0
B1,metav4,402609242,1,True,719,106057.0,104916.0,1141.0,1.0,,0,b6553c296c556aff5b5e2d12b75618e505fa4d852afb5338414ac6d6e039cb02,9d63494603f88219857a3101d7dc19cc750ded04e5886732ee428580326967d9,opening_liquidity_agent,agent,3.551,"[0.30521320499997273, 0.050334938999981205]",be0c1866b83742ab546fc38a5d2f0733c56ffd6b7624d20f63c1c137884318c3,development_replays/B1__metav4__402609242__seat1.json.gz,0,0,0,0.0
B1,metav4,402609243,0,True,719,85898.0,85285.0,613.0,1.0,,0,b6553c296c556aff5b5e2d12b75618e505fa4d852afb5338414ac6d6e039cb02,9d63494603f88219857a3101d7dc19cc750ded04e5886732ee428580326967d9,opening_liquidity_agent,agent,7.07,"[0.11297316800005319, 0.7857820289999609]",df5627f84c39e6fea0e9e88cd1674d80e3a5ebe84b7884d3a373bd87d8d154e9,development_replays/B1__metav4__402609243__seat0.json.gz,0,0,0,0.0
B1,metav4,402609243,1,True,719,85898.0,85285.0,613.0,1.0,,0,b6553c296c556aff5b5e2d12b75618e505fa4d852afb5338414ac6d6e039cb02,9d63494603f88219857a3101d7dc19cc750ded04e5886732ee428580326967d9,opening_liquidity_agent,agent,3.35,"[0.323039834000042, 0.06893391900007373]",a70fdc561bdb0ec653bcc7b1e4b903a8f7bb7319cad024f5b17cde5bd61b5d0b,development_replays/B1__metav4__402609243__seat1.json.gz,0,0,0,0.0
B1,metav4,402609244,0,True,719,74477.0,72625.0,1852.0,1.0,,0,b6553c296c556aff5b5e2d12b75618e505fa4d852afb5338414ac6d6e039cb02,9d63494603f88219857a3101d7dc19cc750ded04e5886732ee428580326967d9,opening_liquidity_agent,agent,2.962,"[0.24598765900009312, 0.07298994899997524]",c00683cbb626f04f262fd72199445b7de71c9ae492c683c28016b79f1ab60772,development_replays/B1__metav4__402609244__seat0.json.gz,0,0,0,0.0
B1,metav4,402609244,1,True,719,74477.0,72625.0,1852.0,1.0,,0,b6553c296c556aff5b5e2d12b75618e505fa4d852afb5338414ac6d6e039cb02,9d63494603f88219857a3101d7dc19cc750ded04e5886732ee428580326967d9,opening_liquidity_agent,agent,3.027,"[0.0717883229999643, 0.05516265599999315]",826b15db084ef9a4f6acb37e9444bf90400b7c2866f2cc1bfcb430f4cdbec51b,development_replays/B1__metav4__402609244__seat1.json.gz,0,0,0,0.0
B1,order_book,402609241,0,True,719,114633.0,114458.0,175.0,1.0,,0,b6553c296c556aff5b5e2d12b75618e505fa4d852afb5338414ac6d6e039cb02,a16e0e9b40c489972630a0b9d04f30e9c1cab03159fa78676db74277d84d82ab,opening_liquidity_agent,_cxd_agent,7.877,"[0.11275081299993417, 0.8581441930000437]",f19d64c958838ee37dfae88b55ba8f62066ac44cd933a7a345630bd152a65d47,development_replays/B1__order_book__402609241__seat0.json.gz,0,0,0,0.0
B1,order_book,402609241,1,True,719,114633.0,114458.0,175.0,1.0,,0,b6553c296c556aff5b5e2d12b75618e505fa4d852afb5338414ac6d6e039cb02,a16e0e9b40c489972630a0b9d04f30e9c1cab03159fa78676db74277d84d82ab,opening_liquidity_agent,_cxd_agent,3.759,"[0.06475209400002768, 0.3325885609999659]",cdda1bc76009e6a001355df6d9b85e99e99a198248eff2fa2cfe150d645782a5,development_replays/B1__order_book__402609241__seat1.json.gz,0,0,0,0.0
B1,order_book,402609242,0,True,719,105729.0,105187.0,542.0,1.0,,0,b6553c296c556aff5b5e2d12b75618e505fa4d852afb5338414ac6d6e039cb02,a16e0e9b40c489972630a0b9d04f30e9c1cab03159fa78676db74277d84d82ab,opening_liquidity_agent,_cxd_agent,3.827,"[0.3264997889999677, 0.08892519200003335]",90adf55a8021a8fa9abd0775fd4298788e0424b855fbac67bd3846195aaaa31d,development_replays/B1__order_book__402609242__seat0.json.gz,0,0,0,0.0
B1,order_book,402609242,1,True,719,105729.0,105187.0,542.0,1.0,,0,b6553c296c556aff5b5e2d12b75618e505fa4d852afb5338414ac6d6e039cb02,a16e0e9b40c489972630a0b9d04f30e9c1cab03159fa78676db74277d84d82ab,opening_liquidity_agent,_cxd_agent,4.098,"[0.08431916200004252, 0.34205724100002044]",114d98d92722dc5bd36ea6b512ace6c3c180f55cc6256ab9797abccf1f021f92,development_replays/B1__order_book__402609242__seat1.json.gz,0,0,0,0.0
B1,order_book,402609243,0,True,719,85640.0,85630.0,10.0,1.0,,0,b6553c296c556aff5b5e2d12b75618e505fa4d852afb5338414ac6d6e039cb02,a16e0e9b40c489972630a0b9d04f30e9c1cab03159fa78676db74277d84d82ab,opening_liquidity_agent,_cxd_agent,3.093,"[0.06466028299996651, 0.34804017600004045]",91c277b31b5605690d1d750634319e2d949ec89de9e73c225d6065acbd42f074,development_replays/B1__order_book__402609243__seat0.json.gz,0,0,0,0.0
B1,order_book,402609243,1,True,719,85640.0,85630.0,10.0,1.0,,0,b6553c296c556aff5b5e2d12b75618e505fa4d852afb5338414ac6d6e039cb02,a16e0e9b40c489972630a0b9d04f30e9c1cab03159fa78676db74277d84d82ab,opening_liquidity_agent,_cxd_agent,3.07,"[0.30308615100000225, 0.0939389839999194]",c6f5ce160b29da0e12d8346bc71cb5f78f28b90b80bfb41c7fe5b06f69c8e8a1,development_replays/B1__order_book__402609243__seat1.json.gz,0,0,0,0.0
B1,order_book,402609244,0,True,719,74123.0,73955.0,168.0,1.0,,0,b6553c296c556aff5b5e2d12b75618e505fa4d852afb5338414ac6d6e039cb02,a16e0e9b40c489972630a0b9d04f30e9c1cab03159fa78676db74277d84d82ab,opening_liquidity_agent,_cxd_agent,3.254,"[0.22175333199993474, 0.3803768159999663]",a3b761e8807565e030ed2228856d088dfcfb972383fc4ada04cb9f346ce0bf70,development_replays/B1__order_book__402609244__seat0.json.gz,0,0,0,0.0
B1,order_book,402609244,1,True,719,74123.0,73955.0,168.0,1.0,,0,b6553c296c556aff5b5e2d12b75618e505fa4d852afb5338414ac6d6e039cb02,a16e0e9b40c489972630a0b9d04f30e9c1cab03159fa78676db74277d84d82ab,opening_liquidity_agent,_cxd_agent,3.309,"[0.06302277400004641, 0.04755892599996514]",a52f594d1e48cb8ce7936ee1f86465e9e08d32ed09213f5429954d72cc27e110,development_replays/B1__order_book__402609244__seat1.json.gz,0,0,0,0.0
B1,v57,402609241,0,True,719,117912.0,121848.0,-3936.0,0.0,,0,b6553c296c556aff5b5e2d12b75618e505fa4d852afb5338414ac6d6e039cb02,2ee689fdc58f38b7bf6b80b8d3f48129d19b47201dbee51fdcbd977498a5106f,opening_liquidity_agent,v57_agent,3.437,"[0.31130038500009505, 0.0872276889999739]",2763fddc854faa93261d955410aed26a6ac3691fb6a98b2f8723e01d3bd5f662,development_replays/B1__v57__402609241__seat0.json.gz,0,0,0,0.0
B1,v57,402609241,1,True,719,117912.0,121848.0,-3936.0,0.0,,0,b6553c296c556aff5b5e2d12b75618e505fa4d852afb5338414ac6d6e039cb02,2ee689fdc58f38b7bf6b80b8d3f48129d19b47201dbee51fdcbd977498a5106f,opening_liquidity_agent,v57_agent,3.481,"[0.03348142100003315, 0.32829608700001245]",46b612210f440fe745f1f8610a51114bc1ea36d2e0a077ae53867a2e27d94df6,development_replays/B1__v57__402609241__seat1.json.gz,0,0,0,0.0
B1,v57,402609242,0,True,719,105937.0,105425.0,512.0,1.0,,0,b6553c296c556aff5b5e2d12b75618e505fa4d852afb5338414ac6d6e039cb02,2ee689fdc58f38b7bf6b80b8d3f48129d19b47201dbee51fdcbd977498a5106f,opening_liquidity_agent,v57_agent,3.878,"[0.29612213300003987, 0.09387858000002325]",d770716e143898adb3bef531feb75aa307e45639ba0b20a4e04a86ae31b6ede8,development_replays/B1__v57__402609242__seat0.json.gz,0,0,0,0.0
B1,v57,402609242,1,True,719,105937.0,105425.0,512.0,1.0,,0,b6553c296c556aff5b5e2d12b75618e505fa4d852afb5338414ac6d6e039cb02,2ee689fdc58f38b7bf6b80b8d3f48129d19b47201dbee51fdcbd977498a5106f,opening_liquidity_agent,v57_agent,3.828,"[0.09264652899992143, 0.38401012099996024]",0278147690286217444ae9e3173a6a09d02292a1538f79a23af4a93867bcff9e,development_replays/B1__v57__402609242__seat1.json.gz,0,0,0,0.0
B1,v57,402609243,0,True,719,85674.0,85581.0,93.0,1.0,,0,b6553c296c556aff5b5e2d12b75618e505fa4d852afb5338414ac6d6e039cb02,2ee689fdc58f38b7bf6b80b8d3f48129d19b47201dbee51fdcbd977498a5106f,opening_liquidity_agent,v57_agent,3.299,"[0.2778526789999205, 0.07758292999994865]",9da71cf5d102ab06241b687775293d5c2c8f020c1c9060d4f1542c7da866fdc1,development_replays/B1__v57__402609243__seat0.json.gz,0,0,0,0.0
B1,v57,402609243,1,True,719,85674.0,85581.0,93.0,1.0,,0,b6553c296c556aff5b5e2d12b75618e505fa4d852afb5338414ac6d6e039cb02,2ee689fdc58f38b7bf6b80b8d3f48129d19b47201dbee51fdcbd977498a5106f,opening_liquidity_agent,v57_agent,3.277,"[0.12984130500001356, 0.24157273000002988]",a4dc2f2113ec916a5e201a8b6bb086c27d554c45186980789bdf9bd942cd9375,development_replays/B1__v57__402609243__seat1.json.gz,0,0,0,0.0
B1,v57,402609244,0,True,719,74444.0,72907.0,1537.0,1.0,,0,b6553c296c556aff5b5e2d12b75618e505fa4d852afb5338414ac6d6e039cb02,2ee689fdc58f38b7bf6b80b8d3f48129d19b47201dbee51fdcbd977498a5106f,opening_liquidity_agent,v57_agent,4.732,"[0.11981039600004806, 0.034860213999991174]",d791d09a16600e99b242af58d2aea386b85cae2c6ff96de5f4d8b972f2e49545,development_replays/B1__v57__402609244__seat0.json.gz,0,0,0,0.0
B1,v57,402609244,1,True,719,74444.0,72907.0,1537.0,1.0,,0,b6553c296c556aff5b5e2d12b75618e505fa4d852afb5338414ac6d6e039cb02,2ee689fdc58f38b7bf6b80b8d3f48129d19b47201dbee51fdcbd977498a5106f,opening_liquidity_agent,v57_agent,6.807,"[0.03972302399995442, 0.11901680200003284]",4d191147340bb23efd907af2064106f25cb1d80799b6b3050a050134d92a480b,development_replays/B1__v57__402609244__seat1.json.gz,0,0,0,0.0
wool_gate_open,B1,402609241,0,True,719,114266.0,114221.0,45.0,1.0,,0,b6553c296c556aff5b5e2d12b75618e505fa4d852afb5338414ac6d6e039cb02,b6553c296c556aff5b5e2d12b75618e505fa4d852afb5338414ac6d6e039cb02,opening_liquidity_agent,opening_liquidity_agent,3.753,"[0.2925431880000815, 0.05309463800006142]",ba5fd261f8d19922af6d19101bca4abc464369f7ea650ddd87a73819fa2ddb45,development_replays/wool_gate_open__B1__402609241__seat0.json.gz,0,0,0,0.0
wool_gate_open,B1,402609241,1,True,719,114266.0,114221.0,45.0,1.0,,0,b6553c296c556aff5b5e2d12b75618e505fa4d852afb5338414ac6d6e039cb02,b6553c296c556aff5b5e2d12b75618e505fa4d852afb5338414ac6d6e039cb02,opening_liquidity_agent,opening_liquidity_agent,3.925,"[0.05111905499995828, 0.24973344299996825]",1abd49fca0e1e721746b340e199679adcb9c350847bab313aeafb07cbb2559ef,development_replays/wool_gate_open__B1__402609241__seat1.json.gz,0,0,0,0.0
wool_gate_open,B1,402609242,0,True,719,105772.0,105686.0,86.0,1.0,,0,b6553c296c556aff5b5e2d12b75618e505fa4d852afb5338414ac6d6e039cb02,b6553c296c556aff5b5e2d12b75618e505fa4d852afb5338414ac6d6e039cb02,opening_liquidity_agent,opening_liquidity_agent,4.213,"[0.32762776399999893, 0.0481783440000072]",8aaec98b0b45d10a89220a800c64af6b7e276abd27392155a2ac51863a8e9f8c,development_replays/wool_gate_open__B1__402609242__seat0.json.gz,0,0,0,0.0
wool_gate_open,B1,402609242,1,True,719,105772.0,105686.0,86.0,1.0,,0,b6553c296c556aff5b5e2d12b75618e505fa4d852afb5338414ac6d6e039cb02,b6553c296c556aff5b5e2d12b75618e505fa4d852afb5338414ac6d6e039cb02,opening_liquidity_agent,opening_liquidity_agent,8.773,"[0.1406443619999891, 0.181252666999967]",3295f6f67b5c444569d8203e68892c2350de62c01e0b87d75593032dc80d0ccf,development_replays/wool_gate_open__B1__402609242__seat1.json.gz,0,0,0,0.0
wool_gate_open,B1,402609243,0,True,719,85229.0,85556.0,-327.0,0.0,,0,b6553c296c556aff5b5e2d12b75618e505fa4d852afb5338414ac6d6e039cb02,b6553c296c556aff5b5e2d12b75618e505fa4d852afb5338414ac6d6e039cb02,opening_liquidity_agent,opening_liquidity_agent,3.104,"[0.29746833900003367, 0.05908823799995844]",509414fc0c7333bbc00eeac01d88189787e92d3aa75c08de4ae7b057a5061d76,development_replays/wool_gate_open__B1__402609243__seat0.json.gz,0,0,0,0.0
wool_gate_open,B1,402609243,1,True,719,85229.0,85556.0,-327.0,0.0,,0,b6553c296c556aff5b5e2d12b75618e505fa4d852afb5338414ac6d6e039cb02,b6553c296c556aff5b5e2d12b75618e505fa4d852afb5338414ac6d6e039cb02,opening_liquidity_agent,opening_liquidity_agent,3.568,"[0.06540178199998081, 0.3106522059999861]",57c425e54a672919b2e6a38528ab43b9fc4c908ca316260a398f7707672d4b92,development_replays/wool_gate_open__B1__402609243__seat1.json.gz,0,0,0,0.0
wool_gate_open,B1,402609244,0,True,719,72898.0,73293.0,-395.0,0.0,,0,b6553c296c556aff5b5e2d12b75618e505fa4d852afb5338414ac6d6e039cb02,b6553c296c556aff5b5e2d12b75618e505fa4d852afb5338414ac6d6e039cb02,opening_liquidity_agent,opening_liquidity_agent,8.754,"[0.1661808620000329, 0.666580907000025]",2c57511ad2f9dce2959541d5f081f0b7087350c2ae6426492b91491aba542ddb,development_replays/wool_gate_open__B1__402609244__seat0.json.gz,0,0,0,0.0
wool_gate_open,B1,402609244,1,True,719,72898.0,73293.0,-395.0,0.0,,0,b6553c296c556aff5b5e2d12b75618e505fa4d852afb5338414ac6d6e039cb02,b6553c296c556aff5b5e2d12b75618e505fa4d852afb5338414ac6d6e039cb02,opening_liquidity_agent,opening_liquidity_agent,3.756,"[0.06804940600000009, 0.4391454660000136]",8be8b074d3d8bb62a0eff4272c4f333ca56f46391bf524598d38ab1dc027f646,development_replays/wool_gate_open__B1__402609244__seat1.json.gz,0,0,0,0.0
wool_gate_open,metav4,402609241,0,True,719,117602.0,121236.0,-3634.0,0.0,,0,b6553c296c556aff5b5e2d12b75618e505fa4d852afb5338414ac6d6e039cb02,9d63494603f88219857a3101d7dc19cc750ded04e5886732ee428580326967d9,opening_liquidity_agent,agent,3.028,"[0.06485010199992303, 0.05437345400002869]",ecef378a827fddde4c8cb81b19307e1bf3b861df1aa8dca841909e8aaf215097,development_replays/wool_gate_open__metav4__402609241__seat0.json.gz,0,0,0,0.0
wool_gate_open,metav4,402609241,1,True,719,117602.0,121236.0,-3634.0,0.0,,0,b6553c296c556aff5b5e2d12b75618e505fa4d852afb5338414ac6d6e039cb02,9d63494603f88219857a3101d7dc19cc750ded04e5886732ee428580326967d9,opening_liquidity_agent,agent,3.012,"[0.05533016899994436, 0.33261427500008267]",d0f872d262396052b1fb43c3194ac14cbeedca78bdabce47d62c1c4db2975aee,development_replays/wool_gate_open__metav4__402609241__seat1.json.gz,0,0,0,0.0
wool_gate_open,metav4,402609242,0,True,719,105688.0,104457.0,1231.0,1.0,,0,b6553c296c556aff5b5e2d12b75618e505fa4d852afb5338414ac6d6e039cb02,9d63494603f88219857a3101d7dc19cc750ded04e5886732ee428580326967d9,opening_liquidity_agent,agent,3.664,"[0.361726679999947, 0.06250985299993772]",9340af53ab1bb7d02375cd88d7b85206ed51b8e91abe9b1369b1c3c94b1e578f,development_replays/wool_gate_open__metav4__402609242__seat0.json.gz,0,0,0,0.0
wool_gate_open,metav4,402609242,1,True,719,105688.0,104457.0,1231.0,1.0,,0,b6553c296c556aff5b5e2d12b75618e505fa4d852afb5338414ac6d6e039cb02,9d63494603f88219857a3101d7dc19cc750ded04e5886732ee428580326967d9,opening_liquidity_agent,agent,3.706,"[0.31269175400007043, 0.08550258900004337]",8ea76c8ad1efaece0bd734a9d01b64448de7f15b7a72b6654bf05c5378c1ff6a,development_replays/wool_gate_open__metav4__402609242__seat1.json.gz,0,0,0,0.0
wool_gate_open,metav4,402609243,0,True,719,85491.0,85100.0,391.0,1.0,,0,b6553c296c556aff5b5e2d12b75618e505fa4d852afb5338414ac6d6e039cb02,9d63494603f88219857a3101d7dc19cc750ded04e5886732ee428580326967d9,opening_liquidity_agent,agent,7.089,"[0.8019240479999326, 0.24140568199993595]",eebdac3e149a58c22ac50b49a260006b072bdb28b9319242ef455ae820960d81,development_replays/wool_gate_open__metav4__402609243__seat0.json.gz,0,0,0,0.0
wool_gate_open,metav4,402609243,1,True,719,85491.0,85100.0,391.0,1.0,,0,b6553c296c556aff5b5e2d12b75618e505fa4d852afb5338414ac6d6e039cb02,9d63494603f88219857a3101d7dc19cc750ded04e5886732ee428580326967d9,opening_liquidity_agent,agent,2.895,"[0.07237909499997386, 0.2748698230000173]",be305529a8a5017f73c9a000ad661a84ea12e34189c05755a4187597c5fe3936,development_replays/wool_gate_open__metav4__402609243__seat1.json.gz,0,0,0,0.0
wool_gate_open,metav4,402609244,0,True,719,73261.0,72411.0,850.0,1.0,,0,b6553c296c556aff5b5e2d12b75618e505fa4d852afb5338414ac6d6e039cb02,9d63494603f88219857a3101d7dc19cc750ded04e5886732ee428580326967d9,opening_liquidity_agent,agent,7.0,"[0.18071412299991607, 0.16553921100000935]",0d23c90184c16d8eb3ecdc1c2b1cd6a8b935b4b0ab423cfd9aba57891acf986d,development_replays/wool_gate_open__metav4__402609244__seat0.json.gz,0,0,0,0.0
wool_gate_open,metav4,402609244,1,True,719,73261.0,72411.0,850.0,1.0,,0,b6553c296c556aff5b5e2d12b75618e505fa4d852afb5338414ac6d6e039cb02,9d63494603f88219857a3101d7dc19cc750ded04e5886732ee428580326967d9,opening_liquidity_agent,agent,3.422,"[0.0851291129999936, 0.2882276880000063]",d796e689bfbf2907cabbdd6371436c61da4200531762cf5bf65003f896f7a899,development_replays/wool_gate_open__metav4__402609244__seat1.json.gz,0,0,0,0.0
wool_gate_open,order_book,402609241,0,True,719,114273.0,113850.0,423.0,1.0,,0,b6553c296c556aff5b5e2d12b75618e505fa4d852afb5338414ac6d6e039cb02,a16e0e9b40c489972630a0b9d04f30e9c1cab03159fa78676db74277d84d82ab,opening_liquidity_agent,_cxd_agent,3.309,"[0.26658882399999584, 0.07571270899995852]",c68dad75be2e4d8c76e10cf735d3b52cc76b41b91377c054c456bdad616ba1d4,development_replays/wool_gate_open__order_book__402609241__seat0.json.gz,0,0,0,0.0
wool_gate_open,order_book,402609241,1,True,719,114273.0,113850.0,423.0,1.0,,0,b6553c296c556aff5b5e2d12b75618e505fa4d852afb5338414ac6d6e039cb02,a16e0e9b40c489972630a0b9d04f30e9c1cab03159fa78676db74277d84d82ab,opening_liquidity_agent,_cxd_agent,3.558,"[0.05632949199991799, 0.2083295120000912]",f95a68e24583958646427fbcd2ed27a638fcdbc08e7a93332d29414990f391e4,development_replays/wool_gate_open__order_book__402609241__seat1.json.gz,0,0,0,0.0
wool_gate_open,order_book,402609242,0,True,719,105885.0,105252.0,633.0,1.0,,0,b6553c296c556aff5b5e2d12b75618e505fa4d852afb5338414ac6d6e039cb02,a16e0e9b40c489972630a0b9d04f30e9c1cab03159fa78676db74277d84d82ab,opening_liquidity_agent,_cxd_agent,7.791,"[0.7274045400000659, 0.12435596600005283]",2e76d4159292188653dea89b0faa01f827b780ea91d8b7da35ddb48d9b24bfeb,development_replays/wool_gate_open__order_book__402609242__seat0.json.gz,0,0,0,0.0
wool_gate_open,order_book,402609242,1,True,719,105885.0,105252.0,633.0,1.0,,0,b6553c296c556aff5b5e2d12b75618e505fa4d852afb5338414ac6d6e039cb02,a16e0e9b40c489972630a0b9d04f30e9c1cab03159fa78676db74277d84d82ab,opening_liquidity_agent,_cxd_agent,4.369,"[0.10107602000005045, 0.37257252699998844]",8b73c8fdc0f926d9f8b6a66d2ee313e465af4f5c27f261c5e572408f5fbd2f7c,development_replays/wool_gate_open__order_book__402609242__seat1.json.gz,0,0,0,0.0
wool_gate_open,order_book,402609243,0,True,719,85233.0,85550.0,-317.0,0.0,,0,b6553c296c556aff5b5e2d12b75618e505fa4d852afb5338414ac6d6e039cb02,a16e0e9b40c489972630a0b9d04f30e9c1cab03159fa78676db74277d84d82ab,opening_liquidity_agent,_cxd_agent,6.387,"[0.6652108020000469, 0.11045014199999059]",4b50d45bb3795227ea6b0e390da67674c5b5ea75ad37c5e2ff00898623116638,development_replays/wool_gate_open__order_book__402609243__seat0.json.gz,0,0,0,0.0
wool_gate_open,order_book,402609243,1,True,719,85233.0,85550.0,-317.0,0.0,,0,b6553c296c556aff5b5e2d12b75618e505fa4d852afb5338414ac6d6e039cb02,a16e0e9b40c489972630a0b9d04f30e9c1cab03159fa78676db74277d84d82ab,opening_liquidity_agent,_cxd_agent,3.343,"[0.0894489260000455, 0.29397032500003206]",cc364c1b1a486dd496dd7bacfe5524b0c1fbf2770bcbbb827789fddf7a41c333,development_replays/wool_gate_open__order_book__402609243__seat1.json.gz,0,0,0,0.0
wool_gate_open,order_book,402609244,0,True,719,72902.0,73129.0,-227.0,0.0,,0,b6553c296c556aff5b5e2d12b75618e505fa4d852afb5338414ac6d6e039cb02,a16e0e9b40c489972630a0b9d04f30e9c1cab03159fa78676db74277d84d82ab,opening_liquidity_agent,_cxd_agent,3.436,"[0.2687103659999366, 0.2761617190000152]",af5a33f80be88ce0fd49cfe50f1ca2cd71a6cd8c626d5105e40b10664f18bdc9,development_replays/wool_gate_open__order_book__402609244__seat0.json.gz,0,0,0,0.0
wool_gate_open,order_book,402609244,1,True,719,72902.0,73129.0,-227.0,0.0,,0,b6553c296c556aff5b5e2d12b75618e505fa4d852afb5338414ac6d6e039cb02,a16e0e9b40c489972630a0b9d04f30e9c1cab03159fa78676db74277d84d82ab,opening_liquidity_agent,_cxd_agent,3.388,"[0.06364214000006996, 0.10208648200000425]",9055908f8985ea75972c921b86650e87d773e9f02594c61e10111a1949ff4aec,development_replays/wool_gate_open__order_book__402609244__seat1.json.gz,0,0,0,0.0
wool_gate_open,v57,402609241,0,True,719,117580.0,121467.0,-3887.0,0.0,,0,b6553c296c556aff5b5e2d12b75618e505fa4d852afb5338414ac6d6e039cb02,2ee689fdc58f38b7bf6b80b8d3f48129d19b47201dbee51fdcbd977498a5106f,opening_liquidity_agent,v57_agent,3.308,"[0.3701762130000361, 0.04741690200000903]",7b8efdb4becbd18f6684bddc6126a673ba162e159c0845f366a3d27cc65fec9a,development_replays/wool_gate_open__v57__402609241__seat0.json.gz,0,0,0,0.0
wool_gate_open,v57,402609241,1,True,719,117580.0,121467.0,-3887.0,0.0,,0,b6553c296c556aff5b5e2d12b75618e505fa4d852afb5338414ac6d6e039cb02,2ee689fdc58f38b7bf6b80b8d3f48129d19b47201dbee51fdcbd977498a5106f,opening_liquidity_agent,v57_agent,3.122,"[0.039767391999930624, 0.07493523699997695]",11fd9cee4b178a6013964164635bcf0ee6509ee37898d4b40cb846b47a50bc1c,development_replays/wool_gate_open__v57__402609241__seat1.json.gz,0,0,0,0.0
wool_gate_open,v57,402609242,0,True,719,105559.0,104974.0,585.0,1.0,,0,b6553c296c556aff5b5e2d12b75618e505fa4d852afb5338414ac6d6e039cb02,2ee689fdc58f38b7bf6b80b8d3f48129d19b47201dbee51fdcbd977498a5106f,opening_liquidity_agent,v57_agent,4.433,"[0.4082596890000332, 0.13429856900006598]",35d5c80ad93f8fcf47eb088c1c0443b2524019c092165e226d13e57789783caf,development_replays/wool_gate_open__v57__402609242__seat0.json.gz,0,0,0,0.0
wool_gate_open,v57,402609242,1,True,719,105559.0,104974.0,585.0,1.0,,0,b6553c296c556aff5b5e2d12b75618e505fa4d852afb5338414ac6d6e039cb02,2ee689fdc58f38b7bf6b80b8d3f48129d19b47201dbee51fdcbd977498a5106f,opening_liquidity_agent,v57_agent,4.399,"[0.09270485399997597, 0.3226664009999922]",7c08d6bcaa727054c3662fe18e64eb2cc1dc51de89d02f2222ba7143fee98e7f,development_replays/wool_gate_open__v57__402609242__seat1.json.gz,0,0,0,0.0
wool_gate_open,v57,402609243,0,True,719,85267.0,85393.0,-126.0,0.0,,0,b6553c296c556aff5b5e2d12b75618e505fa4d852afb5338414ac6d6e039cb02,2ee689fdc58f38b7bf6b80b8d3f48129d19b47201dbee51fdcbd977498a5106f,opening_liquidity_agent,v57_agent,7.505,"[0.17415107700003318, 0.20022056300001623]",e17d78f5ce1e82cd36a47593b815209c57612cd8080d92219ac23afc471eca8d,development_replays/wool_gate_open__v57__402609243__seat0.json.gz,0,0,0,0.0
wool_gate_open,v57,402609243,1,True,719,85267.0,85393.0,-126.0,0.0,,0,b6553c296c556aff5b5e2d12b75618e505fa4d852afb5338414ac6d6e039cb02,2ee689fdc58f38b7bf6b80b8d3f48129d19b47201dbee51fdcbd977498a5106f,opening_liquidity_agent,v57_agent,3.362,"[0.10387695099996108, 0.0672622260000253]",1741a2feb2e45889493e6c0089fc896ccba87e458fef5ddefcb5b3483fd0c01f,development_replays/wool_gate_open__v57__402609243__seat1.json.gz,0,0,0,0.0
wool_gate_open,v57,402609244,0,True,719,73202.0,72722.0,480.0,1.0,,0,b6553c296c556aff5b5e2d12b75618e505fa4d852afb5338414ac6d6e039cb02,2ee689fdc58f38b7bf6b80b8d3f48129d19b47201dbee51fdcbd977498a5106f,opening_liquidity_agent,v57_agent,3.591,"[0.2245045909999135, 0.2868163960000629]",ac92b468897e62b70b887e30425eeae86a306f7327b1a66e39cc6e45bcb00370,development_replays/wool_gate_open__v57__402609244__seat0.json.gz,0,0,0,0.0
wool_gate_open,v57,402609244,1,True,719,73202.0,72722.0,480.0,1.0,,0,b6553c296c556aff5b5e2d12b75618e505fa4d852afb5338414ac6d6e039cb02,2ee689fdc58f38b7bf6b80b8d3f48129d19b47201dbee51fdcbd977498a5106f,opening_liquidity_agent,v57_agent,3.737,"[0.026373304000003372, 0.29714072199999464]",22c30cdd07f97179820196cd569e014ae588ca151eaf56ea3819efe3a4b2ab20,development_replays/wool_gate_open__v57__402609244__seat1.json.gz,0,0,0,0.0
final_response,B1,402609241,0,True,719,114627.0,114627.0,0.0,0.5,,0,b6553c296c556aff5b5e2d12b75618e505fa4d852afb5338414ac6d6e039cb02,b6553c296c556aff5b5e2d12b75618e505fa4d852afb5338414ac6d6e039cb02,opening_liquidity_agent,opening_liquidity_agent,3.774,"[0.36927514300009534, 0.04822358299998086]",fdff8debed2e6fd7088341a9544a9f1d02d5e09b133f34cd5223361e2e0d7d69,development_replays/final_response__B1__402609241__seat0.json.gz,6,0,10,0.0
final_response,B1,402609241,1,True,719,114627.0,114627.0,0.0,0.5,,0,b6553c296c556aff5b5e2d12b75618e505fa4d852afb5338414ac6d6e039cb02,b6553c296c556aff5b5e2d12b75618e505fa4d852afb5338414ac6d6e039cb02,opening_liquidity_agent,opening_liquidity_agent,3.547,"[0.07633046399996601, 0.06366748200002803]",5445ca9c3960a6aa50d807bfff79e1c9451c2f9b00efcd3b3e5b8d51a6f209f8,development_replays/final_response__B1__402609241__seat1.json.gz,6,0,10,0.0
final_response,B1,402609242,0,True,719,105619.0,105619.0,0.0,0.5,,0,b6553c296c556aff5b5e2d12b75618e505fa4d852afb5338414ac6d6e039cb02,b6553c296c556aff5b5e2d12b75618e505fa4d852afb5338414ac6d6e039cb02,opening_liquidity_agent,opening_liquidity_agent,4.329,"[0.3482392939999954, 0.07361454599993067]",01837685f3c9f6236d5eee02c12bbff68ae4032ef8546cdccb5f38c5d1026b2b,development_replays/final_response__B1__402609242__seat0.json.gz,18,0,18,0.0
final_response,B1,402609242,1,True,719,105619.0,105619.0,0.0,0.5,,0,b6553c296c556aff5b5e2d12b75618e505fa4d852afb5338414ac6d6e039cb02,b6553c296c556aff5b5e2d12b75618e505fa4d852afb5338414ac6d6e039cb02,opening_liquidity_agent,opening_liquidity_agent,4.484,"[0.05775375799998983, 0.2709044330000552]",84964944298eba414c86f81ffbce91556ffbd751eaf5478e6aaaeef83946a174,development_replays/final_response__B1__402609242__seat1.json.gz,18,0,18,0.0
final_response,B1,402609243,0,True,719,85636.0,85636.0,0.0,0.5,,0,b6553c296c556aff5b5e2d12b75618e505fa4d852afb5338414ac6d6e039cb02,b6553c296c556aff5b5e2d12b75618e505fa4d852afb5338414ac6d6e039cb02,opening_liquidity_agent,opening_liquidity_agent,3.469,"[0.05385732000002008, 0.060933700000077806]",df61dbee8954363800866e308a67929d8b396cefcc7942877ee4f515524db1fb,development_replays/final_response__B1__402609243__seat0.json.gz,8,0,34,0.0
final_response,B1,402609243,1,True,719,85636.0,85636.0,0.0,0.5,,0,b6553c296c556aff5b5e2d12b75618e505fa4d852afb5338414ac6d6e039cb02,b6553c296c556aff5b5e2d12b75618e505fa4d852afb5338414ac6d6e039cb02,opening_liquidity_agent,opening_liquidity_agent,3.788,"[0.04989297000008719, 0.37993769600007]",59af4b8828be40ed97dad96e57dbe0aa37530531a91fa1d45f17137888ee35cd,development_replays/final_response__B1__402609243__seat1.json.gz,8,0,34,0.0
final_response,B1,402609244,0,True,719,74119.0,74119.0,0.0,0.5,,0,b6553c296c556aff5b5e2d12b75618e505fa4d852afb5338414ac6d6e039cb02,b6553c296c556aff5b5e2d12b75618e505fa4d852afb5338414ac6d6e039cb02,opening_liquidity_agent,opening_liquidity_agent,8.649,"[0.8497857639999893, 0.22629584999992858]",ecacc63bba191834c6e58f05cbbdccc984b66a74edb310acaf4186c55adea8aa,development_replays/final_response__B1__402609244__seat0.json.gz,13,0,13,0.0
final_response,B1,402609244,1,True,719,74119.0,74119.0,0.0,0.5,,0,b6553c296c556aff5b5e2d12b75618e505fa4d852afb5338414ac6d6e039cb02,b6553c296c556aff5b5e2d12b75618e505fa4d852afb5338414ac6d6e039cb02,opening_liquidity_agent,opening_liquidity_agent,3.865,"[0.3729098860000022, 0.2786306479999894]",8921dbc40947636517950e927dc68348b69731c564dfe8506f427c02a6f7c32e,development_replays/final_response__B1__402609244__seat1.json.gz,13,0,13,0.0
final_response,metav4,402609241,0,True,719,117926.0,121614.0,-3688.0,0.0,,0,b6553c296c556aff5b5e2d12b75618e505fa4d852afb5338414ac6d6e039cb02,9d63494603f88219857a3101d7dc19cc750ded04e5886732ee428580326967d9,opening_liquidity_agent,agent,3.145,"[0.2930527800000391, 0.06536605700000564]",48b70d73be13eeffb214acbbd8469d513ff3a5e4223e44e9d43aad4c1a22fd57,development_replays/final_response__metav4__402609241__seat0.json.gz,6,0,10,0.0
final_response,metav4,402609241,1,True,719,117926.0,121614.0,-3688.0,0.0,,0,b6553c296c556aff5b5e2d12b75618e505fa4d852afb5338414ac6d6e039cb02,9d63494603f88219857a3101d7dc19cc750ded04e5886732ee428580326967d9,opening_liquidity_agent,agent,2.917,"[0.07545317199992496, 0.27255801000001156]",1cdd0db0426a24ba2dea7622a84f579edb3b57eb04e69dd082b05fec8a31768d,development_replays/final_response__metav4__402609241__seat1.json.gz,6,0,10,0.0
final_response,metav4,402609242,0,True,719,106057.0,104916.0,1141.0,1.0,,0,b6553c296c556aff5b5e2d12b75618e505fa4d852afb5338414ac6d6e039cb02,9d63494603f88219857a3101d7dc19cc750ded04e5886732ee428580326967d9,opening_liquidity_agent,agent,3.815,"[0.05541844399999718, 0.0646647529999882]",b5344c1ae90586187a69b7ea819f8334113987a245e307c62fc04d8c476a5510,development_replays/final_response__metav4__402609242__seat0.json.gz,14,0,14,0.0
final_response,metav4,402609242,1,True,719,106057.0,104916.0,1141.0,1.0,,0,b6553c296c556aff5b5e2d12b75618e505fa4d852afb5338414ac6d6e039cb02,9d63494603f88219857a3101d7dc19cc750ded04e5886732ee428580326967d9,opening_liquidity_agent,agent,8.302,"[0.17660376799994992, 0.6527908750000506]",cc50b8312b2bae76a8576774b09a614612a4a1838f00e5bf17cc00d326da379e,development_replays/final_response__metav4__402609242__seat1.json.gz,14,0,14,0.0
final_response,metav4,402609243,0,True,719,85898.0,85285.0,613.0,1.0,,0,b6553c296c556aff5b5e2d12b75618e505fa4d852afb5338414ac6d6e039cb02,9d63494603f88219857a3101d7dc19cc750ded04e5886732ee428580326967d9,opening_liquidity_agent,agent,6.99,"[0.7337408289999985, 0.14398209600005885]",da26fa9e05d4ff48eed9274792bc4a67e894cd1a9722c723d925e7ae6bca9775,development_replays/final_response__metav4__402609243__seat0.json.gz,8,0,34,0.0
final_response,metav4,402609243,1,True,719,85898.0,85285.0,613.0,1.0,,0,b6553c296c556aff5b5e2d12b75618e505fa4d852afb5338414ac6d6e039cb02,9d63494603f88219857a3101d7dc19cc750ded04e5886732ee428580326967d9,opening_liquidity_agent,agent,3.4,"[0.27177510599995003, 0.26637990399990485]",587d94644cf057458ff6de252e8aa664715001c34309a49db58ef10abce7c50e,development_replays/final_response__metav4__402609243__seat1.json.gz,8,0,34,0.0
final_response,metav4,402609244,0,True,719,74477.0,72625.0,1852.0,1.0,,0,b6553c296c556aff5b5e2d12b75618e505fa4d852afb5338414ac6d6e039cb02,9d63494603f88219857a3101d7dc19cc750ded04e5886732ee428580326967d9,opening_liquidity_agent,agent,3.014,"[0.2976622019999695, 0.07026053900005991]",31b85fae6b0883a5018e59f38975f3119b4a1c421b4191225af49cc3543b5fa3,development_replays/final_response__metav4__402609244__seat0.json.gz,12,0,12,0.0
final_response,metav4,402609244,1,True,719,74477.0,72625.0,1852.0,1.0,,0,b6553c296c556aff5b5e2d12b75618e505fa4d852afb5338414ac6d6e039cb02,9d63494603f88219857a3101d7dc19cc750ded04e5886732ee428580326967d9,opening_liquidity_agent,agent,3.563,"[0.10630710199995974, 0.23663939199991546]",de8150ea5251a5b93b7a261a1bc27160a0f07e36b890d58980e91d947c741169,development_replays/final_response__metav4__402609244__seat1.json.gz,12,0,12,0.0
final_response,order_book,402609241,0,True,719,114633.0,114458.0,175.0,1.0,,0,b6553c296c556aff5b5e2d12b75618e505fa4d852afb5338414ac6d6e039cb02,a16e0e9b40c489972630a0b9d04f30e9c1cab03159fa78676db74277d84d82ab,opening_liquidity_agent,_cxd_agent,3.802,"[0.28972072800002024, 0.056149671999946804]",cfc2bea3894f2d8eabac1a4ac41b7fdf8ae8f0a752a56fce931a2bc53be8ec2a,development_replays/final_response__order_book__402609241__seat0.json.gz,6,0,10,0.0
final_response,order_book,402609241,1,True,719,114633.0,114458.0,175.0,1.0,,0,b6553c296c556aff5b5e2d12b75618e505fa4d852afb5338414ac6d6e039cb02,a16e0e9b40c489972630a0b9d04f30e9c1cab03159fa78676db74277d84d82ab,opening_liquidity_agent,_cxd_agent,8.435,"[0.5834015560000125, 0.7495264960000441]",7b3f13c09b1909a9fa359da26db575c47c8882fa49015528e256523912889d48,development_replays/final_response__order_book__402609241__seat1.json.gz,6,0,10,0.0
final_response,order_book,402609242,0,True,719,105729.0,105187.0,542.0,1.0,,0,b6553c296c556aff5b5e2d12b75618e505fa4d852afb5338414ac6d6e039cb02,a16e0e9b40c489972630a0b9d04f30e9c1cab03159fa78676db74277d84d82ab,opening_liquidity_agent,_cxd_agent,8.027,"[0.682853800000089, 0.12492032599993763]",e627a6ee71574f1bfe4708d9a15da8ccac48f2051c9b034974187f0c7a234856,development_replays/final_response__order_book__402609242__seat0.json.gz,18,0,18,0.0
final_response,order_book,402609242,1,True,719,105729.0,105187.0,542.0,1.0,,0,b6553c296c556aff5b5e2d12b75618e505fa4d852afb5338414ac6d6e039cb02,a16e0e9b40c489972630a0b9d04f30e9c1cab03159fa78676db74277d84d82ab,opening_liquidity_agent,_cxd_agent,4.194,"[0.04575093799996921, 0.3109660459999759]",88daeba19b4de8fe6c8e267f75f5ff17686fc47c4b695f6bfc22482a47c3aaed,development_replays/final_response__order_book__402609242__seat1.json.gz,18,0,18,0.0
final_response,order_book,402609243,0,True,719,85640.0,85630.0,10.0,1.0,,0,b6553c296c556aff5b5e2d12b75618e505fa4d852afb5338414ac6d6e039cb02,a16e0e9b40c489972630a0b9d04f30e9c1cab03159fa78676db74277d84d82ab,opening_liquidity_agent,_cxd_agent,3.457,"[0.37078848900000594, 0.0751754149999897]",08450a911964f4b6077b9c8fee00d08db3adb749ac91c8b76fd5ece6466a032a,development_replays/final_response__order_book__402609243__seat0.json.gz,8,0,34,0.0
final_response,order_book,402609243,1,True,719,85640.0,85630.0,10.0,1.0,,0,b6553c296c556aff5b5e2d12b75618e505fa4d852afb5338414ac6d6e039cb02,a16e0e9b40c489972630a0b9d04f30e9c1cab03159fa78676db74277d84d82ab,opening_liquidity_agent,_cxd_agent,3.416,"[0.06886235599995416, 0.3614462980000326]",5f4126697dc1d3e30759b05560bcac5966e18ef99a1ea23cb0d5893cbfa0a844,development_replays/final_response__order_book__402609243__seat1.json.gz,8,0,34,0.0
final_response,order_book,402609244,0,True,719,74123.0,73955.0,168.0,1.0,,0,b6553c296c556aff5b5e2d12b75618e505fa4d852afb5338414ac6d6e039cb02,a16e0e9b40c489972630a0b9d04f30e9c1cab03159fa78676db74277d84d82ab,opening_liquidity_agent,_cxd_agent,3.498,"[0.08259763299997758, 0.062023889999977655]",b659112bc06bbdaaa7a4df7219f4a54f4c21c5aaae05bcdf4ad552a6c5dde615,development_replays/final_response__order_book__402609244__seat0.json.gz,13,0,13,0.0
final_response,order_book,402609244,1,True,719,74123.0,73955.0,168.0,1.0,,0,b6553c296c556aff5b5e2d12b75618e505fa4d852afb5338414ac6d6e039cb02,a16e0e9b40c489972630a0b9d04f30e9c1cab03159fa78676db74277d84d82ab,opening_liquidity_agent,_cxd_agent,3.181,"[0.0681161060000477, 0.0741224759999568]",f3ba7f4c76d036d90385e742866d58ad9eb391eeee2d986a39c0edb716caa0c3,development_replays/final_response__order_book__402609244__seat1.json.gz,13,0,13,0.0
final_response,v57,402609241,0,True,719,117912.0,121848.0,-3936.0,0.0,,0,b6553c296c556aff5b5e2d12b75618e505fa4d852afb5338414ac6d6e039cb02,2ee689fdc58f38b7bf6b80b8d3f48129d19b47201dbee51fdcbd977498a5106f,opening_liquidity_agent,v57_agent,6.95,"[0.12944970900002772, 0.19285227299997132]",44a1b4192973445b91f3d22bb146720bd7ac583686d84d225a5d89f4be88a62f,development_replays/final_response__v57__402609241__seat0.json.gz,6,0,10,0.0
final_response,v57,402609241,1,True,719,117912.0,121848.0,-3936.0,0.0,,0,b6553c296c556aff5b5e2d12b75618e505fa4d852afb5338414ac6d6e039cb02,2ee689fdc58f38b7bf6b80b8d3f48129d19b47201dbee51fdcbd977498a5106f,opening_liquidity_agent,v57_agent,3.791,"[0.2258309349999763, 0.06371578599998884]",6499cb93683ea6dda3ee3588a86580562a7ff4bd6881fb8528ec3b717b3a72a6,development_replays/final_response__v57__402609241__seat1.json.gz,6,0,10,0.0
final_response,v57,402609242,0,True,719,105937.0,105425.0,512.0,1.0,,0,b6553c296c556aff5b5e2d12b75618e505fa4d852afb5338414ac6d6e039cb02,2ee689fdc58f38b7bf6b80b8d3f48129d19b47201dbee51fdcbd977498a5106f,opening_liquidity_agent,v57_agent,4.252,"[0.3892876830000205, 0.10393979899993155]",9a336355ae3450d9da22b1abddb2066e919ab6f303e6f9c5f03cbd9fd6884db8,development_replays/final_response__v57__402609242__seat0.json.gz,14,0,14,0.0
final_response,v57,402609242,1,True,719,105937.0,105425.0,512.0,1.0,,0,b6553c296c556aff5b5e2d12b75618e505fa4d852afb5338414ac6d6e039cb02,2ee689fdc58f38b7bf6b80b8d3f48129d19b47201dbee51fdcbd977498a5106f,opening_liquidity_agent,v57_agent,4.388,"[0.10425528400003259, 0.5127695480000511]",58182a8a78c9f848e49c141f5947907cf0367dd6373d3ee309df4d75c9dd8222,development_replays/final_response__v57__402609242__seat1.json.gz,14,0,14,0.0
final_response,v57,402609243,0,True,719,85674.0,85581.0,93.0,1.0,,0,b6553c296c556aff5b5e2d12b75618e505fa4d852afb5338414ac6d6e039cb02,2ee689fdc58f38b7bf6b80b8d3f48129d19b47201dbee51fdcbd977498a5106f,opening_liquidity_agent,v57_agent,3.255,"[0.3668128220000426, 0.06727560899992113]",aca4d2c4a8eafbb169d10dda6731352ae3b2e889d3096c16f83ed2103225b84e,development_replays/final_response__v57__402609243__seat0.json.gz,8,0,34,0.0
final_response,v57,402609243,1,True,719,85674.0,85581.0,93.0,1.0,,0,b6553c296c556aff5b5e2d12b75618e505fa4d852afb5338414ac6d6e039cb02,2ee689fdc58f38b7bf6b80b8d3f48129d19b47201dbee51fdcbd977498a5106f,opening_liquidity_agent,v57_agent,3.199,"[0.08920997400002761, 0.29441159999998945]",760d290afd5b3a0b43132d23ef91940042e8eb5fb6c35b15bfa032b560609e82,development_replays/final_response__v57__402609243__seat1.json.gz,8,0,34,0.0
final_response,v57,402609244,0,True,719,74444.0,72907.0,1537.0,1.0,,0,b6553c296c556aff5b5e2d12b75618e505fa4d852afb5338414ac6d6e039cb02,2ee689fdc58f38b7bf6b80b8d3f48129d19b47201dbee51fdcbd977498a5106f,opening_liquidity_agent,v57_agent,3.657,"[0.07174954000004163, 0.0626530270000103]",3eae806ef4a5757ca8117cecc5d26f21117aac4c261d47b5ed9a4846cbd1509b,development_replays/final_response__v57__402609244__seat0.json.gz,13,0,13,0.0
final_response,v57,402609244,1,True,719,74444.0,72907.0,1537.0,1.0,,0,b6553c296c556aff5b5e2d12b75618e505fa4d852afb5338414ac6d6e039cb02,2ee689fdc58f38b7bf6b80b8d3f48129d19b47201dbee51fdcbd977498a5106f,opening_liquidity_agent,v57_agent,4.893,"[0.04678154900000209, 0.06348093000008248]",8beec98d9e85c6c3b3157c46fd41903c1175f7125397ce8ca398bf9675f372d3,development_replays/final_response__v57__402609244__seat1.json.gz,13,0,13,0.0
combined,B1,402609241,0,True,719,114266.0,114221.0,45.0,1.0,,0,b6553c296c556aff5b5e2d12b75618e505fa4d852afb5338414ac6d6e039cb02,b6553c296c556aff5b5e2d12b75618e505fa4d852afb5338414ac6d6e039cb02,opening_liquidity_agent,opening_liquidity_agent,3.91,"[0.28643020099991645, 0.06847500499998205]",08fe7eebd6b9bcd60b808faba5921f1b8d78ba74ff6154b42a865e38a131d4c3,development_replays/combined__B1__402609241__seat0.json.gz,6,0,10,0.0
combined,B1,402609241,1,True,719,114266.0,114221.0,45.0,1.0,,0,b6553c296c556aff5b5e2d12b75618e505fa4d852afb5338414ac6d6e039cb02,b6553c296c556aff5b5e2d12b75618e505fa4d852afb5338414ac6d6e039cb02,opening_liquidity_agent,opening_liquidity_agent,3.596,"[0.08611489699990216, 0.3956680690000667]",de34fc83a5b7ce3c55845891f76f4ff7d148e46c1a7460898ffd90b79e041d6f,development_replays/combined__B1__402609241__seat1.json.gz,6,0,10,0.0
combined,B1,402609242,0,True,719,105772.0,105686.0,86.0,1.0,,0,b6553c296c556aff5b5e2d12b75618e505fa4d852afb5338414ac6d6e039cb02,b6553c296c556aff5b5e2d12b75618e505fa4d852afb5338414ac6d6e039cb02,opening_liquidity_agent,opening_liquidity_agent,3.72,"[0.24598977699997704, 0.06739119700000629]",ed005171851a4202f4c1bac67742a57678c02a7b129d12ccc611f3424dd6a751,development_replays/combined__B1__402609242__seat0.json.gz,16,0,16,0.0
combined,B1,402609242,1,True,719,105772.0,105686.0,86.0,1.0,,0,b6553c296c556aff5b5e2d12b75618e505fa4d852afb5338414ac6d6e039cb02,b6553c296c556aff5b5e2d12b75618e505fa4d852afb5338414ac6d6e039cb02,opening_liquidity_agent,opening_liquidity_agent,3.917,"[0.06864566700005525, 0.30164245100002063]",13f78b36238e59e9587b460a94d6773ecf7d69b9d3a410403ad005e1a9f9be55,development_replays/combined__B1__402609242__seat1.json.gz,16,0,16,0.0
combined,B1,402609243,0,True,719,85229.0,85556.0,-327.0,0.0,,0,b6553c296c556aff5b5e2d12b75618e505fa4d852afb5338414ac6d6e039cb02,b6553c296c556aff5b5e2d12b75618e505fa4d852afb5338414ac6d6e039cb02,opening_liquidity_agent,opening_liquidity_agent,3.064,"[0.3091725059999817, 0.06103017299994917]",1c9e5960bd0c1e02ad69f9e7a24f2f10332e3479a04445eaaeb852311d92ca58,development_replays/combined__B1__402609243__seat0.json.gz,7,0,33,0.0
combined,B1,402609243,1,True,719,85229.0,85556.0,-327.0,0.0,,0,b6553c296c556aff5b5e2d12b75618e505fa4d852afb5338414ac6d6e039cb02,b6553c296c556aff5b5e2d12b75618e505fa4d852afb5338414ac6d6e039cb02,opening_liquidity_agent,opening_liquidity_agent,3.4,"[0.05777281899997888, 0.3398918800000956]",d6b5e075fdfb2ab4bdda34757a168bb22a5198810b3fff1dec4f536e38af1581,development_replays/combined__B1__402609243__seat1.json.gz,7,0,33,0.0
combined,B1,402609244,0,True,719,72898.0,73293.0,-395.0,0.0,,0,b6553c296c556aff5b5e2d12b75618e505fa4d852afb5338414ac6d6e039cb02,b6553c296c556aff5b5e2d12b75618e505fa4d852afb5338414ac6d6e039cb02,opening_liquidity_agent,opening_liquidity_agent,8.264,"[0.14228434699998616, 0.10981370100000731]",ecf35ac0b5bd426e89a171fa41772005a39bf2a7ab85e17b1f92a61345bbdde1,development_replays/combined__B1__402609244__seat0.json.gz,12,0,12,0.0
combined,B1,402609244,1,True,719,72898.0,73293.0,-395.0,0.0,,0,b6553c296c556aff5b5e2d12b75618e505fa4d852afb5338414ac6d6e039cb02,b6553c296c556aff5b5e2d12b75618e505fa4d852afb5338414ac6d6e039cb02,opening_liquidity_agent,opening_liquidity_agent,3.725,"[0.2850055300000349, 0.050011963000088144]",b99b69980a7094df792fdeaf5db429c554a72ca4225c51fc26f2c5ec4e93fbee,development_replays/combined__B1__402609244__seat1.json.gz,12,0,12,0.0
combined,metav4,402609241,0,True,719,117602.0,121236.0,-3634.0,0.0,,0,b6553c296c556aff5b5e2d12b75618e505fa4d852afb5338414ac6d6e039cb02,9d63494603f88219857a3101d7dc19cc750ded04e5886732ee428580326967d9,opening_liquidity_agent,agent,3.221,"[0.05799155900001551, 0.07406698499994491]",fbf1756d69c4b49f856c1fd5c7bb6a7daa69def0aa852dfebf7d09992f04c0e3,development_replays/combined__metav4__402609241__seat0.json.gz,6,0,10,0.0
combined,metav4,402609241,1,True,719,117602.0,121236.0,-3634.0,0.0,,0,b6553c296c556aff5b5e2d12b75618e505fa4d852afb5338414ac6d6e039cb02,9d63494603f88219857a3101d7dc19cc750ded04e5886732ee428580326967d9,opening_liquidity_agent,agent,3.326,"[0.062217823999958455, 0.05435953899996093]",6ab62798c1cc79ebec9a5ccc38b0dccee8bca9c01d36e051782ab2b910241b36,development_replays/combined__metav4__402609241__seat1.json.gz,6,0,10,0.0
combined,metav4,402609242,0,True,719,105688.0,104457.0,1231.0,1.0,,0,b6553c296c556aff5b5e2d12b75618e505fa4d852afb5338414ac6d6e039cb02,9d63494603f88219857a3101d7dc19cc750ded04e5886732ee428580326967d9,opening_liquidity_agent,agent,4.422,"[0.2544676759999902, 0.3360420620000468]",9103a4b8cd1080421fcc11e0b0636643b76203a1726304496a0a48068a225daa,development_replays/combined__metav4__402609242__seat0.json.gz,13,0,13,0.0
combined,metav4,402609242,1,True,719,105688.0,104457.0,1231.0,1.0,,0,b6553c296c556aff5b5e2d12b75618e505fa4d852afb5338414ac6d6e039cb02,9d63494603f88219857a3101d7dc19cc750ded04e5886732ee428580326967d9,opening_liquidity_agent,agent,4.497,"[0.08734518500000377, 0.46272637000004124]",ba1f01366e537b5133807e4184273aa44370f6a8c09d1826765811bd70321413,development_replays/combined__metav4__402609242__seat1.json.gz,13,0,13,0.0
combined,metav4,402609243,0,True,719,85491.0,85100.0,391.0,1.0,,0,b6553c296c556aff5b5e2d12b75618e505fa4d852afb5338414ac6d6e039cb02,9d63494603f88219857a3101d7dc19cc750ded04e5886732ee428580326967d9,opening_liquidity_agent,agent,3.31,"[0.3190279670000109, 0.0859171529999685]",386994b73ab8fd437a731d3839869540a2d3f53159c6468da184bd2d270973e1,development_replays/combined__metav4__402609243__seat0.json.gz,7,0,33,0.0
combined,metav4,402609243,1,True,719,85491.0,85100.0,391.0,1.0,,0,b6553c296c556aff5b5e2d12b75618e505fa4d852afb5338414ac6d6e039cb02,9d63494603f88219857a3101d7dc19cc750ded04e5886732ee428580326967d9,opening_liquidity_agent,agent,3.258,"[0.04389826399994945, 0.3994162879999976]",bd34a4cecc657e5da1014291448b47ec82cf9ff275b855a048177707379c3f9b,development_replays/combined__metav4__402609243__seat1.json.gz,7,0,33,0.0
combined,metav4,402609244,0,True,719,73261.0,72411.0,850.0,1.0,,0,b6553c296c556aff5b5e2d12b75618e505fa4d852afb5338414ac6d6e039cb02,9d63494603f88219857a3101d7dc19cc750ded04e5886732ee428580326967d9,opening_liquidity_agent,agent,4.075,"[0.41475108200006616, 0.21679856800005837]",97a6d70dfbec1ccb5e6c3f8dec8f4a71d204c6e7f79a76503053149b59a7c6d4,development_replays/combined__metav4__402609244__seat0.json.gz,12,0,12,0.0
combined,metav4,402609244,1,True,719,73261.0,72411.0,850.0,1.0,,0,b6553c296c556aff5b5e2d12b75618e505fa4d852afb5338414ac6d6e039cb02,9d63494603f88219857a3101d7dc19cc750ded04e5886732ee428580326967d9,opening_liquidity_agent,agent,3.454,"[0.10738050399993426, 0.07691631500006224]",82d3134ed97e8b86fc4ea7c332138b4fd599f4f547c8beffcd868dee01df1fbe,development_replays/combined__metav4__402609244__seat1.json.gz,12,0,12,0.0
combined,order_book,402609241,0,True,719,114273.0,113850.0,423.0,1.0,,0,b6553c296c556aff5b5e2d12b75618e505fa4d852afb5338414ac6d6e039cb02,a16e0e9b40c489972630a0b9d04f30e9c1cab03159fa78676db74277d84d82ab,opening_liquidity_agent,_cxd_agent,3.479,"[0.3438422949999449, 0.04553319299998293]",c10383d8965b88e459929e5219b5c72ee6cb94a8652bef4c9799db410a3ed5e2,development_replays/combined__order_book__402609241__seat0.json.gz,6,0,10,0.0
combined,order_book,402609241,1,True,719,114273.0,113850.0,423.0,1.0,,0,b6553c296c556aff5b5e2d12b75618e505fa4d852afb5338414ac6d6e039cb02,a16e0e9b40c489972630a0b9d04f30e9c1cab03159fa78676db74277d84d82ab,opening_liquidity_agent,_cxd_agent,3.697,"[0.25456184300003315, 0.2925442440000552]",18567faf638ffc47d3643f19d78431b709291b9276a85bf0f763fb42fbf15165,development_replays/combined__order_book__402609241__seat1.json.gz,6,0,10,0.0
combined,order_book,402609242,0,True,719,105885.0,105252.0,633.0,1.0,,0,b6553c296c556aff5b5e2d12b75618e505fa4d852afb5338414ac6d6e039cb02,a16e0e9b40c489972630a0b9d04f30e9c1cab03159fa78676db74277d84d82ab,opening_liquidity_agent,_cxd_agent,9.355,"[0.7637388639999472, 0.15825247999998737]",a78e5a63b8745259357e07882888f1924b3e0d15595a0d9896f6f06fe28dec8e,development_replays/combined__order_book__402609242__seat0.json.gz,16,0,16,0.0
combined,order_book,402609242,1,True,719,105885.0,105252.0,633.0,1.0,,0,b6553c296c556aff5b5e2d12b75618e505fa4d852afb5338414ac6d6e039cb02,a16e0e9b40c489972630a0b9d04f30e9c1cab03159fa78676db74277d84d82ab,opening_liquidity_agent,_cxd_agent,9.345,"[0.16666184500002146, 0.806073635999951]",832067eb67b681ddd88fa19df3983298a62295128a3b39a967b35bbecf1de7a4,development_replays/combined__order_book__402609242__seat1.json.gz,16,0,16,0.0
combined,order_book,402609243,0,True,719,85233.0,85550.0,-317.0,0.0,,0,b6553c296c556aff5b5e2d12b75618e505fa4d852afb5338414ac6d6e039cb02,a16e0e9b40c489972630a0b9d04f30e9c1cab03159fa78676db74277d84d82ab,opening_liquidity_agent,_cxd_agent,3.397,"[0.2199257579999312, 0.2545353640000485]",166c45e659e4f80f56323a647c6c572b94a450ca67d0eeeb82a06a52830488a8,development_replays/combined__order_book__402609243__seat0.json.gz,7,0,33,0.0
combined,order_book,402609243,1,True,719,85233.0,85550.0,-317.0,0.0,,0,b6553c296c556aff5b5e2d12b75618e505fa4d852afb5338414ac6d6e039cb02,a16e0e9b40c489972630a0b9d04f30e9c1cab03159fa78676db74277d84d82ab,opening_liquidity_agent,_cxd_agent,3.293,"[0.05067942000005132, 0.23975146400005087]",6dc2fa5f5badf398659e3a8321331052a51a15794e5b4dde3730b1e44dca6997,development_replays/combined__order_book__402609243__seat1.json.gz,7,0,33,0.0
combined,order_book,402609244,0,True,719,72902.0,73129.0,-227.0,0.0,,0,b6553c296c556aff5b5e2d12b75618e505fa4d852afb5338414ac6d6e039cb02,a16e0e9b40c489972630a0b9d04f30e9c1cab03159fa78676db74277d84d82ab,opening_liquidity_agent,_cxd_agent,3.699,"[0.4093405009999742, 0.0625637729999653]",192bbd7d3d6d1d9b743542633139504ee8ea2e433282664bd039dde0eb2ebc0f,development_replays/combined__order_book__402609244__seat0.json.gz,12,0,12,0.0
combined,order_book,402609244,1,True,719,72902.0,73129.0,-227.0,0.0,,0,b6553c296c556aff5b5e2d12b75618e505fa4d852afb5338414ac6d6e039cb02,a16e0e9b40c489972630a0b9d04f30e9c1cab03159fa78676db74277d84d82ab,opening_liquidity_agent,_cxd_agent,3.672,"[0.09617921799997475, 0.09024206900005538]",e9001b899127dbb1f93a2b3d352d3cf4e7bfabf348d5aabe22d063e9029c78aa,development_replays/combined__order_book__402609244__seat1.json.gz,12,0,12,0.0
combined,v57,402609241,0,True,719,117580.0,121467.0,-3887.0,0.0,,0,b6553c296c556aff5b5e2d12b75618e505fa4d852afb5338414ac6d6e039cb02,2ee689fdc58f38b7bf6b80b8d3f48129d19b47201dbee51fdcbd977498a5106f,opening_liquidity_agent,v57_agent,8.175,"[0.1848615039999686, 0.7176159780000262]",d3f725dc677a1b243f1d6c88438c40ba4ab2aa16a053886c51e777a6494a2896,development_replays/combined__v57__402609241__seat0.json.gz,6,0,10,0.0
combined,v57,402609241,1,True,719,117580.0,121467.0,-3887.0,0.0,,0,b6553c296c556aff5b5e2d12b75618e505fa4d852afb5338414ac6d6e039cb02,2ee689fdc58f38b7bf6b80b8d3f48129d19b47201dbee51fdcbd977498a5106f,opening_liquidity_agent,v57_agent,3.098,"[0.02808994999998049, 0.0531806259999712]",ebc3494c589d0195e78b7dd1dfc8d72969630592940828d67f78feb457c4c684,development_replays/combined__v57__402609241__seat1.json.gz,6,0,10,0.0
combined,v57,402609242,0,True,719,105559.0,104974.0,585.0,1.0,,0,b6553c296c556aff5b5e2d12b75618e505fa4d852afb5338414ac6d6e039cb02,2ee689fdc58f38b7bf6b80b8d3f48129d19b47201dbee51fdcbd977498a5106f,opening_liquidity_agent,v57_agent,4.168,"[0.43992596299995057, 0.056838410999944244]",b71984eea9f1665e2070894ab83faf53f7df4e31bd61c847764e92da7aebd87f,development_replays/combined__v57__402609242__seat0.json.gz,13,0,13,0.0
combined,v57,402609242,1,True,719,105559.0,104974.0,585.0,1.0,,0,b6553c296c556aff5b5e2d12b75618e505fa4d852afb5338414ac6d6e039cb02,2ee689fdc58f38b7bf6b80b8d3f48129d19b47201dbee51fdcbd977498a5106f,opening_liquidity_agent,v57_agent,3.633,"[0.1336378070000137, 0.2532836690000977]",66b7465bbbeef573115359749ef32bffc9db2b7d246dd8cf269e994c6282bb0d,development_replays/combined__v57__402609242__seat1.json.gz,13,0,13,0.0
combined,v57,402609243,0,True,719,85267.0,85393.0,-126.0,0.0,,0,b6553c296c556aff5b5e2d12b75618e505fa4d852afb5338414ac6d6e039cb02,2ee689fdc58f38b7bf6b80b8d3f48129d19b47201dbee51fdcbd977498a5106f,opening_liquidity_agent,v57_agent,3.289,"[0.32889542399993843, 0.1131322229999796]",5816ded4fe17d133e0627d12b282cf0886b6610688ce12b77c519ab4628440fd,development_replays/combined__v57__402609243__seat0.json.gz,7,0,33,0.0
combined,v57,402609243,1,True,719,85267.0,85393.0,-126.0,0.0,,0,b6553c296c556aff5b5e2d12b75618e505fa4d852afb5338414ac6d6e039cb02,2ee689fdc58f38b7bf6b80b8d3f48129d19b47201dbee51fdcbd977498a5106f,opening_liquidity_agent,v57_agent,3.432,"[0.0731867350000357, 0.33603123399996093]",c13ffe5a47c22833ad4a3b1e886fd3bdd456a8dce67a73c335e705b34b0e3269,development_replays/combined__v57__402609243__seat1.json.gz,7,0,33,0.0
combined,v57,402609244,0,True,719,73202.0,72722.0,480.0,1.0,,0,b6553c296c556aff5b5e2d12b75618e505fa4d852afb5338414ac6d6e039cb02,2ee689fdc58f38b7bf6b80b8d3f48129d19b47201dbee51fdcbd977498a5106f,opening_liquidity_agent,v57_agent,3.702,"[0.3542730510000638, 0.034500424000043495]",fe4407768872d434a3679f9f3e9b583655ea6090702ef2e3834c39df6e5369de,development_replays/combined__v57__402609244__seat0.json.gz,13,0,13,0.0
combined,v57,402609244,1,True,719,73202.0,72722.0,480.0,1.0,,0,b6553c296c556aff5b5e2d12b75618e505fa4d852afb5338414ac6d6e039cb02,2ee689fdc58f38b7bf6b80b8d3f48129d19b47201dbee51fdcbd977498a5106f,opening_liquidity_agent,v57_agent,3.294,"[0.02865778400007457, 0.0627152650000653]",43a0223ae9e3250ab767b6283f1d4237b723ce05a32334eea96d5d640a901bcd,development_replays/combined__v57__402609244__seat1.json.gz,13,0,13,0.0
