anchor,seed,seat,record,role,money,land,crops,animals,empty_pasture,hands,shed_units,carried_units
v122,2026102301,0,0,A2,3000.0,1,0,0,0,0,0,0
v122,2026102301,0,0,opponent,3000.0,1,0,0,0,0,0,0
v122,2026102301,0,24,A2,144.0,1,10,5,1,0,1,0
v122,2026102301,0,24,opponent,23.0,1,19,4,0,0,3,0
v122,2026102301,0,48,A2,43.0,1,14,5,1,0,6,0
v122,2026102301,0,48,opponent,83.0,1,19,4,2,0,8,0
v122,2026102301,0,96,A2,608.0,1,13,3,3,0,26,0
v122,2026102301,0,96,opponent,281.0,1,19,6,0,0,12,0
v122,2026102301,0,144,A2,1143.0,1,6,3,3,0,37,0
v122,2026102301,0,144,opponent,801.0,1,19,6,0,0,18,0
v122,2026102301,0,192,A2,1466.0,1,8,1,7,0,39,0
v122,2026102301,0,192,opponent,637.0,2,37,10,3,0,10,0
v122,2026102301,0,240,A2,1340.0,1,10,1,8,0,57,0
v122,2026102301,0,240,opponent,4559.0,2,37,13,0,0,9,0
v122,2026102301,0,288,A2,2402.0,1,1,1,11,0,45,0
v122,2026102301,0,288,opponent,19958.0,3,53,16,1,0,39,0
v122,2026102301,0,360,A2,7227.0,1,1,1,14,0,11,0
v122,2026102301,0,360,opponent,31111.0,3,57,16,1,0,56,0
v122,2026102301,0,480,A2,7959.0,1,0,0,16,0,0,0
v122,2026102301,0,480,opponent,75744.0,3,58,16,1,0,66,0
v122,2026102301,0,600,A2,7333.0,1,0,0,16,0,1,0
v122,2026102301,0,600,opponent,130138.0,3,58,16,1,0,91,0
v122,2026102301,0,696,A2,7260.0,1,0,0,16,0,1,0
v122,2026102301,0,696,opponent,166196.0,3,21,16,1,0,97,0
v122,2026102301,0,719,A2,7206.0,1,0,0,16,8,1,0
v122,2026102301,0,719,opponent,185396.0,3,0,16,1,11,0,0
v122,2026102301,1,0,A2,3000.0,1,0,0,0,0,0,0
v122,2026102301,1,0,opponent,3000.0,1,0,0,0,0,0,0
v122,2026102301,1,24,A2,4.0,1,15,4,1,0,2,0
v122,2026102301,1,24,opponent,23.0,1,19,4,0,0,3,0
v122,2026102301,1,48,A2,40.0,1,16,3,2,0,6,0
v122,2026102301,1,48,opponent,85.0,1,19,4,2,0,8,0
v122,2026102301,1,96,A2,160.0,1,19,3,3,0,17,0
v122,2026102301,1,96,opponent,284.0,1,19,6,0,0,12,0
v122,2026102301,1,144,A2,784.0,1,10,3,3,0,33,0
v122,2026102301,1,144,opponent,818.0,1,19,6,0,0,18,0
v122,2026102301,1,192,A2,1444.0,1,7,2,8,0,27,0
v122,2026102301,1,192,opponent,671.0,2,37,10,3,0,10,0
v122,2026102301,1,240,A2,2876.0,1,8,1,9,0,35,0
v122,2026102301,1,240,opponent,4630.0,2,37,13,0,0,9,0
v122,2026102301,1,288,A2,3649.0,1,2,0,10,0,14,0
v122,2026102301,1,288,opponent,20039.0,3,53,16,1,0,39,0
v122,2026102301,1,360,A2,4961.0,1,12,0,10,0,11,0
v122,2026102301,1,360,opponent,31348.0,3,57,16,1,0,56,0
v122,2026102301,1,480,A2,7305.0,1,0,0,23,0,6,0
v122,2026102301,1,480,opponent,76812.0,3,58,16,1,0,67,0
v122,2026102301,1,600,A2,7572.0,1,0,0,23,0,1,0
v122,2026102301,1,600,opponent,130491.0,3,58,16,1,0,91,0
v122,2026102301,1,696,A2,7512.0,1,0,0,23,0,1,0
v122,2026102301,1,696,opponent,166538.0,3,21,16,1,0,97,0
v122,2026102301,1,719,A2,7492.0,1,0,0,23,6,1,0
v122,2026102301,1,719,opponent,185550.0,3,0,16,1,11,0,0
v122,2026102302,0,0,A2,3000.0,1,0,0,0,0,0,0
v122,2026102302,0,0,opponent,3000.0,1,0,0,0,0,0,0
v122,2026102302,0,24,A2,144.0,1,10,5,1,0,1,0
v122,2026102302,0,24,opponent,23.0,1,19,4,0,0,3,0
v122,2026102302,0,48,A2,43.0,1,14,5,1,0,6,0
v122,2026102302,0,48,opponent,83.0,1,19,4,2,0,8,0
v122,2026102302,0,96,A2,670.0,1,12,4,2,0,17,0
v122,2026102302,0,96,opponent,281.0,1,19,6,0,0,12,0
v122,2026102302,0,144,A2,1244.0,1,5,4,2,0,33,0
v122,2026102302,0,144,opponent,800.0,1,19,6,0,0,18,0
v122,2026102302,0,192,A2,2212.0,1,8,3,5,0,28,0
v122,2026102302,0,192,opponent,830.0,2,37,10,3,0,9,0
v122,2026102302,0,240,A2,3392.0,2,16,1,11,0,40,0
v122,2026102302,0,240,opponent,2613.0,2,37,13,0,0,39,0
v122,2026102302,0,288,A2,3381.0,2,16,1,24,0,54,0
v122,2026102302,0,288,opponent,17479.0,3,53,17,0,0,67,0
v122,2026102302,0,360,A2,5882.0,2,5,1,27,0,23,0
v122,2026102302,0,360,opponent,26661.0,3,57,17,0,0,53,0
v122,2026102302,0,480,A2,7400.0,2,4,1,40,0,6,0
v122,2026102302,0,480,opponent,49465.0,3,58,16,1,0,95,0
v122,2026102302,0,600,A2,7971.0,2,3,0,36,0,9,0
v122,2026102302,0,600,opponent,60290.0,3,58,16,1,0,97,0
v122,2026102302,0,696,A2,8040.0,2,0,0,39,0,1,0
v122,2026102302,0,696,opponent,93390.0,3,21,16,1,0,97,0
v122,2026102302,0,719,A2,8007.0,2,0,0,41,8,0,0
v122,2026102302,0,719,opponent,151763.0,3,0,16,1,11,0,0
v122,2026102302,1,0,A2,3000.0,1,0,0,0,0,0,0
v122,2026102302,1,0,opponent,3000.0,1,0,0,0,0,0,0
v122,2026102302,1,24,A2,4.0,1,15,4,1,0,2,0
v122,2026102302,1,24,opponent,23.0,1,19,4,0,0,3,0
v122,2026102302,1,48,A2,40.0,1,16,3,2,0,6,0
v122,2026102302,1,48,opponent,85.0,1,19,4,2,0,8,0
v122,2026102302,1,96,A2,310.0,1,16,3,3,0,23,0
v122,2026102302,1,96,opponent,284.0,1,19,6,0,0,12,0
v122,2026102302,1,144,A2,815.0,1,11,3,4,0,40,0
v122,2026102302,1,144,opponent,817.0,1,19,6,0,0,18,0
v122,2026102302,1,192,A2,1199.0,1,10,3,4,0,46,0
v122,2026102302,1,192,opponent,682.0,2,37,10,3,0,9,0
v122,2026102302,1,240,A2,1711.0,1,15,1,6,0,70,0
v122,2026102302,1,240,opponent,3083.0,2,37,13,0,0,39,0
v122,2026102302,1,288,A2,2829.0,1,4,0,12,0,73,0
v122,2026102302,1,288,opponent,19512.0,3,53,17,0,0,67,0
v122,2026102302,1,360,A2,9853.0,1,2,0,16,0,16,0
v122,2026102302,1,360,opponent,31912.0,3,57,17,0,0,55,0
v122,2026102302,1,480,A2,11958.0,1,0,0,20,0,1,0
v122,2026102302,1,480,opponent,66108.0,3,58,17,0,0,79,0
v122,2026102302,1,600,A2,11878.0,1,0,0,22,0,1,0
v122,2026102302,1,600,opponent,99950.0,3,58,17,0,0,100,0
v122,2026102302,1,696,A2,11818.0,1,0,0,22,0,1,0
v122,2026102302,1,696,opponent,124329.0,3,21,17,0,0,99,0
v122,2026102302,1,719,A2,11764.0,1,0,0,22,8,1,0
v122,2026102302,1,719,opponent,147678.0,3,0,17,0,11,0,0
v122,2026102303,0,0,A2,3000.0,1,0,0,0,0,0,0
v122,2026102303,0,0,opponent,3000.0,1,0,0,0,0,0,0
v122,2026102303,0,24,A2,144.0,1,10,5,1,0,1,0
v122,2026102303,0,24,opponent,23.0,1,19,4,0,0,3,0
v122,2026102303,0,48,A2,43.0,1,14,5,1,0,6,0
v122,2026102303,0,48,opponent,83.0,1,19,4,2,0,8,0
v122,2026102303,0,96,A2,608.0,1,13,3,3,0,26,0
v122,2026102303,0,96,opponent,281.0,1,19,6,0,0,12,0
v122,2026102303,0,144,A2,1256.0,1,10,3,3,0,26,0
v122,2026102303,0,144,opponent,800.0,1,19,6,0,0,18,0
v122,2026102303,0,192,A2,1549.0,1,11,3,3,0,46,0
v122,2026102303,0,192,opponent,561.0,2,37,10,3,0,10,0
v122,2026102303,0,240,A2,1574.0,1,15,2,4,0,74,0
v122,2026102303,0,240,opponent,2867.0,2,37,13,0,0,39,0
v122,2026102303,0,288,A2,2471.0,1,4,1,16,0,92,0
v122,2026102303,0,288,opponent,18759.0,3,53,17,0,0,81,0
v122,2026102303,0,360,A2,10334.0,2,1,0,26,0,6,0
v122,2026102303,0,360,opponent,30674.0,3,57,17,0,0,73,0
v122,2026102303,0,480,A2,10390.0,2,5,1,35,0,3,0
v122,2026102303,0,480,opponent,65141.0,4,68,17,0,0,82,0
v122,2026102303,0,600,A2,10466.0,2,3,0,35,0,9,0
v122,2026102303,0,600,opponent,112152.0,4,68,17,0,0,100,0
v122,2026102303,0,696,A2,10908.0,2,1,0,36,0,0,0
v122,2026102303,0,696,opponent,147730.0,4,31,17,0,0,100,0
v122,2026102303,0,719,A2,10854.0,2,1,0,36,8,0,0
v122,2026102303,0,719,opponent,168329.0,4,10,17,0,13,0,0
v122,2026102303,1,0,A2,3000.0,1,0,0,0,0,0,0
v122,2026102303,1,0,opponent,3000.0,1,0,0,0,0,0,0
v122,2026102303,1,24,A2,4.0,1,15,4,1,0,2,0
v122,2026102303,1,24,opponent,23.0,1,19,4,0,0,3,0
v122,2026102303,1,48,A2,40.0,1,16,3,2,0,6,0
v122,2026102303,1,48,opponent,85.0,1,19,4,2,0,8,0
v122,2026102303,1,96,A2,160.0,1,19,3,3,0,17,0
v122,2026102303,1,96,opponent,284.0,1,19,6,0,0,12,0
v122,2026102303,1,144,A2,784.0,1,10,3,3,0,33,0
v122,2026102303,1,144,opponent,818.0,1,19,6,0,0,18,0
v122,2026102303,1,192,A2,1444.0,1,7,2,8,0,27,0
v122,2026102303,1,192,opponent,671.0,2,37,10,3,0,10,0
v122,2026102303,1,240,A2,2792.0,1,7,0,10,0,32,0
v122,2026102303,1,240,opponent,1844.0,2,37,13,0,0,44,0
v122,2026102303,1,288,A2,3607.0,1,7,0,10,0,15,0
v122,2026102303,1,288,opponent,16388.0,3,53,17,0,0,84,0
v122,2026102303,1,360,A2,3544.0,2,12,0,13,0,20,0
v122,2026102303,1,360,opponent,29079.0,3,57,17,0,0,68,0
v122,2026102303,1,480,A2,4254.0,2,1,1,39,0,20,0
v122,2026102303,1,480,opponent,61599.0,4,68,17,0,0,85,0
v122,2026102303,1,600,A2,5377.0,2,2,0,40,0,18,0
v122,2026102303,1,600,opponent,97309.0,4,68,17,0,0,100,0
v122,2026102303,1,696,A2,5605.0,2,0,0,40,0,15,0
v122,2026102303,1,696,opponent,131985.0,4,31,16,0,0,100,0
v122,2026102303,1,719,A2,5647.0,2,0,0,42,8,11,2
v122,2026102303,1,719,opponent,154038.0,4,10,16,0,13,0,0
v122,2026102304,0,0,A2,3000.0,1,0,0,0,0,0,0
v122,2026102304,0,0,opponent,3000.0,1,0,0,0,0,0,0
v122,2026102304,0,24,A2,144.0,1,10,5,1,0,1,0
v122,2026102304,0,24,opponent,23.0,1,19,4,0,0,3,0
v122,2026102304,0,48,A2,43.0,1,14,5,1,0,6,0
v122,2026102304,0,48,opponent,83.0,1,19,4,2,0,8,0
v122,2026102304,0,96,A2,670.0,1,12,4,2,0,17,0
v122,2026102304,0,96,opponent,281.0,1,19,6,0,0,12,0
v122,2026102304,0,144,A2,1106.0,1,6,4,2,0,33,0
v122,2026102304,0,144,opponent,798.0,1,19,6,0,0,18,0
v122,2026102304,0,192,A2,1710.0,1,9,2,5,0,31,0
v122,2026102304,0,192,opponent,638.0,2,37,10,3,0,9,0
v122,2026102304,0,240,A2,1669.0,1,12,2,5,0,55,0
v122,2026102304,0,240,opponent,2613.0,2,37,13,0,0,39,0
v122,2026102304,0,288,A2,3020.0,1,2,1,15,0,57,0
v122,2026102304,0,288,opponent,18221.0,3,53,17,0,0,81,0
v122,2026102304,0,360,A2,9534.0,1,0,1,19,0,18,0
v122,2026102304,0,360,opponent,31156.0,3,57,17,0,0,64,0
v122,2026102304,0,480,A2,11596.0,1,0,0,24,0,0,0
v122,2026102304,0,480,opponent,69737.0,3,58,17,0,0,78,0
v122,2026102304,0,600,A2,11496.0,1,0,0,24,0,0,0
v122,2026102304,0,600,opponent,114142.0,3,58,17,0,0,99,0
v122,2026102304,0,696,A2,11436.0,1,0,0,24,0,0,0
v122,2026102304,0,696,opponent,145542.0,3,21,17,0,0,98,0
v122,2026102304,0,719,A2,11382.0,1,0,0,24,8,0,0
v122,2026102304,0,719,opponent,163130.0,3,0,17,0,11,0,0
v122,2026102304,1,0,A2,3000.0,1,0,0,0,0,0,0
v122,2026102304,1,0,opponent,3000.0,1,0,0,0,0,0,0
v122,2026102304,1,24,A2,4.0,1,15,4,1,0,2,0
v122,2026102304,1,24,opponent,23.0,1,19,4,0,0,3,0
v122,2026102304,1,48,A2,40.0,1,16,3,2,0,6,0
v122,2026102304,1,48,opponent,85.0,1,19,4,2,0,8,0
v122,2026102304,1,96,A2,160.0,1,19,3,3,0,17,0
v122,2026102304,1,96,opponent,285.0,1,19,6,0,0,12,0
v122,2026102304,1,144,A2,670.0,1,11,3,4,0,36,0
v122,2026102304,1,144,opponent,818.0,1,19,6,0,0,18,0
v122,2026102304,1,192,A2,1250.0,1,7,1,9,0,39,0
v122,2026102304,1,192,opponent,684.0,2,37,10,3,0,9,0
v122,2026102304,1,240,A2,1346.0,1,9,0,10,0,47,0
v122,2026102304,1,240,opponent,3114.0,2,37,13,0,0,39,0
v122,2026102304,1,288,A2,1811.0,1,6,0,11,0,49,0
v122,2026102304,1,288,opponent,19182.0,3,53,17,0,0,81,0
v122,2026102304,1,360,A2,8112.0,1,0,0,22,0,6,0
v122,2026102304,1,360,opponent,32777.0,3,57,17,0,0,64,0
v122,2026102304,1,480,A2,8213.0,1,0,0,22,0,1,0
v122,2026102304,1,480,opponent,69014.0,4,68,17,0,0,74,0
v122,2026102304,1,600,A2,8153.0,1,0,0,22,0,1,0
v122,2026102304,1,600,opponent,115861.0,4,68,17,0,0,97,0
v122,2026102304,1,696,A2,8153.0,1,0,0,22,0,1,0
v122,2026102304,1,696,opponent,179373.0,4,31,14,3,0,100,0
v122,2026102304,1,719,A2,8133.0,1,0,0,22,6,1,0
v122,2026102304,1,719,opponent,207463.0,4,10,14,3,13,0,1
v122,2026102305,0,0,A2,3000.0,1,0,0,0,0,0,0
v122,2026102305,0,0,opponent,3000.0,1,0,0,0,0,0,0
v122,2026102305,0,24,A2,144.0,1,10,5,1,0,1,0
v122,2026102305,0,24,opponent,23.0,1,19,4,0,0,3,0
v122,2026102305,0,48,A2,43.0,1,14,5,1,0,6,0
v122,2026102305,0,48,opponent,83.0,1,19,4,2,0,8,0
v122,2026102305,0,96,A2,608.0,1,13,3,3,0,26,0
v122,2026102305,0,96,opponent,281.0,1,19,6,0,0,12,0
v122,2026102305,0,144,A2,1258.0,1,10,3,3,0,26,0
v122,2026102305,0,144,opponent,797.0,1,19,6,0,0,18,0
v122,2026102305,0,192,A2,1671.0,1,12,3,5,0,41,0
v122,2026102305,0,192,opponent,640.0,2,37,10,3,0,9,0
v122,2026102305,0,240,A2,2392.0,1,13,3,5,0,62,0
v122,2026102305,0,240,opponent,2917.0,2,37,13,0,0,39,0
v122,2026102305,0,288,A2,3102.0,1,13,2,7,0,75,0
v122,2026102305,0,288,opponent,19375.0,3,53,17,0,0,67,0
v122,2026102305,0,360,A2,9201.0,1,5,1,14,0,26,0
v122,2026102305,0,360,opponent,31717.0,3,57,17,0,0,55,0
v122,2026102305,0,480,A2,12459.0,1,0,0,21,0,2,0
v122,2026102305,0,480,opponent,67232.0,3,58,17,0,0,79,0
v122,2026102305,0,600,A2,12773.0,1,0,0,21,0,0,0
v122,2026102305,0,600,opponent,104876.0,3,58,17,0,0,98,0
v122,2026102305,0,696,A2,12691.0,1,0,0,21,0,0,0
v122,2026102305,0,696,opponent,136646.0,3,21,17,0,0,95,0
v122,2026102305,0,719,A2,12637.0,1,0,0,22,8,0,0
v122,2026102305,0,719,opponent,149076.0,3,0,17,0,11,0,0
v122,2026102305,1,0,A2,3000.0,1,0,0,0,0,0,0
v122,2026102305,1,0,opponent,3000.0,1,0,0,0,0,0,0
v122,2026102305,1,24,A2,4.0,1,15,4,1,0,2,0
v122,2026102305,1,24,opponent,23.0,1,19,4,0,0,3,0
v122,2026102305,1,48,A2,40.0,1,16,3,2,0,6,0
v122,2026102305,1,48,opponent,85.0,1,19,4,2,0,8,0
v122,2026102305,1,96,A2,310.0,1,17,3,3,0,17,0
v122,2026102305,1,96,opponent,285.0,1,19,6,0,0,12,0
v122,2026102305,1,144,A2,692.0,1,9,3,4,0,30,0
v122,2026102305,1,144,opponent,818.0,1,19,6,0,0,18,0
v122,2026102305,1,192,A2,1126.0,1,9,3,7,0,33,0
v122,2026102305,1,192,opponent,684.0,2,37,10,3,0,9,0
v122,2026102305,1,240,A2,1925.0,1,6,3,7,0,53,0
v122,2026102305,1,240,opponent,2548.0,2,37,13,0,0,39,0
v122,2026102305,1,288,A2,2453.0,1,5,1,9,0,62,0
v122,2026102305,1,288,opponent,18117.0,3,53,17,0,0,67,0
v122,2026102305,1,360,A2,6006.0,1,12,0,10,0,31,0
v122,2026102305,1,360,opponent,29076.0,3,57,17,0,0,55,0
v122,2026102305,1,480,A2,9859.0,1,1,0,21,0,3,0
v122,2026102305,1,480,opponent,57216.0,3,58,17,0,0,79,0
v122,2026102305,1,600,A2,9837.0,1,0,0,21,0,1,0
v122,2026102305,1,600,opponent,91632.0,3,58,17,0,0,100,0
v122,2026102305,1,696,A2,9777.0,1,0,0,21,0,1,0
v122,2026102305,1,696,opponent,118304.0,3,21,17,0,0,99,0
v122,2026102305,1,719,A2,9744.0,1,0,0,21,7,1,0
v122,2026102305,1,719,opponent,129302.0,3,0,17,0,11,0,0
v122,2026102306,0,0,A2,3000.0,1,0,0,0,0,0,0
v122,2026102306,0,0,opponent,3000.0,1,0,0,0,0,0,0
v122,2026102306,0,24,A2,144.0,1,10,5,1,0,1,0
v122,2026102306,0,24,opponent,23.0,1,19,4,0,0,3,0
v122,2026102306,0,48,A2,43.0,1,14,5,1,0,6,0
v122,2026102306,0,48,opponent,83.0,1,19,4,2,0,8,0
v122,2026102306,0,96,A2,608.0,1,13,3,3,0,26,0
v122,2026102306,0,96,opponent,281.0,1,19,6,0,0,12,0
v122,2026102306,0,144,A2,1143.0,1,6,3,3,0,37,0
v122,2026102306,0,144,opponent,801.0,1,19,6,0,0,18,0
v122,2026102306,0,192,A2,1401.0,1,7,1,7,0,41,0
v122,2026102306,0,192,opponent,637.0,2,37,10,3,0,10,0
v122,2026102306,0,240,A2,1325.0,1,5,1,9,0,59,0
v122,2026102306,0,240,opponent,2750.0,2,37,13,0,0,39,0
v122,2026102306,0,288,A2,5354.0,1,0,1,12,0,31,0
v122,2026102306,0,288,opponent,15738.0,3,53,17,1,0,92,0
v122,2026102306,0,360,A2,7609.0,1,1,0,16,0,2,0
v122,2026102306,0,360,opponent,26004.0,3,57,17,1,0,80,0
v122,2026102306,0,480,A2,7583.0,1,0,0,17,0,0,0
v122,2026102306,0,480,opponent,63992.0,3,58,17,0,0,71,0
v122,2026102306,0,600,A2,7470.0,1,0,0,18,0,0,0
v122,2026102306,0,600,opponent,95009.0,3,58,17,0,0,89,0
v122,2026102306,0,696,A2,7410.0,1,0,0,18,0,0,0
v122,2026102306,0,696,opponent,120542.0,3,21,17,0,0,100,0
v122,2026102306,0,719,A2,7356.0,1,0,0,18,8,0,0
v122,2026102306,0,719,opponent,133967.0,3,0,17,0,11,0,0
v122,2026102306,1,0,A2,3000.0,1,0,0,0,0,0,0
v122,2026102306,1,0,opponent,3000.0,1,0,0,0,0,0,0
v122,2026102306,1,24,A2,4.0,1,15,4,1,0,2,0
v122,2026102306,1,24,opponent,23.0,1,19,4,0,0,3,0
v122,2026102306,1,48,A2,40.0,1,16,3,2,0,6,0
v122,2026102306,1,48,opponent,85.0,1,19,4,2,0,8,0
v122,2026102306,1,96,A2,160.0,1,19,3,3,0,17,0
v122,2026102306,1,96,opponent,284.0,1,19,6,0,0,12,0
v122,2026102306,1,144,A2,784.0,1,10,3,3,0,33,0
v122,2026102306,1,144,opponent,818.0,1,19,6,0,0,18,0
v122,2026102306,1,192,A2,1404.0,1,8,2,8,0,27,0
v122,2026102306,1,192,opponent,671.0,2,37,10,3,0,10,0
v122,2026102306,1,240,A2,2240.0,1,13,2,8,0,31,0
v122,2026102306,1,240,opponent,2805.0,2,37,13,0,0,40,0
v122,2026102306,1,288,A2,3002.0,1,1,0,10,0,23,0
v122,2026102306,1,288,opponent,17910.0,3,53,17,0,0,82,0
v122,2026102306,1,360,A2,4249.0,1,6,1,12,0,19,0
v122,2026102306,1,360,opponent,31246.0,3,57,17,0,0,54,0
v122,2026102306,1,480,A2,6500.0,1,2,1,19,0,13,0
v122,2026102306,1,480,opponent,60980.0,3,58,17,0,0,82,0
v122,2026102306,1,600,A2,7834.0,1,0,0,22,0,5,0
v122,2026102306,1,600,opponent,87685.0,3,58,17,0,0,100,0
v122,2026102306,1,696,A2,7966.0,1,0,0,22,0,0,0
v122,2026102306,1,696,opponent,112334.0,3,21,17,0,0,97,0
v122,2026102306,1,719,A2,7912.0,1,0,0,22,8,0,0
v122,2026102306,1,719,opponent,125260.0,3,0,17,0,11,0,0
v122,2026102307,0,0,A2,3000.0,1,0,0,0,0,0,0
v122,2026102307,0,0,opponent,3000.0,1,0,0,0,0,0,0
v122,2026102307,0,24,A2,144.0,1,10,5,1,0,1,0
v122,2026102307,0,24,opponent,23.0,1,19,4,0,0,3,0
v122,2026102307,0,48,A2,43.0,1,14,5,1,0,6,0
v122,2026102307,0,48,opponent,83.0,1,19,4,2,0,8,0
v122,2026102307,0,96,A2,608.0,1,12,3,3,0,26,0
v122,2026102307,0,96,opponent,281.0,1,19,6,0,0,12,0
v122,2026102307,0,144,A2,1505.0,1,6,3,3,0,19,0
v122,2026102307,0,144,opponent,801.0,1,19,6,0,0,18,0
v122,2026102307,0,192,A2,2037.0,1,4,3,5,0,22,0
v122,2026102307,0,192,opponent,584.0,2,37,10,3,0,11,0
v122,2026102307,0,240,A2,4418.0,1,8,2,8,0,30,0
v122,2026102307,0,240,opponent,2732.0,2,37,13,0,0,43,0
v122,2026102307,0,288,A2,5489.0,1,1,1,14,0,28,0
v122,2026102307,0,288,opponent,18796.0,3,53,17,0,0,85,0
v122,2026102307,0,360,A2,8782.0,2,3,0,34,0,0,0
v122,2026102307,0,360,opponent,30847.0,3,57,17,0,0,77,0
v122,2026102307,0,480,A2,8908.0,2,0,0,45,0,0,0
v122,2026102307,0,480,opponent,71468.0,3,58,17,0,0,83,0
v122,2026102307,0,600,A2,8826.0,2,0,0,39,0,0,0
v122,2026102307,0,600,opponent,120661.0,3,58,17,0,0,99,0
v122,2026102307,0,696,A2,8747.0,2,0,0,39,0,0,0
v122,2026102307,0,696,opponent,155634.0,3,21,17,0,0,98,0
v122,2026102307,0,719,A2,8693.0,2,0,0,42,8,0,0
v122,2026102307,0,719,opponent,172594.0,3,0,17,0,8,0,0
v122,2026102307,1,0,A2,3000.0,1,0,0,0,0,0,0
v122,2026102307,1,0,opponent,3000.0,1,0,0,0,0,0,0
v122,2026102307,1,24,A2,4.0,1,15,4,1,0,2,0
v122,2026102307,1,24,opponent,23.0,1,19,4,0,0,3,0
v122,2026102307,1,48,A2,40.0,1,16,3,2,0,6,0
v122,2026102307,1,48,opponent,85.0,1,19,4,2,0,8,0
v122,2026102307,1,96,A2,160.0,1,19,3,3,0,17,0
v122,2026102307,1,96,opponent,284.0,1,19,6,0,0,12,0
v122,2026102307,1,144,A2,784.0,1,10,3,3,0,33,0
v122,2026102307,1,144,opponent,818.0,1,19,6,0,0,18,0
v122,2026102307,1,192,A2,1431.0,1,7,2,8,0,27,0
v122,2026102307,1,192,opponent,670.0,2,37,10,3,0,10,0
v122,2026102307,1,240,A2,2717.0,1,7,1,9,0,34,0
v122,2026102307,1,240,opponent,2902.0,2,37,13,0,0,39,0
v122,2026102307,1,288,A2,3495.0,1,4,0,10,0,23,0
v122,2026102307,1,288,opponent,16108.0,3,53,17,1,0,92,0
v122,2026102307,1,360,A2,6294.0,1,4,0,10,0,10,0
v122,2026102307,1,360,opponent,26809.0,3,57,17,1,0,80,0
v122,2026102307,1,480,A2,7511.0,1,2,0,16,0,12,0
v122,2026102307,1,480,opponent,67042.0,3,58,17,0,0,70,0
v122,2026102307,1,600,A2,7370.0,1,1,0,20,0,5,0
v122,2026102307,1,600,opponent,116226.0,3,58,17,0,0,89,0
v122,2026102307,1,696,A2,7408.0,1,0,0,20,0,3,0
v122,2026102307,1,696,opponent,149403.0,3,21,17,0,0,100,0
v122,2026102307,1,719,A2,7375.0,1,0,0,20,7,3,0
v122,2026102307,1,719,opponent,169670.0,3,0,17,0,11,0,0
v122,2026102308,0,0,A2,3000.0,1,0,0,0,0,0,0
v122,2026102308,0,0,opponent,3000.0,1,0,0,0,0,0,0
v122,2026102308,0,24,A2,144.0,1,10,5,1,0,1,0
v122,2026102308,0,24,opponent,23.0,1,19,4,0,0,3,0
v122,2026102308,0,48,A2,21.0,1,17,3,3,0,5,0
v122,2026102308,0,48,opponent,85.0,1,19,4,2,0,8,0
v122,2026102308,0,96,A2,867.0,1,8,2,4,0,11,0
v122,2026102308,0,96,opponent,280.0,1,19,6,0,0,12,0
v122,2026102308,0,144,A2,1396.0,1,3,1,5,0,2,0
v122,2026102308,0,144,opponent,812.0,1,19,6,0,0,18,0
v122,2026102308,0,192,A2,1404.0,1,3,0,6,0,9,0
v122,2026102308,0,192,opponent,495.0,2,37,10,3,0,10,0
v122,2026102308,0,240,A2,1157.0,1,6,0,7,0,16,0
v122,2026102308,0,240,opponent,4620.0,2,37,13,0,0,9,0
v122,2026102308,0,288,A2,1699.0,1,0,0,12,0,18,0
v122,2026102308,0,288,opponent,20482.0,3,53,16,1,0,39,0
v122,2026102308,0,360,A2,4356.0,1,0,0,12,0,0,0
v122,2026102308,0,360,opponent,32602.0,3,57,16,1,0,57,0
v122,2026102308,0,480,A2,4191.0,1,0,0,16,0,0,0
v122,2026102308,0,480,opponent,79004.0,3,58,16,1,0,66,0
v122,2026102308,0,600,A2,4078.0,1,0,0,16,0,0,0
v122,2026102308,0,600,opponent,134449.0,3,58,16,1,0,91,0
v122,2026102308,0,696,A2,4018.0,1,0,0,16,0,0,0
v122,2026102308,0,696,opponent,172742.0,3,21,16,1,0,97,0
v122,2026102308,0,719,A2,3985.0,1,0,0,16,7,0,0
v122,2026102308,0,719,opponent,192700.0,3,0,16,1,11,0,6
v122,2026102308,1,0,A2,3000.0,1,0,0,0,0,0,0
v122,2026102308,1,0,opponent,3000.0,1,0,0,0,0,0,0
v122,2026102308,1,24,A2,4.0,1,15,4,1,0,2,0
v122,2026102308,1,24,opponent,23.0,1,19,4,0,0,3,0
v122,2026102308,1,48,A2,40.0,1,16,3,2,0,6,0
v122,2026102308,1,48,opponent,85.0,1,19,4,2,0,8,0
v122,2026102308,1,96,A2,230.0,1,16,3,2,0,18,0
v122,2026102308,1,96,opponent,284.0,1,19,6,0,0,12,0
v122,2026102308,1,144,A2,769.0,1,8,3,3,0,24,0
v122,2026102308,1,144,opponent,817.0,1,19,6,0,0,18,0
v122,2026102308,1,192,A2,1258.0,1,7,3,10,0,25,0
v122,2026102308,1,192,opponent,621.0,2,37,10,3,0,11,0
v122,2026102308,1,240,A2,4822.0,1,9,3,10,0,33,0
v122,2026102308,1,240,opponent,2989.0,2,37,13,0,0,43,0
v122,2026102308,1,288,A2,6205.0,1,5,2,11,0,23,0
v122,2026102308,1,288,opponent,19824.0,3,53,17,0,0,67,0
v122,2026102308,1,360,A2,11190.0,1,4,0,19,0,5,0
v122,2026102308,1,360,opponent,33691.0,3,57,17,0,0,53,0
v122,2026102308,1,480,A2,11797.0,1,0,0,23,0,1,0
v122,2026102308,1,480,opponent,76736.0,3,58,16,1,0,80,0
v122,2026102308,1,600,A2,11697.0,1,0,0,25,0,1,0
v122,2026102308,1,600,opponent,128583.0,3,58,16,1,0,99,0
v122,2026102308,1,696,A2,11657.0,1,0,0,25,0,1,0
v122,2026102308,1,696,opponent,172076.0,3,21,16,1,0,96,0
v122,2026102308,1,719,A2,11624.0,1,0,0,25,7,1,0
v122,2026102308,1,719,opponent,184776.0,3,0,16,1,11,0,0
v122,2026102309,0,0,A2,3000.0,1,0,0,0,0,0,0
v122,2026102309,0,0,opponent,3000.0,1,0,0,0,0,0,0
v122,2026102309,0,24,A2,144.0,1,10,5,1,0,1,0
v122,2026102309,0,24,opponent,23.0,1,19,4,0,0,3,0
v122,2026102309,0,48,A2,43.0,1,14,5,1,0,6,0
v122,2026102309,0,48,opponent,83.0,1,19,4,2,0,8,0
v122,2026102309,0,96,A2,670.0,1,12,4,2,0,17,0
v122,2026102309,0,96,opponent,281.0,1,19,6,0,0,12,0
v122,2026102309,0,144,A2,1106.0,1,6,4,2,0,33,0
v122,2026102309,0,144,opponent,798.0,1,19,6,0,0,18,0
v122,2026102309,0,192,A2,1799.0,1,9,2,4,0,31,0
v122,2026102309,0,192,opponent,548.0,2,37,10,3,0,10,0
v122,2026102309,0,240,A2,1840.0,1,12,2,7,0,54,0
v122,2026102309,0,240,opponent,2734.0,2,37,13,0,0,39,0
v122,2026102309,0,288,A2,2579.0,1,1,2,16,0,73,0
v122,2026102309,0,288,opponent,18800.0,3,53,17,0,0,67,0
v122,2026102309,0,360,A2,10853.0,1,0,2,22,0,12,0
v122,2026102309,0,360,opponent,30892.0,3,57,17,0,0,55,0
v122,2026102309,0,480,A2,11940.0,1,0,0,24,0,0,0
v122,2026102309,0,480,opponent,60630.0,3,58,17,0,0,79,0
v122,2026102309,0,600,A2,11840.0,1,0,0,24,0,0,0
v122,2026102309,0,600,opponent,93214.0,3,58,17,0,0,100,0
v122,2026102309,0,696,A2,11800.0,1,0,0,24,0,0,0
v122,2026102309,0,696,opponent,115867.0,3,21,17,0,0,99,0
v122,2026102309,0,719,A2,11746.0,1,0,0,24,8,0,0
v122,2026102309,0,719,opponent,124983.0,3,0,17,0,11,0,0
v122,2026102309,1,0,A2,3000.0,1,0,0,0,0,0,0
v122,2026102309,1,0,opponent,3000.0,1,0,0,0,0,0,0
v122,2026102309,1,24,A2,4.0,1,15,4,1,0,2,0
v122,2026102309,1,24,opponent,23.0,1,19,4,0,0,3,0
v122,2026102309,1,48,A2,40.0,1,16,3,2,0,6,0
v122,2026102309,1,48,opponent,85.0,1,19,4,2,0,8,0
v122,2026102309,1,96,A2,160.0,1,19,3,3,0,17,0
v122,2026102309,1,96,opponent,285.0,1,19,6,0,0,12,0
v122,2026102309,1,144,A2,670.0,1,11,3,4,0,36,0
v122,2026102309,1,144,opponent,818.0,1,19,6,0,0,18,0
v122,2026102309,1,192,A2,1218.0,1,10,3,8,0,34,0
v122,2026102309,1,192,opponent,684.0,2,37,10,3,0,9,0
v122,2026102309,1,240,A2,2384.0,1,12,2,9,0,55,0
v122,2026102309,1,240,opponent,3041.0,2,37,13,0,0,39,0
v122,2026102309,1,288,A2,3528.0,1,4,1,13,0,46,0
v122,2026102309,1,288,opponent,19157.0,3,53,17,0,0,81,0
v122,2026102309,1,360,A2,11757.0,1,0,1,19,0,8,0
v122,2026102309,1,360,opponent,33571.0,3,57,17,0,0,64,0
v122,2026102309,1,480,A2,12030.0,1,0,0,22,0,1,0
v122,2026102309,1,480,opponent,74919.0,3,58,17,0,0,88,0
v122,2026102309,1,600,A2,11930.0,1,0,0,22,0,1,0
v122,2026102309,1,600,opponent,132653.0,3,58,17,0,0,94,0
v122,2026102309,1,696,A2,11870.0,1,0,0,22,0,1,0
v122,2026102309,1,696,opponent,171177.0,3,21,17,0,0,98,0
v122,2026102309,1,719,A2,11816.0,1,0,0,22,8,1,0
v122,2026102309,1,719,opponent,188593.0,3,0,17,0,11,0,0
v122,2026102310,0,0,A2,3000.0,1,0,0,0,0,0,0
v122,2026102310,0,0,opponent,3000.0,1,0,0,0,0,0,0
v122,2026102310,0,24,A2,144.0,1,10,5,1,0,1,0
v122,2026102310,0,24,opponent,23.0,1,19,4,0,0,3,0
v122,2026102310,0,48,A2,43.0,1,14,5,1,0,6,0
v122,2026102310,0,48,opponent,83.0,1,19,4,2,0,8,0
v122,2026102310,0,96,A2,608.0,1,13,3,3,0,26,0
v122,2026102310,0,96,opponent,281.0,1,19,6,0,0,12,0
v122,2026102310,0,144,A2,1320.0,1,9,3,3,0,31,0
v122,2026102310,0,144,opponent,798.0,1,19,6,0,0,18,0
v122,2026102310,0,192,A2,1673.0,1,14,3,4,0,43,0
v122,2026102310,0,192,opponent,643.0,2,37,10,3,0,9,0
v122,2026102310,0,240,A2,2705.0,1,17,3,4,0,69,0
v122,2026102310,0,240,opponent,2700.0,2,37,13,0,0,39,0
v122,2026102310,0,288,A2,3467.0,1,4,3,12,0,86,0
v122,2026102310,0,288,opponent,18316.0,3,53,17,0,0,81,0
v122,2026102310,0,360,A2,9746.0,1,2,2,18,0,33,0
v122,2026102310,0,360,opponent,30411.0,3,57,17,0,0,64,0
v122,2026102310,0,480,A2,15428.0,1,0,0,22,0,0,0
v122,2026102310,0,480,opponent,61008.0,4,68,17,0,0,72,0
v122,2026102310,0,600,A2,14206.0,2,1,0,27,0,2,0
v122,2026102310,0,600,opponent,101770.0,4,68,17,0,0,97,0
v122,2026102310,0,696,A2,14082.0,2,0,0,27,0,0,0
v122,2026102310,0,696,opponent,137569.0,4,31,15,2,0,100,0
v122,2026102310,0,719,A2,14028.0,2,0,0,35,8,0,0
v122,2026102310,0,719,opponent,156926.0,4,10,15,2,13,0,3
v122,2026102310,1,0,A2,3000.0,1,0,0,0,0,0,0
v122,2026102310,1,0,opponent,3000.0,1,0,0,0,0,0,0
v122,2026102310,1,24,A2,4.0,1,15,4,1,0,2,0
v122,2026102310,1,24,opponent,23.0,1,19,4,0,0,3,0
v122,2026102310,1,48,A2,40.0,1,16,3,2,0,6,0
v122,2026102310,1,48,opponent,85.0,1,19,4,2,0,8,0
v122,2026102310,1,96,A2,310.0,1,16,3,3,0,23,0
v122,2026102310,1,96,opponent,284.0,1,19,6,0,0,12,0
v122,2026102310,1,144,A2,835.0,1,9,3,3,0,40,0
v122,2026102310,1,144,opponent,817.0,1,19,6,0,0,18,0
v122,2026102310,1,192,A2,1140.0,1,16,2,5,0,40,0
v122,2026102310,1,192,opponent,684.0,2,37,10,3,0,9,0
v122,2026102310,1,240,A2,1170.0,1,18,2,5,0,63,0
v122,2026102310,1,240,opponent,2520.0,2,37,13,0,0,39,0
v122,2026102310,1,288,A2,1431.0,1,10,2,5,0,84,0
v122,2026102310,1,288,opponent,17601.0,3,53,17,0,0,81,0
v122,2026102310,1,360,A2,3934.0,1,0,2,19,0,72,0
v122,2026102310,1,360,opponent,28430.0,3,57,17,0,0,72,0
v122,2026102310,1,480,A2,8763.0,1,1,0,23,0,1,0
v122,2026102310,1,480,opponent,57381.0,3,58,17,0,0,79,0
v122,2026102310,1,600,A2,8683.0,1,1,0,23,0,1,0
v122,2026102310,1,600,opponent,86596.0,3,58,17,0,0,98,0
v122,2026102310,1,696,A2,8623.0,1,0,0,23,0,1,0
v122,2026102310,1,696,opponent,108055.0,3,21,17,0,0,98,0
v122,2026102310,1,719,A2,8569.0,1,0,0,23,8,1,0
v122,2026102310,1,719,opponent,120804.0,3,0,17,0,11,0,0
v122,2026102311,0,0,A2,3000.0,1,0,0,0,0,0,0
v122,2026102311,0,0,opponent,3000.0,1,0,0,0,0,0,0
v122,2026102311,0,24,A2,144.0,1,10,5,1,0,1,0
v122,2026102311,0,24,opponent,23.0,1,19,4,0,0,3,0
v122,2026102311,0,48,A2,43.0,1,14,5,1,0,6,0
v122,2026102311,0,48,opponent,83.0,1,19,4,2,0,8,0
v122,2026102311,0,96,A2,670.0,1,12,4,2,0,17,0
v122,2026102311,0,96,opponent,281.0,1,19,6,0,0,12,0
v122,2026102311,0,144,A2,1090.0,1,7,4,2,0,40,0
v122,2026102311,0,144,opponent,802.0,1,19,6,0,0,18,0
v122,2026102311,0,192,A2,1828.0,1,12,3,5,0,44,0
v122,2026102311,0,192,opponent,833.0,2,37,10,3,0,9,0
v122,2026102311,0,240,A2,3255.0,1,16,3,5,0,66,0
v122,2026102311,0,240,opponent,2536.0,2,37,13,0,0,39,0
v122,2026102311,0,288,A2,4161.0,1,10,3,7,0,77,0
v122,2026102311,0,288,opponent,17459.0,3,53,17,0,0,68,0
v122,2026102311,0,360,A2,6470.0,1,4,2,15,0,53,0
v122,2026102311,0,360,opponent,27691.0,3,57,17,0,0,51,0
v122,2026102311,0,480,A2,12267.0,1,0,0,24,0,0,0
v122,2026102311,0,480,opponent,52167.0,3,58,17,0,0,93,0
v122,2026102311,0,600,A2,12197.0,1,0,0,24,0,0,0
v122,2026102311,0,600,opponent,79753.0,3,58,17,0,0,100,0
v122,2026102311,0,696,A2,12157.0,1,0,0,24,0,0,0
v122,2026102311,0,696,opponent,95795.0,3,21,16,0,0,89,0
v122,2026102311,0,719,A2,12137.0,1,0,0,24,6,0,0
v122,2026102311,0,719,opponent,108786.0,3,0,16,0,11,0,0
v122,2026102311,1,0,A2,3000.0,1,0,0,0,0,0,0
v122,2026102311,1,0,opponent,3000.0,1,0,0,0,0,0,0
v122,2026102311,1,24,A2,4.0,1,15,4,1,0,2,0
v122,2026102311,1,24,opponent,23.0,1,19,4,0,0,3,0
v122,2026102311,1,48,A2,40.0,1,16,3,2,0,6,0
v122,2026102311,1,48,opponent,85.0,1,19,4,2,0,8,0
v122,2026102311,1,96,A2,310.0,1,16,3,3,0,23,0
v122,2026102311,1,96,opponent,284.0,1,19,6,0,0,12,0
v122,2026102311,1,144,A2,758.0,1,10,3,4,0,40,0
v122,2026102311,1,144,opponent,819.0,1,19,6,0,0,18,0
v122,2026102311,1,192,A2,1013.0,1,15,3,5,0,47,0
v122,2026102311,1,192,opponent,686.0,2,37,10,3,0,9,0
v122,2026102311,1,240,A2,1907.0,1,15,3,5,0,75,0
v122,2026102311,1,240,opponent,3036.0,2,37,13,0,0,39,0
v122,2026102311,1,288,A2,2517.0,1,9,0,10,0,98,0
v122,2026102311,1,288,opponent,19172.0,3,53,17,0,0,81,0
v122,2026102311,1,360,A2,6513.0,1,11,0,13,0,80,0
v122,2026102311,1,360,opponent,31344.0,3,57,17,0,0,77,0
v122,2026102311,1,480,A2,14323.0,1,0,0,23,0,1,0
v122,2026102311,1,480,opponent,71718.0,3,58,17,0,0,81,0
v122,2026102311,1,600,A2,14243.0,1,0,0,23,0,1,0
v122,2026102311,1,600,opponent,115960.0,3,58,17,0,0,99,0
v122,2026102311,1,696,A2,14183.0,1,0,0,23,0,1,0
v122,2026102311,1,696,opponent,144321.0,3,21,17,0,0,100,0
v122,2026102311,1,719,A2,14163.0,1,0,0,23,6,1,0
v122,2026102311,1,719,opponent,161484.0,3,0,17,0,11,0,0
v122,2026102312,0,0,A2,3000.0,1,0,0,0,0,0,0
v122,2026102312,0,0,opponent,3000.0,1,0,0,0,0,0,0
v122,2026102312,0,24,A2,144.0,1,10,5,1,0,1,0
v122,2026102312,0,24,opponent,23.0,1,19,4,0,0,3,0
v122,2026102312,0,48,A2,43.0,1,14,3,3,0,9,0
v122,2026102312,0,48,opponent,83.0,1,19,4,2,0,8,0
v122,2026102312,0,96,A2,563.0,1,13,3,3,0,21,0
v122,2026102312,0,96,opponent,279.0,1,19,6,0,0,12,0
v122,2026102312,0,144,A2,975.0,1,8,3,3,0,30,0
v122,2026102312,0,144,opponent,811.0,1,19,6,0,0,18,0
v122,2026102312,0,192,A2,1320.0,1,12,1,5,0,41,0
v122,2026102312,0,192,opponent,672.0,2,37,10,3,0,9,0
v122,2026102312,0,240,A2,1950.0,1,12,1,7,0,63,0
v122,2026102312,0,240,opponent,3074.0,2,37,13,0,0,39,0
v122,2026102312,0,288,A2,3257.0,1,2,1,18,0,61,0
v122,2026102312,0,288,opponent,19489.0,3,53,17,0,0,67,0
v122,2026102312,0,360,A2,11540.0,1,0,1,19,0,8,0
v122,2026102312,0,360,opponent,31848.0,3,57,17,0,0,55,0
v122,2026102312,0,480,A2,12004.0,1,0,0,23,0,0,0
v122,2026102312,0,480,opponent,68680.0,3,58,17,0,0,79,0
v122,2026102312,0,600,A2,11904.0,1,0,0,23,0,0,0
v122,2026102312,0,600,opponent,112575.0,3,58,17,0,0,100,0
v122,2026102312,0,696,A2,11864.0,1,0,0,23,0,0,0
v122,2026102312,0,696,opponent,149152.0,3,21,17,0,0,96,0
v122,2026102312,0,719,A2,11844.0,1,0,0,23,6,0,0
v122,2026102312,0,719,opponent,161679.0,3,0,17,0,11,0,0
v122,2026102312,1,0,A2,3000.0,1,0,0,0,0,0,0
v122,2026102312,1,0,opponent,3000.0,1,0,0,0,0,0,0
v122,2026102312,1,24,A2,4.0,1,15,4,1,0,2,0
v122,2026102312,1,24,opponent,23.0,1,19,4,0,0,3,0
v122,2026102312,1,48,A2,40.0,1,16,3,2,0,6,0
v122,2026102312,1,48,opponent,85.0,1,19,4,2,0,8,0
v122,2026102312,1,96,A2,240.0,1,11,3,4,0,24,0
v122,2026102312,1,96,opponent,287.0,1,19,6,0,0,12,0
v122,2026102312,1,144,A2,773.0,1,8,3,4,0,27,0
v122,2026102312,1,144,opponent,820.0,1,19,6,0,0,18,0
v122,2026102312,1,192,A2,1264.0,1,12,3,5,0,23,0
v122,2026102312,1,192,opponent,594.0,2,37,10,3,0,10,0
v122,2026102312,1,240,A2,1532.0,1,13,2,6,0,46,0
v122,2026102312,1,240,opponent,2440.0,2,37,13,0,0,39,0
v122,2026102312,1,288,A2,2058.0,1,9,0,11,0,55,0
v122,2026102312,1,288,opponent,16855.0,3,53,17,0,0,81,0
v122,2026102312,1,360,A2,6460.0,2,0,0,25,0,14,0
v122,2026102312,1,360,opponent,26998.0,3,57,17,0,0,64,0
v122,2026102312,1,480,A2,6751.0,2,0,0,44,0,2,0
v122,2026102312,1,480,opponent,51873.0,3,58,17,0,0,76,0
v122,2026102312,1,600,A2,6581.0,2,1,0,45,0,4,0
v122,2026102312,1,600,opponent,83757.0,3,58,17,0,0,89,0
v122,2026102312,1,696,A2,6665.0,2,0,0,46,0,2,0
v122,2026102312,1,696,opponent,100999.0,3,21,17,0,0,100,0
v122,2026102312,1,719,A2,6611.0,2,0,0,47,8,0,2
v122,2026102312,1,719,opponent,112225.0,3,0,17,0,11,0,0
v122,2026102313,0,0,A2,3000.0,1,0,0,0,0,0,0
v122,2026102313,0,0,opponent,3000.0,1,0,0,0,0,0,0
v122,2026102313,0,24,A2,144.0,1,10,5,1,0,1,0
v122,2026102313,0,24,opponent,23.0,1,19,4,0,0,3,0
v122,2026102313,0,48,A2,43.0,1,14,5,1,0,6,0
v122,2026102313,0,48,opponent,83.0,1,19,4,2,0,8,0
v122,2026102313,0,96,A2,608.0,1,13,3,3,0,26,0
v122,2026102313,0,96,opponent,281.0,1,19,6,0,0,12,0
v122,2026102313,0,144,A2,1143.0,1,6,3,3,0,37,0
v122,2026102313,0,144,opponent,801.0,1,19,6,0,0,18,0
v122,2026102313,0,192,A2,1466.0,1,7,1,7,0,39,0
v122,2026102313,0,192,opponent,636.0,2,37,10,3,0,10,0
v122,2026102313,0,240,A2,1390.0,1,5,1,9,0,57,0
v122,2026102313,0,240,opponent,4296.0,2,37,13,0,0,9,0
v122,2026102313,0,288,A2,5621.0,1,1,1,13,0,24,0
v122,2026102313,0,288,opponent,18650.0,3,53,16,1,0,39,0
v122,2026102313,0,360,A2,7602.0,1,0,1,15,0,1,0
v122,2026102313,0,360,opponent,27640.0,3,57,16,1,0,55,0
v122,2026102313,0,480,A2,7609.0,1,0,0,16,0,0,0
v122,2026102313,0,480,opponent,65711.0,3,58,16,1,0,67,0
v122,2026102313,0,600,A2,7509.0,1,0,0,19,0,0,0
v122,2026102313,0,600,opponent,108041.0,3,58,16,1,0,91,0
v122,2026102313,0,696,A2,7449.0,1,0,0,19,0,0,0
v122,2026102313,0,696,opponent,138333.0,3,21,16,1,0,97,0
v122,2026102313,0,719,A2,7429.0,1,0,0,19,6,0,0
v122,2026102313,0,719,opponent,155144.0,3,0,16,1,11,0,0
v122,2026102313,1,0,A2,3000.0,1,0,0,0,0,0,0
v122,2026102313,1,0,opponent,3000.0,1,0,0,0,0,0,0
v122,2026102313,1,24,A2,4.0,1,15,4,1,0,2,0
v122,2026102313,1,24,opponent,23.0,1,19,4,0,0,3,0
v122,2026102313,1,48,A2,40.0,1,16,3,2,0,6,0
v122,2026102313,1,48,opponent,85.0,1,19,4,2,0,8,0
v122,2026102313,1,96,A2,160.0,1,19,3,3,0,17,0
v122,2026102313,1,96,opponent,284.0,1,19,6,0,0,12,0
v122,2026102313,1,144,A2,784.0,1,10,3,3,0,33,0
v122,2026102313,1,144,opponent,818.0,1,19,6,0,0,18,0
v122,2026102313,1,192,A2,1444.0,1,7,2,8,0,27,0
v122,2026102313,1,192,opponent,671.0,2,37,10,3,0,10,0
v122,2026102313,1,240,A2,2967.0,1,7,0,10,0,34,0
v122,2026102313,1,240,opponent,4367.0,2,37,13,0,0,9,0
v122,2026102313,1,288,A2,3831.0,1,7,0,10,0,12,0
v122,2026102313,1,288,opponent,18652.0,3,53,16,1,0,39,0
v122,2026102313,1,360,A2,4113.0,1,13,0,10,0,25,0
v122,2026102313,1,360,opponent,27455.0,3,57,16,1,0,57,0
v122,2026102313,1,480,A2,7418.0,1,0,0,23,0,6,0
v122,2026102313,1,480,opponent,64262.0,3,58,16,1,0,66,0
v122,2026102313,1,600,A2,7587.0,1,0,0,23,0,1,0
v122,2026102313,1,600,opponent,97999.0,3,58,16,1,0,91,0
v122,2026102313,1,696,A2,7527.0,1,0,0,23,0,1,0
v122,2026102313,1,696,opponent,116242.0,3,21,16,1,0,97,0
v122,2026102313,1,719,A2,7473.0,1,0,0,23,8,1,0
v122,2026102313,1,719,opponent,127901.0,3,0,16,1,11,0,0
v122,2026102314,0,0,A2,3000.0,1,0,0,0,0,0,0
v122,2026102314,0,0,opponent,3000.0,1,0,0,0,0,0,0
v122,2026102314,0,24,A2,144.0,1,10,5,1,0,1,0
v122,2026102314,0,24,opponent,23.0,1,19,4,0,0,3,0
v122,2026102314,0,48,A2,43.0,1,14,5,1,0,6,0
v122,2026102314,0,48,opponent,83.0,1,19,4,2,0,8,0
v122,2026102314,0,96,A2,670.0,1,12,4,2,0,17,0
v122,2026102314,0,96,opponent,281.0,1,19,6,0,0,12,0
v122,2026102314,0,144,A2,1090.0,1,7,4,2,0,40,0
v122,2026102314,0,144,opponent,802.0,1,19,6,0,0,18,0
v122,2026102314,0,192,A2,1736.0,1,12,3,3,0,45,0
v122,2026102314,0,192,opponent,633.0,2,37,10,3,0,9,0
v122,2026102314,0,240,A2,2319.0,1,14,3,4,0,70,0
v122,2026102314,0,240,opponent,2778.0,2,37,13,0,0,39,0
v122,2026102314,0,288,A2,3658.0,1,6,3,8,0,75,0
v122,2026102314,0,288,opponent,19073.0,3,53,17,0,0,67,0
v122,2026102314,0,360,A2,9432.0,1,0,3,13,0,43,0
v122,2026102314,0,360,opponent,31878.0,3,57,17,0,0,55,0
v122,2026102314,0,480,A2,17779.0,1,0,0,18,0,0,0
v122,2026102314,0,480,opponent,70109.0,3,58,17,0,0,79,0
v122,2026102314,0,600,A2,17640.0,1,0,0,19,0,0,0
v122,2026102314,0,600,opponent,114530.0,3,58,17,0,0,100,0
v122,2026102314,0,696,A2,17547.0,1,0,0,19,0,0,0
v122,2026102314,0,696,opponent,152063.0,3,21,17,0,0,96,0
v122,2026102314,0,719,A2,17493.0,1,0,0,19,8,0,0
v122,2026102314,0,719,opponent,164125.0,3,0,17,0,11,0,0
v122,2026102314,1,0,A2,3000.0,1,0,0,0,0,0,0
v122,2026102314,1,0,opponent,3000.0,1,0,0,0,0,0,0
v122,2026102314,1,24,A2,4.0,1,15,4,1,0,2,0
v122,2026102314,1,24,opponent,23.0,1,19,4,0,0,3,0
v122,2026102314,1,48,A2,40.0,1,16,3,2,0,6,0
v122,2026102314,1,48,opponent,85.0,1,19,4,2,0,8,0
v122,2026102314,1,96,A2,160.0,1,19,3,3,0,17,0
v122,2026102314,1,96,opponent,284.0,1,19,6,0,0,12,0
v122,2026102314,1,144,A2,784.0,1,10,3,3,0,33,0
v122,2026102314,1,144,opponent,818.0,1,19,6,0,0,18,0
v122,2026102314,1,192,A2,1401.0,1,8,2,8,0,27,0
v122,2026102314,1,192,opponent,670.0,2,37,10,3,0,10,0
v122,2026102314,1,240,A2,2221.0,1,13,2,8,0,33,0
v122,2026102314,1,240,opponent,2942.0,2,37,13,0,0,42,0
v122,2026102314,1,288,A2,4346.0,1,2,0,10,0,13,0
v122,2026102314,1,288,opponent,18802.0,3,53,17,0,0,84,0
v122,2026102314,1,360,A2,4450.0,1,8,1,9,0,19,0
v122,2026102314,1,360,opponent,33119.0,3,57,17,0,0,65,0
v122,2026102314,1,480,A2,7658.0,1,0,2,20,0,4,0
v122,2026102314,1,480,opponent,75421.0,3,58,17,0,0,85,0
v122,2026102314,1,600,A2,8059.0,1,0,0,25,0,0,0
v122,2026102314,1,600,opponent,130872.0,3,58,17,0,0,100,0
v122,2026102314,1,696,A2,8019.0,1,0,0,25,0,0,0
v122,2026102314,1,696,opponent,174198.0,3,21,14,3,0,100,0
v122,2026102314,1,719,A2,7965.0,1,0,0,25,8,0,0
v122,2026102314,1,719,opponent,188002.0,3,0,14,3,8,0,0
v122,2026102315,0,0,A2,3000.0,1,0,0,0,0,0,0
v122,2026102315,0,0,opponent,3000.0,1,0,0,0,0,0,0
v122,2026102315,0,24,A2,144.0,1,10,5,1,0,1,0
v122,2026102315,0,24,opponent,23.0,1,19,4,0,0,3,0
v122,2026102315,0,48,A2,43.0,1,14,5,1,0,6,0
v122,2026102315,0,48,opponent,83.0,1,19,4,2,0,8,0
v122,2026102315,0,96,A2,608.0,1,13,3,3,0,26,0
v122,2026102315,0,96,opponent,281.0,1,19,6,0,0,12,0
v122,2026102315,0,144,A2,1258.0,1,10,3,3,0,26,0
v122,2026102315,0,144,opponent,797.0,1,19,6,0,0,18,0
v122,2026102315,0,192,A2,1447.0,1,13,3,4,0,43,0
v122,2026102315,0,192,opponent,555.0,2,37,10,3,0,10,0
v122,2026102315,0,240,A2,1436.0,2,20,2,6,0,66,0
v122,2026102315,0,240,opponent,2819.0,2,37,13,0,0,39,0
v122,2026102315,0,288,A2,3362.0,2,17,1,21,0,85,0
v122,2026102315,0,288,opponent,18588.0,3,53,17,0,0,81,0
v122,2026102315,0,360,A2,5711.0,2,1,1,31,0,73,0
v122,2026102315,0,360,opponent,31158.0,3,57,17,0,0,63,0
v122,2026102315,0,480,A2,9223.0,2,2,0,41,0,20,0
v122,2026102315,0,480,opponent,72510.0,3,58,17,0,0,76,0
v122,2026102315,0,600,A2,11807.0,2,0,0,39,0,4,0
v122,2026102315,0,600,opponent,125264.0,3,58,17,0,0,97,0
v122,2026102315,0,696,A2,11744.0,2,0,0,39,0,2,0
v122,2026102315,0,696,opponent,162038.0,3,21,17,0,0,100,0
v122,2026102315,0,719,A2,11690.0,2,0,0,39,8,2,0
v122,2026102315,0,719,opponent,179936.0,3,0,17,0,11,0,0
v122,2026102315,1,0,A2,3000.0,1,0,0,0,0,0,0
v122,2026102315,1,0,opponent,3000.0,1,0,0,0,0,0,0
v122,2026102315,1,24,A2,4.0,1,15,4,1,0,2,0
v122,2026102315,1,24,opponent,23.0,1,19,4,0,0,3,0
v122,2026102315,1,48,A2,40.0,1,16,3,2,0,6,0
v122,2026102315,1,48,opponent,85.0,1,19,4,2,0,8,0
v122,2026102315,1,96,A2,310.0,1,16,3,3,0,23,0
v122,2026102315,1,96,opponent,284.0,1,19,6,0,0,12,0
v122,2026102315,1,144,A2,835.0,1,9,3,3,0,40,0
v122,2026102315,1,144,opponent,817.0,1,19,6,0,0,18,0
v122,2026102315,1,192,A2,1140.0,1,16,2,5,0,40,0
v122,2026102315,1,192,opponent,684.0,2,37,10,3,0,9,0
v122,2026102315,1,240,A2,1140.0,1,18,2,5,0,63,0
v122,2026102315,1,240,opponent,2520.0,2,37,13,0,0,39,0
v122,2026102315,1,288,A2,1749.0,1,14,2,5,0,88,0
v122,2026102315,1,288,opponent,17587.0,3,53,17,0,0,67,0
v122,2026102315,1,360,A2,6595.0,1,3,1,18,0,43,0
v122,2026102315,1,360,opponent,28079.0,3,57,17,0,0,55,0
v122,2026102315,1,480,A2,9171.0,1,0,0,23,0,3,0
v122,2026102315,1,480,opponent,53770.0,3,58,17,0,0,71,0
v122,2026102315,1,600,A2,9185.0,1,0,0,24,0,1,0
v122,2026102315,1,600,opponent,89066.0,3,58,16,1,0,100,0
v122,2026102315,1,696,A2,9105.0,1,0,0,24,0,1,0
v122,2026102315,1,696,opponent,114360.0,3,21,15,2,0,96,0
v122,2026102315,1,719,A2,9085.0,1,0,0,24,6,1,0
v122,2026102315,1,719,opponent,127701.0,3,0,15,2,11,0,2
v122,2026102316,0,0,A2,3000.0,1,0,0,0,0,0,0
v122,2026102316,0,0,opponent,3000.0,1,0,0,0,0,0,0
v122,2026102316,0,24,A2,144.0,1,10,5,1,0,1,0
v122,2026102316,0,24,opponent,23.0,1,19,4,0,0,3,0
v122,2026102316,0,48,A2,43.0,1,14,5,1,0,6,0
v122,2026102316,0,48,opponent,83.0,1,19,4,2,0,8,0
v122,2026102316,0,96,A2,608.0,1,13,3,3,0,26,0
v122,2026102316,0,96,opponent,281.0,1,19,6,0,0,12,0
v122,2026102316,0,144,A2,1143.0,1,6,3,3,0,37,0
v122,2026102316,0,144,opponent,801.0,1,19,6,0,0,18,0
v122,2026102316,0,192,A2,1404.0,1,7,1,7,0,41,0
v122,2026102316,0,192,opponent,636.0,2,37,10,3,0,10,0
v122,2026102316,0,240,A2,1322.0,1,5,1,9,0,60,0
v122,2026102316,0,240,opponent,3070.0,2,37,13,0,0,39,0
v122,2026102316,0,288,A2,2517.0,1,1,1,14,0,46,0
v122,2026102316,0,288,opponent,18641.0,3,53,17,0,0,81,0
v122,2026102316,0,360,A2,8406.0,1,0,1,17,0,5,0
v122,2026102316,0,360,opponent,32213.0,3,57,17,0,0,65,0
v122,2026102316,0,480,A2,8592.0,1,0,0,18,0,0,0
v122,2026102316,0,480,opponent,70768.0,3,58,17,0,0,93,0
v122,2026102316,0,600,A2,8432.0,1,0,0,18,0,0,0
v122,2026102316,0,600,opponent,122721.0,3,58,17,0,0,100,0
v122,2026102316,0,696,A2,8339.0,1,0,0,18,0,0,0
v122,2026102316,0,696,opponent,158664.0,3,21,17,0,0,100,0
v122,2026102316,0,719,A2,8285.0,1,0,0,19,8,0,0
v122,2026102316,0,719,opponent,176795.0,3,0,17,0,11,0,0
v122,2026102316,1,0,A2,3000.0,1,0,0,0,0,0,0
v122,2026102316,1,0,opponent,3000.0,1,0,0,0,0,0,0
v122,2026102316,1,24,A2,4.0,1,15,4,1,0,2,0
v122,2026102316,1,24,opponent,23.0,1,19,4,0,0,3,0
v122,2026102316,1,48,A2,40.0,1,16,3,2,0,6,0
v122,2026102316,1,48,opponent,85.0,1,19,4,2,0,8,0
v122,2026102316,1,96,A2,160.0,1,19,3,3,0,17,0
v122,2026102316,1,96,opponent,285.0,1,19,6,0,0,12,0
v122,2026102316,1,144,A2,576.0,1,11,3,4,0,35,0
v122,2026102316,1,144,opponent,818.0,1,19,6,0,0,18,0
v122,2026102316,1,192,A2,1182.0,1,9,3,8,0,33,0
v122,2026102316,1,192,opponent,621.0,2,37,10,3,0,11,0
v122,2026102316,1,240,A2,2498.0,1,10,0,11,0,49,0
v122,2026102316,1,240,opponent,2648.0,2,37,13,0,0,43,0
v122,2026102316,1,288,A2,4008.0,1,4,0,11,0,28,0
v122,2026102316,1,288,opponent,19033.0,3,53,17,0,0,67,0
v122,2026102316,1,360,A2,3710.0,2,4,3,26,0,24,0
v122,2026102316,1,360,opponent,32427.0,3,57,17,0,0,52,0
v122,2026102316,1,480,A2,6582.0,2,10,0,31,0,11,0
v122,2026102316,1,480,opponent,73699.0,3,58,17,0,0,79,0
v122,2026102316,1,600,A2,6763.0,2,4,0,32,0,13,0
v122,2026102316,1,600,opponent,124315.0,3,58,17,0,0,100,0
v122,2026102316,1,696,A2,6910.0,2,1,0,38,0,11,0
v122,2026102316,1,696,opponent,167269.0,3,21,17,0,0,96,0
v122,2026102316,1,719,A2,6856.0,2,1,0,39,8,11,0
v122,2026102316,1,719,opponent,180377.0,3,0,17,0,11,0,0
v124,2026102301,0,0,A2,3000.0,1,0,0,0,0,0,0
v124,2026102301,0,0,opponent,3000.0,1,0,0,0,0,0,0
v124,2026102301,0,24,A2,144.0,1,10,5,1,0,1,0
v124,2026102301,0,24,opponent,23.0,1,19,4,0,0,3,0
v124,2026102301,0,48,A2,43.0,1,14,5,1,0,6,0
v124,2026102301,0,48,opponent,83.0,1,19,4,2,0,8,0
v124,2026102301,0,96,A2,608.0,1,13,3,3,0,26,0
v124,2026102301,0,96,opponent,281.0,1,19,6,0,0,12,0
v124,2026102301,0,144,A2,1143.0,1,6,3,3,0,37,0
v124,2026102301,0,144,opponent,801.0,1,19,6,0,0,18,0
v124,2026102301,0,192,A2,1466.0,1,8,1,7,0,39,0
v124,2026102301,0,192,opponent,637.0,2,37,10,3,0,10,0
v124,2026102301,0,240,A2,1340.0,1,10,1,8,0,57,0
v124,2026102301,0,240,opponent,4559.0,2,37,13,0,0,9,0
v124,2026102301,0,288,A2,2402.0,1,1,1,11,0,45,0
v124,2026102301,0,288,opponent,19958.0,3,53,16,1,0,39,0
v124,2026102301,0,360,A2,7227.0,1,1,1,14,0,11,0
v124,2026102301,0,360,opponent,31111.0,3,57,16,1,0,57,0
v124,2026102301,0,480,A2,7727.0,1,0,0,21,0,0,0
v124,2026102301,0,480,opponent,76632.0,3,58,16,1,0,67,0
v124,2026102301,0,600,A2,6451.0,2,9,0,28,0,6,0
v124,2026102301,0,600,opponent,127495.0,3,58,16,1,0,93,0
v124,2026102301,0,696,A2,7076.0,2,0,0,30,0,7,0
v124,2026102301,0,696,opponent,168337.0,3,21,16,1,0,96,0
v124,2026102301,0,719,A2,7318.0,2,0,0,31,8,0,0
v124,2026102301,0,719,opponent,184716.0,3,0,16,1,11,0,0
v124,2026102301,1,0,A2,3000.0,1,0,0,0,0,0,0
v124,2026102301,1,0,opponent,3000.0,1,0,0,0,0,0,0
v124,2026102301,1,24,A2,4.0,1,15,4,1,0,2,0
v124,2026102301,1,24,opponent,23.0,1,19,4,0,0,3,0
v124,2026102301,1,48,A2,40.0,1,16,3,2,0,6,0
v124,2026102301,1,48,opponent,85.0,1,19,4,2,0,8,0
v124,2026102301,1,96,A2,160.0,1,19,3,3,0,17,0
v124,2026102301,1,96,opponent,284.0,1,19,6,0,0,12,0
v124,2026102301,1,144,A2,784.0,1,10,3,3,0,33,0
v124,2026102301,1,144,opponent,818.0,1,19,6,0,0,18,0
v124,2026102301,1,192,A2,1444.0,1,7,2,8,0,27,0
v124,2026102301,1,192,opponent,671.0,2,37,10,3,0,10,0
v124,2026102301,1,240,A2,2876.0,1,8,1,9,0,35,0
v124,2026102301,1,240,opponent,4630.0,2,37,13,0,0,9,0
v124,2026102301,1,288,A2,3649.0,1,2,0,10,0,14,0
v124,2026102301,1,288,opponent,20039.0,3,53,16,1,0,39,0
v124,2026102301,1,360,A2,4961.0,1,12,0,10,0,11,0
v124,2026102301,1,360,opponent,31348.0,3,57,16,1,0,57,0
v124,2026102301,1,480,A2,7599.0,1,0,0,20,0,5,0
v124,2026102301,1,480,opponent,76814.0,3,58,16,1,0,67,0
v124,2026102301,1,600,A2,7653.0,1,0,0,20,0,1,0
v124,2026102301,1,600,opponent,124304.0,3,58,16,1,0,89,0
v124,2026102301,1,696,A2,7633.0,1,0,0,20,0,1,0
v124,2026102301,1,696,opponent,169382.0,3,21,16,1,0,83,0
v124,2026102301,1,719,A2,7579.0,1,0,0,20,8,1,0
v124,2026102301,1,719,opponent,182055.0,3,0,16,1,11,0,0
v124,2026102302,0,0,A2,3000.0,1,0,0,0,0,0,0
v124,2026102302,0,0,opponent,3000.0,1,0,0,0,0,0,0
v124,2026102302,0,24,A2,144.0,1,10,5,1,0,1,0
v124,2026102302,0,24,opponent,23.0,1,19,4,0,0,3,0
v124,2026102302,0,48,A2,43.0,1,14,5,1,0,6,0
v124,2026102302,0,48,opponent,83.0,1,19,4,2,0,8,0
v124,2026102302,0,96,A2,670.0,1,12,4,2,0,17,0
v124,2026102302,0,96,opponent,281.0,1,19,6,0,0,12,0
v124,2026102302,0,144,A2,1244.0,1,5,4,2,0,33,0
v124,2026102302,0,144,opponent,800.0,1,19,6,0,0,18,0
v124,2026102302,0,192,A2,2212.0,1,8,3,5,0,28,0
v124,2026102302,0,192,opponent,830.0,2,37,10,3,0,9,0
v124,2026102302,0,240,A2,3392.0,2,16,1,11,0,40,0
v124,2026102302,0,240,opponent,2613.0,2,37,13,0,0,39,0
v124,2026102302,0,288,A2,3381.0,2,16,1,24,0,54,0
v124,2026102302,0,288,opponent,17479.0,3,53,17,0,0,67,0
v124,2026102302,0,360,A2,5802.0,2,4,1,31,0,25,0
v124,2026102302,0,360,opponent,26241.0,3,57,17,0,0,61,0
v124,2026102302,0,480,A2,7215.0,2,4,1,35,0,2,0
v124,2026102302,0,480,opponent,47993.0,3,58,17,0,0,96,0
v124,2026102302,0,600,A2,7305.0,2,1,0,35,0,0,0
v124,2026102302,0,600,opponent,60002.0,3,58,17,0,0,100,0
v124,2026102302,0,696,A2,7264.0,2,0,0,36,0,0,0
v124,2026102302,0,696,opponent,80366.0,3,21,16,0,0,90,0
v124,2026102302,0,719,A2,7210.0,2,0,0,37,8,0,0
v124,2026102302,0,719,opponent,131147.0,3,0,16,0,11,0,3
v124,2026102302,1,0,A2,3000.0,1,0,0,0,0,0,0
v124,2026102302,1,0,opponent,3000.0,1,0,0,0,0,0,0
v124,2026102302,1,24,A2,4.0,1,15,4,1,0,2,0
v124,2026102302,1,24,opponent,23.0,1,19,4,0,0,3,0
v124,2026102302,1,48,A2,40.0,1,16,3,2,0,6,0
v124,2026102302,1,48,opponent,85.0,1,19,4,2,0,8,0
v124,2026102302,1,96,A2,310.0,1,16,3,3,0,23,0
v124,2026102302,1,96,opponent,284.0,1,19,6,0,0,12,0
v124,2026102302,1,144,A2,815.0,1,11,3,4,0,40,0
v124,2026102302,1,144,opponent,817.0,1,19,6,0,0,18,0
v124,2026102302,1,192,A2,1199.0,1,10,3,4,0,46,0
v124,2026102302,1,192,opponent,682.0,2,37,10,3,0,9,0
v124,2026102302,1,240,A2,1711.0,1,15,1,6,0,70,0
v124,2026102302,1,240,opponent,3083.0,2,37,13,0,0,39,0
v124,2026102302,1,288,A2,2829.0,1,4,0,12,0,73,0
v124,2026102302,1,288,opponent,19512.0,3,53,17,0,0,67,0
v124,2026102302,1,360,A2,9837.0,1,2,0,16,0,16,0
v124,2026102302,1,360,opponent,32522.0,3,57,17,0,0,53,0
v124,2026102302,1,480,A2,11942.0,1,0,0,20,0,1,0
v124,2026102302,1,480,opponent,65682.0,3,58,17,0,0,82,0
v124,2026102302,1,600,A2,11862.0,1,0,0,22,0,1,0
v124,2026102302,1,600,opponent,99454.0,3,58,17,0,0,100,0
v124,2026102302,1,696,A2,11862.0,1,0,0,22,0,1,0
v124,2026102302,1,696,opponent,126462.0,3,21,16,0,0,92,0
v124,2026102302,1,719,A2,11842.0,1,0,0,22,6,1,0
v124,2026102302,1,719,opponent,150694.0,3,0,16,0,11,0,0
v124,2026102303,0,0,A2,3000.0,1,0,0,0,0,0,0
v124,2026102303,0,0,opponent,3000.0,1,0,0,0,0,0,0
v124,2026102303,0,24,A2,144.0,1,10,5,1,0,1,0
v124,2026102303,0,24,opponent,23.0,1,19,4,0,0,3,0
v124,2026102303,0,48,A2,43.0,1,14,5,1,0,6,0
v124,2026102303,0,48,opponent,83.0,1,19,4,2,0,8,0
v124,2026102303,0,96,A2,608.0,1,13,3,3,0,26,0
v124,2026102303,0,96,opponent,281.0,1,19,6,0,0,12,0
v124,2026102303,0,144,A2,1256.0,1,10,3,3,0,26,0
v124,2026102303,0,144,opponent,800.0,1,19,6,0,0,18,0
v124,2026102303,0,192,A2,1549.0,1,11,3,3,0,46,0
v124,2026102303,0,192,opponent,561.0,2,37,10,3,0,10,0
v124,2026102303,0,240,A2,1574.0,1,15,2,4,0,74,0
v124,2026102303,0,240,opponent,2867.0,2,37,13,0,0,39,0
v124,2026102303,0,288,A2,2471.0,1,4,1,16,0,92,0
v124,2026102303,0,288,opponent,18759.0,3,53,17,0,0,81,0
v124,2026102303,0,360,A2,11857.0,1,0,0,23,0,2,0
v124,2026102303,0,360,opponent,31322.0,3,57,17,0,0,67,0
v124,2026102303,0,480,A2,11763.0,1,0,0,23,0,0,0
v124,2026102303,0,480,opponent,62965.0,4,68,17,0,0,78,0
v124,2026102303,0,600,A2,11671.0,1,0,0,23,0,0,0
v124,2026102303,0,600,opponent,107374.0,4,68,17,0,0,100,0
v124,2026102303,0,696,A2,11611.0,1,0,0,23,0,0,0
v124,2026102303,0,696,opponent,141980.0,4,31,17,0,0,100,0
v124,2026102303,0,719,A2,11591.0,1,0,0,23,6,0,0
v124,2026102303,0,719,opponent,162865.0,4,10,17,0,13,0,0
v124,2026102303,1,0,A2,3000.0,1,0,0,0,0,0,0
v124,2026102303,1,0,opponent,3000.0,1,0,0,0,0,0,0
v124,2026102303,1,24,A2,4.0,1,15,4,1,0,2,0
v124,2026102303,1,24,opponent,23.0,1,19,4,0,0,3,0
v124,2026102303,1,48,A2,40.0,1,16,3,2,0,6,0
v124,2026102303,1,48,opponent,85.0,1,19,4,2,0,8,0
v124,2026102303,1,96,A2,160.0,1,19,3,3,0,17,0
v124,2026102303,1,96,opponent,284.0,1,19,6,0,0,12,0
v124,2026102303,1,144,A2,784.0,1,10,3,3,0,33,0
v124,2026102303,1,144,opponent,818.0,1,19,6,0,0,18,0
v124,2026102303,1,192,A2,1444.0,1,7,2,8,0,27,0
v124,2026102303,1,192,opponent,671.0,2,37,10,3,0,10,0
v124,2026102303,1,240,A2,2792.0,1,7,0,10,0,32,0
v124,2026102303,1,240,opponent,1844.0,2,37,13,0,0,44,0
v124,2026102303,1,288,A2,3607.0,1,7,0,10,0,15,0
v124,2026102303,1,288,opponent,16388.0,3,53,17,0,0,84,0
v124,2026102303,1,360,A2,5080.0,1,11,0,12,0,18,0
v124,2026102303,1,360,opponent,28452.0,3,57,17,0,0,71,0
v124,2026102303,1,480,A2,7423.0,1,0,0,23,0,2,0
v124,2026102303,1,480,opponent,63740.0,4,68,17,0,0,72,0
v124,2026102303,1,600,A2,7582.0,1,0,0,23,0,1,0
v124,2026102303,1,600,opponent,105525.0,4,68,17,0,0,100,0
v124,2026102303,1,696,A2,7582.0,1,0,0,23,0,1,0
v124,2026102303,1,696,opponent,142927.0,4,31,17,0,0,100,0
v124,2026102303,1,719,A2,7562.0,1,0,0,23,6,1,0
v124,2026102303,1,719,opponent,163256.0,4,10,17,0,13,0,0
v124,2026102304,0,0,A2,3000.0,1,0,0,0,0,0,0
v124,2026102304,0,0,opponent,3000.0,1,0,0,0,0,0,0
v124,2026102304,0,24,A2,144.0,1,10,5,1,0,1,0
v124,2026102304,0,24,opponent,23.0,1,19,4,0,0,3,0
v124,2026102304,0,48,A2,43.0,1,14,5,1,0,6,0
v124,2026102304,0,48,opponent,83.0,1,19,4,2,0,8,0
v124,2026102304,0,96,A2,670.0,1,12,4,2,0,17,0
v124,2026102304,0,96,opponent,281.0,1,19,6,0,0,12,0
v124,2026102304,0,144,A2,1106.0,1,6,4,2,0,33,0
v124,2026102304,0,144,opponent,798.0,1,19,6,0,0,18,0
v124,2026102304,0,192,A2,1710.0,1,9,2,5,0,31,0
v124,2026102304,0,192,opponent,638.0,2,37,10,3,0,9,0
v124,2026102304,0,240,A2,1669.0,1,12,2,5,0,55,0
v124,2026102304,0,240,opponent,2613.0,2,37,13,0,0,39,0
v124,2026102304,0,288,A2,3020.0,1,2,1,15,0,57,0
v124,2026102304,0,288,opponent,18221.0,3,53,17,0,0,81,0
v124,2026102304,0,360,A2,10859.0,1,0,1,20,0,12,0
v124,2026102304,0,360,opponent,29718.0,3,57,17,0,0,72,0
v124,2026102304,0,480,A2,12082.0,1,0,0,23,0,0,0
v124,2026102304,0,480,opponent,67115.0,3,58,17,0,0,78,0
v124,2026102304,0,600,A2,11982.0,1,0,0,23,0,0,0
v124,2026102304,0,600,opponent,106918.0,3,58,17,0,0,100,0
v124,2026102304,0,696,A2,11922.0,1,0,0,23,0,0,0
v124,2026102304,0,696,opponent,133138.0,3,21,17,0,0,100,0
v124,2026102304,0,719,A2,11868.0,1,0,0,23,8,0,0
v124,2026102304,0,719,opponent,152599.0,3,0,17,0,11,0,0
v124,2026102304,1,0,A2,3000.0,1,0,0,0,0,0,0
v124,2026102304,1,0,opponent,3000.0,1,0,0,0,0,0,0
v124,2026102304,1,24,A2,4.0,1,15,4,1,0,2,0
v124,2026102304,1,24,opponent,23.0,1,19,4,0,0,3,0
v124,2026102304,1,48,A2,40.0,1,16,3,2,0,6,0
v124,2026102304,1,48,opponent,85.0,1,19,4,2,0,8,0
v124,2026102304,1,96,A2,160.0,1,19,3,3,0,17,0
v124,2026102304,1,96,opponent,285.0,1,19,6,0,0,12,0
v124,2026102304,1,144,A2,670.0,1,11,3,4,0,36,0
v124,2026102304,1,144,opponent,818.0,1,19,6,0,0,18,0
v124,2026102304,1,192,A2,1250.0,1,7,1,9,0,39,0
v124,2026102304,1,192,opponent,684.0,2,37,10,3,0,9,0
v124,2026102304,1,240,A2,1346.0,1,9,0,10,0,47,0
v124,2026102304,1,240,opponent,3114.0,2,37,13,0,0,39,0
v124,2026102304,1,288,A2,1811.0,1,6,0,11,0,49,0
v124,2026102304,1,288,opponent,19182.0,3,53,17,0,0,81,0
v124,2026102304,1,360,A2,8112.0,1,0,0,22,0,6,0
v124,2026102304,1,360,opponent,32777.0,3,57,17,0,0,64,0
v124,2026102304,1,480,A2,8213.0,1,0,0,23,0,1,0
v124,2026102304,1,480,opponent,74515.0,3,58,17,0,0,73,0
v124,2026102304,1,600,A2,8153.0,1,0,0,24,0,1,0
v124,2026102304,1,600,opponent,121391.0,3,58,17,0,0,95,0
v124,2026102304,1,696,A2,8121.0,1,0,0,24,0,1,0
v124,2026102304,1,696,opponent,157176.0,3,21,17,0,0,98,0
v124,2026102304,1,719,A2,8067.0,1,0,0,24,8,1,0
v124,2026102304,1,719,opponent,175142.0,3,0,17,0,11,0,0
v124,2026102305,0,0,A2,3000.0,1,0,0,0,0,0,0
v124,2026102305,0,0,opponent,3000.0,1,0,0,0,0,0,0
v124,2026102305,0,24,A2,144.0,1,10,5,1,0,1,0
v124,2026102305,0,24,opponent,23.0,1,19,4,0,0,3,0
v124,2026102305,0,48,A2,43.0,1,14,5,1,0,6,0
v124,2026102305,0,48,opponent,83.0,1,19,4,2,0,8,0
v124,2026102305,0,96,A2,608.0,1,13,3,3,0,26,0
v124,2026102305,0,96,opponent,281.0,1,19,6,0,0,12,0
v124,2026102305,0,144,A2,1258.0,1,10,3,3,0,26,0
v124,2026102305,0,144,opponent,797.0,1,19,6,0,0,18,0
v124,2026102305,0,192,A2,1671.0,1,12,3,5,0,41,0
v124,2026102305,0,192,opponent,640.0,2,37,10,3,0,9,0
v124,2026102305,0,240,A2,2392.0,1,13,3,5,0,62,0
v124,2026102305,0,240,opponent,2917.0,2,37,13,0,0,39,0
v124,2026102305,0,288,A2,3102.0,1,13,2,7,0,75,0
v124,2026102305,0,288,opponent,19375.0,3,53,17,0,0,67,0
v124,2026102305,0,360,A2,8067.0,1,5,1,14,0,29,0
v124,2026102305,0,360,opponent,32369.0,3,57,17,0,0,53,0
v124,2026102305,0,480,A2,13012.0,1,0,0,22,0,0,0
v124,2026102305,0,480,opponent,66669.0,3,58,17,0,0,82,0
v124,2026102305,0,600,A2,12912.0,1,0,0,22,0,0,0
v124,2026102305,0,600,opponent,105346.0,3,58,17,0,0,100,0
v124,2026102305,0,696,A2,12912.0,1,0,0,22,0,0,0
v124,2026102305,0,696,opponent,140714.0,3,21,16,0,0,92,0
v124,2026102305,0,719,A2,12858.0,1,0,0,22,8,0,0
v124,2026102305,0,719,opponent,154200.0,3,0,16,0,11,0,0
v124,2026102305,1,0,A2,3000.0,1,0,0,0,0,0,0
v124,2026102305,1,0,opponent,3000.0,1,0,0,0,0,0,0
v124,2026102305,1,24,A2,4.0,1,15,4,1,0,2,0
v124,2026102305,1,24,opponent,23.0,1,19,4,0,0,3,0
v124,2026102305,1,48,A2,40.0,1,16,3,2,0,6,0
v124,2026102305,1,48,opponent,85.0,1,19,4,2,0,8,0
v124,2026102305,1,96,A2,310.0,1,17,3,3,0,17,0
v124,2026102305,1,96,opponent,285.0,1,19,6,0,0,12,0
v124,2026102305,1,144,A2,692.0,1,9,3,4,0,30,0
v124,2026102305,1,144,opponent,818.0,1,19,6,0,0,18,0
v124,2026102305,1,192,A2,1126.0,1,9,3,7,0,33,0
v124,2026102305,1,192,opponent,684.0,2,37,10,3,0,9,0
v124,2026102305,1,240,A2,1925.0,1,6,3,7,0,53,0
v124,2026102305,1,240,opponent,2548.0,2,37,13,0,0,39,0
v124,2026102305,1,288,A2,2453.0,1,5,1,9,0,62,0
v124,2026102305,1,288,opponent,18117.0,3,53,17,0,0,67,0
v124,2026102305,1,360,A2,6036.0,1,12,0,10,0,32,0
v124,2026102305,1,360,opponent,29428.0,3,57,17,0,0,53,0
v124,2026102305,1,480,A2,9437.0,1,0,0,19,0,3,0
v124,2026102305,1,480,opponent,57111.0,3,58,17,0,0,82,0
v124,2026102305,1,600,A2,9762.0,1,0,0,20,0,1,0
v124,2026102305,1,600,opponent,93232.0,3,58,17,0,0,100,0
v124,2026102305,1,696,A2,9762.0,1,0,0,20,0,1,0
v124,2026102305,1,696,opponent,125772.0,3,21,16,0,0,92,0
v124,2026102305,1,719,A2,9708.0,1,0,0,20,8,1,0
v124,2026102305,1,719,opponent,137835.0,3,0,16,0,11,0,0
v124,2026102306,0,0,A2,3000.0,1,0,0,0,0,0,0
v124,2026102306,0,0,opponent,3000.0,1,0,0,0,0,0,0
v124,2026102306,0,24,A2,144.0,1,10,5,1,0,1,0
v124,2026102306,0,24,opponent,23.0,1,19,4,0,0,3,0
v124,2026102306,0,48,A2,43.0,1,14,5,1,0,6,0
v124,2026102306,0,48,opponent,83.0,1,19,4,2,0,8,0
v124,2026102306,0,96,A2,608.0,1,13,3,3,0,26,0
v124,2026102306,0,96,opponent,281.0,1,19,6,0,0,12,0
v124,2026102306,0,144,A2,1143.0,1,6,3,3,0,37,0
v124,2026102306,0,144,opponent,801.0,1,19,6,0,0,18,0
v124,2026102306,0,192,A2,1401.0,1,7,1,7,0,41,0
v124,2026102306,0,192,opponent,637.0,2,37,10,3,0,10,0
v124,2026102306,0,240,A2,1325.0,1,5,1,9,0,59,0
v124,2026102306,0,240,opponent,2750.0,2,37,13,0,0,39,0
v124,2026102306,0,288,A2,5354.0,1,0,1,12,0,31,0
v124,2026102306,0,288,opponent,15738.0,3,53,17,1,0,92,0
v124,2026102306,0,360,A2,7636.0,1,1,0,13,0,1,0
v124,2026102306,0,360,opponent,26477.0,3,57,17,1,0,74,0
v124,2026102306,0,480,A2,7721.0,1,0,0,15,0,0,0
v124,2026102306,0,480,opponent,64822.0,3,58,17,0,0,71,0
v124,2026102306,0,600,A2,7608.0,1,0,0,16,0,0,0
v124,2026102306,0,600,opponent,100869.0,3,58,17,0,0,90,0
v124,2026102306,0,696,A2,7535.0,1,0,0,16,0,0,0
v124,2026102306,0,696,opponent,133364.0,3,21,17,0,0,99,0
v124,2026102306,0,719,A2,7481.0,1,0,0,16,8,0,0
v124,2026102306,0,719,opponent,150929.0,3,0,17,0,11,0,4
v124,2026102306,1,0,A2,3000.0,1,0,0,0,0,0,0
v124,2026102306,1,0,opponent,3000.0,1,0,0,0,0,0,0
v124,2026102306,1,24,A2,4.0,1,15,4,1,0,2,0
v124,2026102306,1,24,opponent,23.0,1,19,4,0,0,3,0
v124,2026102306,1,48,A2,40.0,1,16,3,2,0,6,0
v124,2026102306,1,48,opponent,85.0,1,19,4,2,0,8,0
v124,2026102306,1,96,A2,160.0,1,19,3,3,0,17,0
v124,2026102306,1,96,opponent,284.0,1,19,6,0,0,12,0
v124,2026102306,1,144,A2,784.0,1,10,3,3,0,33,0
v124,2026102306,1,144,opponent,818.0,1,19,6,0,0,18,0
v124,2026102306,1,192,A2,1404.0,1,8,2,8,0,27,0
v124,2026102306,1,192,opponent,671.0,2,37,10,3,0,10,0
v124,2026102306,1,240,A2,2240.0,1,13,2,8,0,31,0
v124,2026102306,1,240,opponent,2805.0,2,37,13,0,0,40,0
v124,2026102306,1,288,A2,3002.0,1,1,0,10,0,23,0
v124,2026102306,1,288,opponent,17910.0,3,53,17,0,0,82,0
v124,2026102306,1,360,A2,4255.0,1,11,1,10,0,21,0
v124,2026102306,1,360,opponent,30003.0,3,57,17,0,0,67,0
v124,2026102306,1,480,A2,7962.0,1,0,1,21,0,2,0
v124,2026102306,1,480,opponent,60542.0,3,58,17,0,0,87,0
v124,2026102306,1,600,A2,8039.0,1,0,0,22,0,1,0
v124,2026102306,1,600,opponent,84357.0,3,58,17,0,0,100,0
v124,2026102306,1,696,A2,7979.0,1,0,0,22,0,1,0
v124,2026102306,1,696,opponent,108744.0,3,21,17,0,0,100,0
v124,2026102306,1,719,A2,7946.0,1,0,0,22,7,1,0
v124,2026102306,1,719,opponent,127322.0,3,0,17,0,11,0,0
v124,2026102307,0,0,A2,3000.0,1,0,0,0,0,0,0
v124,2026102307,0,0,opponent,3000.0,1,0,0,0,0,0,0
v124,2026102307,0,24,A2,144.0,1,10,5,1,0,1,0
v124,2026102307,0,24,opponent,23.0,1,19,4,0,0,3,0
v124,2026102307,0,48,A2,43.0,1,14,5,1,0,6,0
v124,2026102307,0,48,opponent,83.0,1,19,4,2,0,8,0
v124,2026102307,0,96,A2,608.0,1,12,3,3,0,26,0
v124,2026102307,0,96,opponent,281.0,1,19,6,0,0,12,0
v124,2026102307,0,144,A2,1505.0,1,6,3,3,0,19,0
v124,2026102307,0,144,opponent,801.0,1,19,6,0,0,18,0
v124,2026102307,0,192,A2,2037.0,1,4,3,5,0,22,0
v124,2026102307,0,192,opponent,584.0,2,37,10,3,0,11,0
v124,2026102307,0,240,A2,4418.0,1,8,2,8,0,30,0
v124,2026102307,0,240,opponent,2732.0,2,37,13,0,0,43,0
v124,2026102307,0,288,A2,5489.0,1,1,1,14,0,28,0
v124,2026102307,0,288,opponent,18796.0,3,53,17,0,0,85,0
v124,2026102307,0,360,A2,7740.0,2,3,0,31,0,4,0
v124,2026102307,0,360,opponent,31552.0,3,57,17,0,0,71,0
v124,2026102307,0,480,A2,7762.0,2,0,0,44,0,0,0
v124,2026102307,0,480,opponent,69127.0,3,58,17,0,0,79,0
v124,2026102307,0,600,A2,7555.0,2,0,0,40,0,0,0
v124,2026102307,0,600,opponent,114215.0,3,58,17,0,0,100,0
v124,2026102307,0,696,A2,7299.0,2,0,0,41,0,1,0
v124,2026102307,0,696,opponent,144507.0,3,21,17,0,0,100,0
v124,2026102307,0,719,A2,7292.0,2,0,0,42,8,0,0
v124,2026102307,0,719,opponent,162658.0,3,0,17,0,11,0,0
v124,2026102307,1,0,A2,3000.0,1,0,0,0,0,0,0
v124,2026102307,1,0,opponent,3000.0,1,0,0,0,0,0,0
v124,2026102307,1,24,A2,4.0,1,15,4,1,0,2,0
v124,2026102307,1,24,opponent,23.0,1,19,4,0,0,3,0
v124,2026102307,1,48,A2,40.0,1,16,3,2,0,6,0
v124,2026102307,1,48,opponent,85.0,1,19,4,2,0,8,0
v124,2026102307,1,96,A2,160.0,1,19,3,3,0,17,0
v124,2026102307,1,96,opponent,284.0,1,19,6,0,0,12,0
v124,2026102307,1,144,A2,784.0,1,10,3,3,0,33,0
v124,2026102307,1,144,opponent,818.0,1,19,6,0,0,18,0
v124,2026102307,1,192,A2,1431.0,1,7,2,8,0,27,0
v124,2026102307,1,192,opponent,670.0,2,37,10,3,0,10,0
v124,2026102307,1,240,A2,2717.0,1,7,1,9,0,34,0
v124,2026102307,1,240,opponent,2902.0,2,37,13,0,0,39,0
v124,2026102307,1,288,A2,3495.0,1,4,0,10,0,23,0
v124,2026102307,1,288,opponent,16108.0,3,53,17,1,0,92,0
v124,2026102307,1,360,A2,6294.0,1,4,0,10,0,10,0
v124,2026102307,1,360,opponent,26829.0,3,57,17,1,0,80,0
v124,2026102307,1,480,A2,7987.0,1,2,0,14,0,15,0
v124,2026102307,1,480,opponent,68921.0,3,58,17,0,0,71,0
v124,2026102307,1,600,A2,8391.0,1,0,0,17,0,1,0
v124,2026102307,1,600,opponent,117381.0,3,58,17,0,0,89,0
v124,2026102307,1,696,A2,8331.0,1,0,0,17,0,1,0
v124,2026102307,1,696,opponent,151973.0,3,21,17,0,0,100,0
v124,2026102307,1,719,A2,8298.0,1,0,0,18,7,1,0
v124,2026102307,1,719,opponent,171634.0,3,0,17,0,11,0,0
v124,2026102308,0,0,A2,3000.0,1,0,0,0,0,0,0
v124,2026102308,0,0,opponent,3000.0,1,0,0,0,0,0,0
v124,2026102308,0,24,A2,144.0,1,10,5,1,0,1,0
v124,2026102308,0,24,opponent,23.0,1,19,4,0,0,3,0
v124,2026102308,0,48,A2,21.0,1,17,3,3,0,5,0
v124,2026102308,0,48,opponent,85.0,1,19,4,2,0,8,0
v124,2026102308,0,96,A2,867.0,1,8,2,4,0,11,0
v124,2026102308,0,96,opponent,280.0,1,19,6,0,0,12,0
v124,2026102308,0,144,A2,1396.0,1,3,1,5,0,2,0
v124,2026102308,0,144,opponent,812.0,1,19,6,0,0,18,0
v124,2026102308,0,192,A2,1404.0,1,3,0,6,0,9,0
v124,2026102308,0,192,opponent,495.0,2,37,10,3,0,10,0
v124,2026102308,0,240,A2,1157.0,1,6,0,7,0,16,0
v124,2026102308,0,240,opponent,4620.0,2,37,13,0,0,9,0
v124,2026102308,0,288,A2,1699.0,1,0,0,12,0,18,0
v124,2026102308,0,288,opponent,20482.0,3,53,16,1,0,39,0
v124,2026102308,0,360,A2,4356.0,1,0,0,12,0,0,0
v124,2026102308,0,360,opponent,32602.0,3,57,16,1,0,57,0
v124,2026102308,0,480,A2,4217.0,1,0,0,15,0,0,0
v124,2026102308,0,480,opponent,80216.0,3,58,16,1,0,67,0
v124,2026102308,0,600,A2,4104.0,1,0,0,15,0,0,0
v124,2026102308,0,600,opponent,135768.0,3,58,16,1,0,91,0
v124,2026102308,0,696,A2,4031.0,1,0,0,15,0,0,0
v124,2026102308,0,696,opponent,174362.0,3,21,16,1,0,97,0
v124,2026102308,0,719,A2,3998.0,1,0,0,15,7,0,0
v124,2026102308,0,719,opponent,194542.0,3,0,16,1,11,0,0
v124,2026102308,1,0,A2,3000.0,1,0,0,0,0,0,0
v124,2026102308,1,0,opponent,3000.0,1,0,0,0,0,0,0
v124,2026102308,1,24,A2,4.0,1,15,4,1,0,2,0
v124,2026102308,1,24,opponent,23.0,1,19,4,0,0,3,0
v124,2026102308,1,48,A2,40.0,1,16,3,2,0,6,0
v124,2026102308,1,48,opponent,85.0,1,19,4,2,0,8,0
v124,2026102308,1,96,A2,230.0,1,16,3,2,0,18,0
v124,2026102308,1,96,opponent,284.0,1,19,6,0,0,12,0
v124,2026102308,1,144,A2,769.0,1,8,3,3,0,24,0
v124,2026102308,1,144,opponent,817.0,1,19,6,0,0,18,0
v124,2026102308,1,192,A2,1258.0,1,7,3,10,0,25,0
v124,2026102308,1,192,opponent,621.0,2,37,10,3,0,11,0
v124,2026102308,1,240,A2,4822.0,1,9,3,10,0,33,0
v124,2026102308,1,240,opponent,2989.0,2,37,13,0,0,43,0
v124,2026102308,1,288,A2,6205.0,1,5,2,11,0,23,0
v124,2026102308,1,288,opponent,19824.0,3,53,17,0,0,67,0
v124,2026102308,1,360,A2,10792.0,1,4,0,20,0,7,0
v124,2026102308,1,360,opponent,33679.0,3,57,17,0,0,53,0
v124,2026102308,1,480,A2,11797.0,1,0,0,23,0,1,0
v124,2026102308,1,480,opponent,75289.0,3,58,17,0,0,75,0
v124,2026102308,1,600,A2,11737.0,1,0,0,24,0,1,0
v124,2026102308,1,600,opponent,133305.0,3,58,17,0,0,100,0
v124,2026102308,1,696,A2,11697.0,1,0,0,24,0,1,0
v124,2026102308,1,696,opponent,175328.0,3,21,17,0,0,98,0
v124,2026102308,1,719,A2,11643.0,1,0,0,24,8,1,0
v124,2026102308,1,719,opponent,194390.0,3,0,17,0,11,0,0
v124,2026102309,0,0,A2,3000.0,1,0,0,0,0,0,0
v124,2026102309,0,0,opponent,3000.0,1,0,0,0,0,0,0
v124,2026102309,0,24,A2,144.0,1,10,5,1,0,1,0
v124,2026102309,0,24,opponent,23.0,1,19,4,0,0,3,0
v124,2026102309,0,48,A2,43.0,1,14,5,1,0,6,0
v124,2026102309,0,48,opponent,83.0,1,19,4,2,0,8,0
v124,2026102309,0,96,A2,670.0,1,12,4,2,0,17,0
v124,2026102309,0,96,opponent,281.0,1,19,6,0,0,12,0
v124,2026102309,0,144,A2,1106.0,1,6,4,2,0,33,0
v124,2026102309,0,144,opponent,798.0,1,19,6,0,0,18,0
v124,2026102309,0,192,A2,1799.0,1,9,2,4,0,31,0
v124,2026102309,0,192,opponent,548.0,2,37,10,3,0,10,0
v124,2026102309,0,240,A2,1840.0,1,12,2,7,0,54,0
v124,2026102309,0,240,opponent,2734.0,2,37,13,0,0,39,0
v124,2026102309,0,288,A2,2579.0,1,1,2,16,0,73,0
v124,2026102309,0,288,opponent,18800.0,3,53,17,0,0,67,0
v124,2026102309,0,360,A2,10768.0,1,0,2,22,0,12,0
v124,2026102309,0,360,opponent,31380.0,3,57,17,0,0,53,0
v124,2026102309,0,480,A2,11876.0,1,0,0,24,0,0,0
v124,2026102309,0,480,opponent,60464.0,3,58,17,0,0,82,0
v124,2026102309,0,600,A2,11776.0,1,1,0,24,0,0,0
v124,2026102309,0,600,opponent,92823.0,3,58,17,0,0,100,0
v124,2026102309,0,696,A2,11716.0,1,0,0,24,0,0,0
v124,2026102309,0,696,opponent,110050.0,3,21,17,0,0,100,0
v124,2026102309,0,719,A2,11696.0,1,0,0,24,6,0,0
v124,2026102309,0,719,opponent,121125.0,3,0,17,0,11,0,0
v124,2026102309,1,0,A2,3000.0,1,0,0,0,0,0,0
v124,2026102309,1,0,opponent,3000.0,1,0,0,0,0,0,0
v124,2026102309,1,24,A2,4.0,1,15,4,1,0,2,0
v124,2026102309,1,24,opponent,23.0,1,19,4,0,0,3,0
v124,2026102309,1,48,A2,40.0,1,16,3,2,0,6,0
v124,2026102309,1,48,opponent,85.0,1,19,4,2,0,8,0
v124,2026102309,1,96,A2,160.0,1,19,3,3,0,17,0
v124,2026102309,1,96,opponent,285.0,1,19,6,0,0,12,0
v124,2026102309,1,144,A2,670.0,1,11,3,4,0,36,0
v124,2026102309,1,144,opponent,818.0,1,19,6,0,0,18,0
v124,2026102309,1,192,A2,1218.0,1,10,3,8,0,34,0
v124,2026102309,1,192,opponent,684.0,2,37,10,3,0,9,0
v124,2026102309,1,240,A2,2384.0,1,12,2,9,0,55,0
v124,2026102309,1,240,opponent,3041.0,2,37,13,0,0,39,0
v124,2026102309,1,288,A2,3528.0,1,4,1,13,0,46,0
v124,2026102309,1,288,opponent,19157.0,3,53,17,0,0,81,0
v124,2026102309,1,360,A2,7830.0,2,2,3,35,0,17,0
v124,2026102309,1,360,opponent,33128.0,3,57,17,0,0,67,0
v124,2026102309,1,480,A2,10463.0,2,5,0,37,0,4,0
v124,2026102309,1,480,opponent,75472.0,3,58,17,0,0,79,0
v124,2026102309,1,600,A2,10535.0,2,0,1,36,0,2,0
v124,2026102309,1,600,opponent,126129.0,3,58,17,0,0,100,0
v124,2026102309,1,696,A2,10383.0,2,0,0,40,0,2,0
v124,2026102309,1,696,opponent,162508.0,3,21,17,0,0,100,0
v124,2026102309,1,719,A2,10329.0,2,0,0,42,8,2,0
v124,2026102309,1,719,opponent,182685.0,3,0,17,0,11,0,0
v124,2026102310,0,0,A2,3000.0,1,0,0,0,0,0,0
v124,2026102310,0,0,opponent,3000.0,1,0,0,0,0,0,0
v124,2026102310,0,24,A2,144.0,1,10,5,1,0,1,0
v124,2026102310,0,24,opponent,23.0,1,19,4,0,0,3,0
v124,2026102310,0,48,A2,43.0,1,14,5,1,0,6,0
v124,2026102310,0,48,opponent,83.0,1,19,4,2,0,8,0
v124,2026102310,0,96,A2,608.0,1,13,3,3,0,26,0
v124,2026102310,0,96,opponent,281.0,1,19,6,0,0,12,0
v124,2026102310,0,144,A2,1320.0,1,9,3,3,0,31,0
v124,2026102310,0,144,opponent,798.0,1,19,6,0,0,18,0
v124,2026102310,0,192,A2,1673.0,1,14,3,4,0,43,0
v124,2026102310,0,192,opponent,643.0,2,37,10,3,0,9,0
v124,2026102310,0,240,A2,2705.0,1,17,3,4,0,69,0
v124,2026102310,0,240,opponent,2700.0,2,37,13,0,0,39,0
v124,2026102310,0,288,A2,3467.0,1,4,3,12,0,86,0
v124,2026102310,0,288,opponent,18316.0,3,53,17,0,0,81,0
v124,2026102310,0,360,A2,9511.0,1,0,2,20,0,39,0
v124,2026102310,0,360,opponent,31306.0,3,57,17,0,0,63,0
v124,2026102310,0,480,A2,14090.0,1,0,0,23,0,0,0
v124,2026102310,0,480,opponent,66663.0,3,58,17,0,0,76,0
v124,2026102310,0,600,A2,13943.0,1,0,0,24,0,0,0
v124,2026102310,0,600,opponent,113488.0,3,58,17,0,0,100,0
v124,2026102310,0,696,A2,13861.0,1,0,0,24,0,0,0
v124,2026102310,0,696,opponent,152686.0,3,21,17,0,0,100,0
v124,2026102310,0,719,A2,13807.0,1,0,0,24,8,0,0
v124,2026102310,0,719,opponent,167732.0,3,0,17,0,8,0,0
v124,2026102310,1,0,A2,3000.0,1,0,0,0,0,0,0
v124,2026102310,1,0,opponent,3000.0,1,0,0,0,0,0,0
v124,2026102310,1,24,A2,4.0,1,15,4,1,0,2,0
v124,2026102310,1,24,opponent,23.0,1,19,4,0,0,3,0
v124,2026102310,1,48,A2,40.0,1,16,3,2,0,6,0
v124,2026102310,1,48,opponent,85.0,1,19,4,2,0,8,0
v124,2026102310,1,96,A2,310.0,1,16,3,3,0,23,0
v124,2026102310,1,96,opponent,284.0,1,19,6,0,0,12,0
v124,2026102310,1,144,A2,835.0,1,9,3,3,0,40,0
v124,2026102310,1,144,opponent,817.0,1,19,6,0,0,18,0
v124,2026102310,1,192,A2,1140.0,1,16,2,5,0,40,0
v124,2026102310,1,192,opponent,684.0,2,37,10,3,0,9,0
v124,2026102310,1,240,A2,1170.0,1,18,2,5,0,63,0
v124,2026102310,1,240,opponent,2520.0,2,37,13,0,0,39,0
v124,2026102310,1,288,A2,1431.0,1,10,2,5,0,84,0
v124,2026102310,1,288,opponent,17601.0,3,53,17,0,0,81,0
v124,2026102310,1,360,A2,5736.0,1,3,3,18,0,54,0
v124,2026102310,1,360,opponent,28870.0,3,57,17,0,0,67,0
v124,2026102310,1,480,A2,10214.0,1,0,2,22,0,1,0
v124,2026102310,1,480,opponent,55408.0,3,58,17,0,0,79,0
v124,2026102310,1,600,A2,10244.0,1,0,0,24,0,0,0
v124,2026102310,1,600,opponent,84383.0,3,58,17,0,0,100,0
v124,2026102310,1,696,A2,10184.0,1,0,0,24,0,0,0
v124,2026102310,1,696,opponent,105640.0,3,21,17,0,0,100,0
v124,2026102310,1,719,A2,10130.0,1,0,0,24,8,0,0
v124,2026102310,1,719,opponent,120120.0,3,0,17,0,11,0,0
v124,2026102311,0,0,A2,3000.0,1,0,0,0,0,0,0
v124,2026102311,0,0,opponent,3000.0,1,0,0,0,0,0,0
v124,2026102311,0,24,A2,144.0,1,10,5,1,0,1,0
v124,2026102311,0,24,opponent,23.0,1,19,4,0,0,3,0
v124,2026102311,0,48,A2,43.0,1,14,5,1,0,6,0
v124,2026102311,0,48,opponent,83.0,1,19,4,2,0,8,0
v124,2026102311,0,96,A2,670.0,1,12,4,2,0,17,0
v124,2026102311,0,96,opponent,281.0,1,19,6,0,0,12,0
v124,2026102311,0,144,A2,1090.0,1,7,4,2,0,40,0
v124,2026102311,0,144,opponent,802.0,1,19,6,0,0,18,0
v124,2026102311,0,192,A2,1828.0,1,12,3,5,0,44,0
v124,2026102311,0,192,opponent,833.0,2,37,10,3,0,9,0
v124,2026102311,0,240,A2,3255.0,1,16,3,5,0,66,0
v124,2026102311,0,240,opponent,2536.0,2,37,13,0,0,39,0
v124,2026102311,0,288,A2,4161.0,1,10,3,7,0,77,0
v124,2026102311,0,288,opponent,17459.0,3,53,17,0,0,68,0
v124,2026102311,0,360,A2,6789.0,1,2,3,14,0,51,0
v124,2026102311,0,360,opponent,27455.0,3,57,17,0,0,54,0
v124,2026102311,0,480,A2,11943.0,1,0,0,23,0,2,0
v124,2026102311,0,480,opponent,51964.0,3,58,17,0,0,90,0
v124,2026102311,0,600,A2,11963.0,1,0,0,23,0,0,0
v124,2026102311,0,600,opponent,79409.0,3,58,17,0,0,100,0
v124,2026102311,0,696,A2,11943.0,1,0,0,23,0,0,0
v124,2026102311,0,696,opponent,94890.0,3,21,16,0,0,100,0
v124,2026102311,0,719,A2,11923.0,1,0,0,23,6,0,0
v124,2026102311,0,719,opponent,116561.0,3,0,16,0,11,0,0
v124,2026102311,1,0,A2,3000.0,1,0,0,0,0,0,0
v124,2026102311,1,0,opponent,3000.0,1,0,0,0,0,0,0
v124,2026102311,1,24,A2,4.0,1,15,4,1,0,2,0
v124,2026102311,1,24,opponent,23.0,1,19,4,0,0,3,0
v124,2026102311,1,48,A2,40.0,1,16,3,2,0,6,0
v124,2026102311,1,48,opponent,85.0,1,19,4,2,0,8,0
v124,2026102311,1,96,A2,310.0,1,16,3,3,0,23,0
v124,2026102311,1,96,opponent,284.0,1,19,6,0,0,12,0
v124,2026102311,1,144,A2,758.0,1,10,3,4,0,40,0
v124,2026102311,1,144,opponent,819.0,1,19,6,0,0,18,0
v124,2026102311,1,192,A2,1013.0,1,15,3,5,0,47,0
v124,2026102311,1,192,opponent,686.0,2,37,10,3,0,9,0
v124,2026102311,1,240,A2,1907.0,1,15,3,5,0,75,0
v124,2026102311,1,240,opponent,3036.0,2,37,13,0,0,39,0
v124,2026102311,1,288,A2,2517.0,1,9,0,10,0,98,0
v124,2026102311,1,288,opponent,19172.0,3,53,17,0,0,81,0
v124,2026102311,1,360,A2,8060.0,1,9,0,14,0,72,0
v124,2026102311,1,360,opponent,32320.0,3,57,17,0,0,67,0
v124,2026102311,1,480,A2,14385.0,1,0,0,22,0,1,0
v124,2026102311,1,480,opponent,69955.0,3,58,17,0,0,79,0
v124,2026102311,1,600,A2,14285.0,1,0,0,22,0,1,0
v124,2026102311,1,600,opponent,113664.0,3,58,17,0,0,100,0
v124,2026102311,1,696,A2,14225.0,1,0,0,22,0,1,0
v124,2026102311,1,696,opponent,145302.0,3,21,17,0,0,100,0
v124,2026102311,1,719,A2,14192.0,1,0,0,22,7,1,0
v124,2026102311,1,719,opponent,164680.0,3,0,17,0,11,0,0
v124,2026102312,0,0,A2,3000.0,1,0,0,0,0,0,0
v124,2026102312,0,0,opponent,3000.0,1,0,0,0,0,0,0
v124,2026102312,0,24,A2,144.0,1,10,5,1,0,1,0
v124,2026102312,0,24,opponent,23.0,1,19,4,0,0,3,0
v124,2026102312,0,48,A2,43.0,1,14,3,3,0,9,0
v124,2026102312,0,48,opponent,83.0,1,19,4,2,0,8,0
v124,2026102312,0,96,A2,563.0,1,13,3,3,0,21,0
v124,2026102312,0,96,opponent,279.0,1,19,6,0,0,12,0
v124,2026102312,0,144,A2,975.0,1,8,3,3,0,30,0
v124,2026102312,0,144,opponent,811.0,1,19,6,0,0,18,0
v124,2026102312,0,192,A2,1320.0,1,12,1,5,0,41,0
v124,2026102312,0,192,opponent,672.0,2,37,10,3,0,9,0
v124,2026102312,0,240,A2,1950.0,1,12,1,7,0,63,0
v124,2026102312,0,240,opponent,3074.0,2,37,13,0,0,39,0
v124,2026102312,0,288,A2,3257.0,1,2,1,18,0,61,0
v124,2026102312,0,288,opponent,19489.0,3,53,17,0,0,67,0
v124,2026102312,0,360,A2,10697.0,1,1,1,19,0,12,0
v124,2026102312,0,360,opponent,32495.0,3,57,17,0,0,53,0
v124,2026102312,0,480,A2,11997.0,1,0,0,21,0,0,0
v124,2026102312,0,480,opponent,67554.0,3,58,17,0,0,82,0
v124,2026102312,0,600,A2,11897.0,1,0,0,23,0,0,0
v124,2026102312,0,600,opponent,109085.0,3,58,17,0,0,100,0
v124,2026102312,0,696,A2,11897.0,1,0,0,23,0,0,0
v124,2026102312,0,696,opponent,143273.0,3,21,16,0,0,92,0
v124,2026102312,0,719,A2,11843.0,1,0,0,23,8,0,0
v124,2026102312,0,719,opponent,156456.0,3,0,16,0,11,0,0
v124,2026102312,1,0,A2,3000.0,1,0,0,0,0,0,0
v124,2026102312,1,0,opponent,3000.0,1,0,0,0,0,0,0
v124,2026102312,1,24,A2,4.0,1,15,4,1,0,2,0
v124,2026102312,1,24,opponent,23.0,1,19,4,0,0,3,0
v124,2026102312,1,48,A2,40.0,1,16,3,2,0,6,0
v124,2026102312,1,48,opponent,85.0,1,19,4,2,0,8,0
v124,2026102312,1,96,A2,240.0,1,11,3,4,0,24,0
v124,2026102312,1,96,opponent,287.0,1,19,6,0,0,12,0
v124,2026102312,1,144,A2,773.0,1,8,3,4,0,27,0
v124,2026102312,1,144,opponent,820.0,1,19,6,0,0,18,0
v124,2026102312,1,192,A2,1264.0,1,12,3,5,0,23,0
v124,2026102312,1,192,opponent,594.0,2,37,10,3,0,10,0
v124,2026102312,1,240,A2,1532.0,1,13,2,6,0,46,0
v124,2026102312,1,240,opponent,2440.0,2,37,13,0,0,39,0
v124,2026102312,1,288,A2,2058.0,1,9,0,11,0,55,0
v124,2026102312,1,288,opponent,16855.0,3,53,17,0,0,81,0
v124,2026102312,1,360,A2,7468.0,2,2,0,31,0,10,0
v124,2026102312,1,360,opponent,26590.0,3,57,17,0,0,67,0
v124,2026102312,1,480,A2,6985.0,2,0,0,46,0,4,0
v124,2026102312,1,480,opponent,52676.0,3,58,17,0,0,79,0
v124,2026102312,1,600,A2,7242.0,2,0,0,46,0,2,0
v124,2026102312,1,600,opponent,87652.0,3,58,17,0,0,100,0
v124,2026102312,1,696,A2,7089.0,2,0,0,47,0,2,0
v124,2026102312,1,696,opponent,107246.0,3,21,17,0,0,100,0
v124,2026102312,1,719,A2,7035.0,2,0,0,47,8,2,0
v124,2026102312,1,719,opponent,119739.0,3,0,17,0,11,0,0
v124,2026102313,0,0,A2,3000.0,1,0,0,0,0,0,0
v124,2026102313,0,0,opponent,3000.0,1,0,0,0,0,0,0
v124,2026102313,0,24,A2,144.0,1,10,5,1,0,1,0
v124,2026102313,0,24,opponent,23.0,1,19,4,0,0,3,0
v124,2026102313,0,48,A2,43.0,1,14,5,1,0,6,0
v124,2026102313,0,48,opponent,83.0,1,19,4,2,0,8,0
v124,2026102313,0,96,A2,608.0,1,13,3,3,0,26,0
v124,2026102313,0,96,opponent,281.0,1,19,6,0,0,12,0
v124,2026102313,0,144,A2,1143.0,1,6,3,3,0,37,0
v124,2026102313,0,144,opponent,801.0,1,19,6,0,0,18,0
v124,2026102313,0,192,A2,1466.0,1,7,1,7,0,39,0
v124,2026102313,0,192,opponent,636.0,2,37,10,3,0,10,0
v124,2026102313,0,240,A2,1390.0,1,5,1,9,0,57,0
v124,2026102313,0,240,opponent,4296.0,2,37,13,0,0,9,0
v124,2026102313,0,288,A2,5621.0,1,1,1,13,0,24,0
v124,2026102313,0,288,opponent,18650.0,3,53,16,1,0,39,0
v124,2026102313,0,360,A2,7602.0,1,0,1,15,0,1,0
v124,2026102313,0,360,opponent,27640.0,3,57,16,1,0,57,0
v124,2026102313,0,480,A2,7609.0,1,0,0,16,0,0,0
v124,2026102313,0,480,opponent,65692.0,3,58,16,1,0,67,0
v124,2026102313,0,600,A2,7509.0,1,0,0,19,0,0,0
v124,2026102313,0,600,opponent,108002.0,3,58,16,1,0,91,0
v124,2026102313,0,696,A2,7449.0,1,0,0,19,0,0,0
v124,2026102313,0,696,opponent,138454.0,3,21,16,1,0,97,0
v124,2026102313,0,719,A2,7395.0,1,0,0,19,8,0,0
v124,2026102313,0,719,opponent,155498.0,3,0,16,1,11,0,0
v124,2026102313,1,0,A2,3000.0,1,0,0,0,0,0,0
v124,2026102313,1,0,opponent,3000.0,1,0,0,0,0,0,0
v124,2026102313,1,24,A2,4.0,1,15,4,1,0,2,0
v124,2026102313,1,24,opponent,23.0,1,19,4,0,0,3,0
v124,2026102313,1,48,A2,40.0,1,16,3,2,0,6,0
v124,2026102313,1,48,opponent,85.0,1,19,4,2,0,8,0
v124,2026102313,1,96,A2,160.0,1,19,3,3,0,17,0
v124,2026102313,1,96,opponent,284.0,1,19,6,0,0,12,0
v124,2026102313,1,144,A2,784.0,1,10,3,3,0,33,0
v124,2026102313,1,144,opponent,818.0,1,19,6,0,0,18,0
v124,2026102313,1,192,A2,1444.0,1,7,2,8,0,27,0
v124,2026102313,1,192,opponent,671.0,2,37,10,3,0,10,0
v124,2026102313,1,240,A2,2967.0,1,7,0,10,0,34,0
v124,2026102313,1,240,opponent,4367.0,2,37,13,0,0,9,0
v124,2026102313,1,288,A2,3831.0,1,7,0,10,0,12,0
v124,2026102313,1,288,opponent,18652.0,3,53,16,1,0,39,0
v124,2026102313,1,360,A2,4113.0,1,13,0,10,0,25,0
v124,2026102313,1,360,opponent,27455.0,3,57,16,1,0,57,0
v124,2026102313,1,480,A2,7795.0,1,0,0,17,0,4,0
v124,2026102313,1,480,opponent,64198.0,3,58,16,1,0,67,0
v124,2026102313,1,600,A2,7808.0,1,0,0,18,0,1,0
v124,2026102313,1,600,opponent,100421.0,3,58,16,1,0,91,0
v124,2026102313,1,696,A2,7715.0,1,0,0,18,0,1,0
v124,2026102313,1,696,opponent,127241.0,3,21,16,1,0,99,0
v124,2026102313,1,719,A2,7661.0,1,0,0,18,8,1,0
v124,2026102313,1,719,opponent,144102.0,3,0,16,1,11,0,0
v124,2026102314,0,0,A2,3000.0,1,0,0,0,0,0,0
v124,2026102314,0,0,opponent,3000.0,1,0,0,0,0,0,0
v124,2026102314,0,24,A2,144.0,1,10,5,1,0,1,0
v124,2026102314,0,24,opponent,23.0,1,19,4,0,0,3,0
v124,2026102314,0,48,A2,43.0,1,14,5,1,0,6,0
v124,2026102314,0,48,opponent,83.0,1,19,4,2,0,8,0
v124,2026102314,0,96,A2,670.0,1,12,4,2,0,17,0
v124,2026102314,0,96,opponent,281.0,1,19,6,0,0,12,0
v124,2026102314,0,144,A2,1090.0,1,7,4,2,0,40,0
v124,2026102314,0,144,opponent,802.0,1,19,6,0,0,18,0
v124,2026102314,0,192,A2,1736.0,1,12,3,3,0,45,0
v124,2026102314,0,192,opponent,633.0,2,37,10,3,0,9,0
v124,2026102314,0,240,A2,2319.0,1,14,3,4,0,70,0
v124,2026102314,0,240,opponent,2778.0,2,37,13,0,0,39,0
v124,2026102314,0,288,A2,3658.0,1,6,3,8,0,75,0
v124,2026102314,0,288,opponent,19073.0,3,53,17,0,0,67,0
v124,2026102314,0,360,A2,9423.0,1,0,3,13,0,43,0
v124,2026102314,0,360,opponent,32522.0,3,57,17,0,0,53,0
v124,2026102314,0,480,A2,17758.0,1,0,0,18,0,0,0
v124,2026102314,0,480,opponent,69172.0,3,58,17,0,0,82,0
v124,2026102314,0,600,A2,17619.0,1,0,0,20,0,0,0
v124,2026102314,0,600,opponent,114110.0,3,58,17,0,0,100,0
v124,2026102314,0,696,A2,17532.0,1,0,0,20,0,0,0
v124,2026102314,0,696,opponent,150493.0,3,21,17,0,0,100,0
v124,2026102314,0,719,A2,17478.0,1,0,0,20,8,0,0
v124,2026102314,0,719,opponent,162202.0,3,0,17,0,8,0,0
v124,2026102314,1,0,A2,3000.0,1,0,0,0,0,0,0
v124,2026102314,1,0,opponent,3000.0,1,0,0,0,0,0,0
v124,2026102314,1,24,A2,4.0,1,15,4,1,0,2,0
v124,2026102314,1,24,opponent,23.0,1,19,4,0,0,3,0
v124,2026102314,1,48,A2,40.0,1,16,3,2,0,6,0
v124,2026102314,1,48,opponent,85.0,1,19,4,2,0,8,0
v124,2026102314,1,96,A2,160.0,1,19,3,3,0,17,0
v124,2026102314,1,96,opponent,284.0,1,19,6,0,0,12,0
v124,2026102314,1,144,A2,784.0,1,10,3,3,0,33,0
v124,2026102314,1,144,opponent,818.0,1,19,6,0,0,18,0
v124,2026102314,1,192,A2,1401.0,1,8,2,8,0,27,0
v124,2026102314,1,192,opponent,670.0,2,37,10,3,0,10,0
v124,2026102314,1,240,A2,2221.0,1,13,2,8,0,33,0
v124,2026102314,1,240,opponent,2942.0,2,37,13,0,0,42,0
v124,2026102314,1,288,A2,4346.0,1,2,0,10,0,13,0
v124,2026102314,1,288,opponent,18802.0,3,53,17,0,0,84,0
v124,2026102314,1,360,A2,4883.0,1,10,1,11,0,17,0
v124,2026102314,1,360,opponent,32733.0,3,57,17,0,0,67,0
v124,2026102314,1,480,A2,7488.0,1,0,0,20,0,3,0
v124,2026102314,1,480,opponent,73150.0,3,58,17,0,0,87,0
v124,2026102314,1,600,A2,7456.0,1,0,0,21,0,1,0
v124,2026102314,1,600,opponent,121967.0,3,58,17,0,0,100,0
v124,2026102314,1,696,A2,7396.0,1,0,0,21,0,1,0
v124,2026102314,1,696,opponent,154127.0,3,21,17,0,0,100,0
v124,2026102314,1,719,A2,7363.0,1,0,0,21,7,1,0
v124,2026102314,1,719,opponent,175031.0,3,0,17,0,11,0,0
v124,2026102315,0,0,A2,3000.0,1,0,0,0,0,0,0
v124,2026102315,0,0,opponent,3000.0,1,0,0,0,0,0,0
v124,2026102315,0,24,A2,144.0,1,10,5,1,0,1,0
v124,2026102315,0,24,opponent,23.0,1,19,4,0,0,3,0
v124,2026102315,0,48,A2,43.0,1,14,5,1,0,6,0
v124,2026102315,0,48,opponent,83.0,1,19,4,2,0,8,0
v124,2026102315,0,96,A2,608.0,1,13,3,3,0,26,0
v124,2026102315,0,96,opponent,281.0,1,19,6,0,0,12,0
v124,2026102315,0,144,A2,1258.0,1,10,3,3,0,26,0
v124,2026102315,0,144,opponent,797.0,1,19,6,0,0,18,0
v124,2026102315,0,192,A2,1447.0,1,13,3,4,0,43,0
v124,2026102315,0,192,opponent,555.0,2,37,10,3,0,10,0
v124,2026102315,0,240,A2,1436.0,2,20,2,6,0,66,0
v124,2026102315,0,240,opponent,2819.0,2,37,13,0,0,39,0
v124,2026102315,0,288,A2,3362.0,2,17,1,21,0,85,0
v124,2026102315,0,288,opponent,18588.0,3,53,17,0,0,81,0
v124,2026102315,0,360,A2,5649.0,2,2,1,37,0,75,0
v124,2026102315,0,360,opponent,31015.0,3,57,17,0,0,67,0
v124,2026102315,0,480,A2,9997.0,2,0,0,36,0,9,0
v124,2026102315,0,480,opponent,70126.0,3,58,17,0,0,79,0
v124,2026102315,0,600,A2,11612.0,2,1,0,41,0,2,0
v124,2026102315,0,600,opponent,121686.0,3,58,17,0,0,100,0
v124,2026102315,0,696,A2,11609.0,2,0,0,43,0,1,0
v124,2026102315,0,696,opponent,157311.0,3,21,17,0,0,100,0
v124,2026102315,0,719,A2,11555.0,2,0,0,43,8,1,0
v124,2026102315,0,719,opponent,177718.0,3,0,17,0,11,0,0
v124,2026102315,1,0,A2,3000.0,1,0,0,0,0,0,0
v124,2026102315,1,0,opponent,3000.0,1,0,0,0,0,0,0
v124,2026102315,1,24,A2,4.0,1,15,4,1,0,2,0
v124,2026102315,1,24,opponent,23.0,1,19,4,0,0,3,0
v124,2026102315,1,48,A2,40.0,1,16,3,2,0,6,0
v124,2026102315,1,48,opponent,85.0,1,19,4,2,0,8,0
v124,2026102315,1,96,A2,310.0,1,16,3,3,0,23,0
v124,2026102315,1,96,opponent,284.0,1,19,6,0,0,12,0
v124,2026102315,1,144,A2,835.0,1,9,3,3,0,40,0
v124,2026102315,1,144,opponent,817.0,1,19,6,0,0,18,0
v124,2026102315,1,192,A2,1140.0,1,16,2,5,0,40,0
v124,2026102315,1,192,opponent,684.0,2,37,10,3,0,9,0
v124,2026102315,1,240,A2,1140.0,1,18,2,5,0,63,0
v124,2026102315,1,240,opponent,2520.0,2,37,13,0,0,39,0
v124,2026102315,1,288,A2,1749.0,1,14,2,5,0,88,0
v124,2026102315,1,288,opponent,17587.0,3,53,17,0,0,67,0
v124,2026102315,1,360,A2,6894.0,1,3,1,19,0,33,0
v124,2026102315,1,360,opponent,27750.0,3,57,17,0,0,54,0
v124,2026102315,1,480,A2,9305.0,1,0,0,23,0,1,0
v124,2026102315,1,480,opponent,54029.0,3,58,17,0,0,76,0
v124,2026102315,1,600,A2,9225.0,1,0,0,24,0,1,0
v124,2026102315,1,600,opponent,82974.0,3,58,17,0,0,100,0
v124,2026102315,1,696,A2,9185.0,1,0,0,24,0,1,0
v124,2026102315,1,696,opponent,102291.0,3,21,17,0,0,100,0
v124,2026102315,1,719,A2,9131.0,1,0,0,24,8,1,0
v124,2026102315,1,719,opponent,116129.0,3,0,17,0,11,0,0
v124,2026102316,0,0,A2,3000.0,1,0,0,0,0,0,0
v124,2026102316,0,0,opponent,3000.0,1,0,0,0,0,0,0
v124,2026102316,0,24,A2,144.0,1,10,5,1,0,1,0
v124,2026102316,0,24,opponent,23.0,1,19,4,0,0,3,0
v124,2026102316,0,48,A2,43.0,1,14,5,1,0,6,0
v124,2026102316,0,48,opponent,83.0,1,19,4,2,0,8,0
v124,2026102316,0,96,A2,608.0,1,13,3,3,0,26,0
v124,2026102316,0,96,opponent,281.0,1,19,6,0,0,12,0
v124,2026102316,0,144,A2,1143.0,1,6,3,3,0,37,0
v124,2026102316,0,144,opponent,801.0,1,19,6,0,0,18,0
v124,2026102316,0,192,A2,1404.0,1,7,1,7,0,41,0
v124,2026102316,0,192,opponent,636.0,2,37,10,3,0,10,0
v124,2026102316,0,240,A2,1322.0,1,5,1,9,0,60,0
v124,2026102316,0,240,opponent,3070.0,2,37,13,0,0,39,0
v124,2026102316,0,288,A2,2517.0,1,1,1,14,0,46,0
v124,2026102316,0,288,opponent,18641.0,3,53,17,0,0,81,0
v124,2026102316,0,360,A2,8455.0,1,0,1,19,0,4,0
v124,2026102316,0,360,opponent,31855.0,3,57,17,0,0,67,0
v124,2026102316,0,480,A2,8531.0,1,0,0,23,0,0,0
v124,2026102316,0,480,opponent,70085.0,3,58,17,0,0,87,0
v124,2026102316,0,600,A2,7431.0,2,0,0,23,0,0,0
v124,2026102316,0,600,opponent,115086.0,3,58,17,0,0,100,0
v124,2026102316,0,696,A2,7236.0,2,0,0,37,0,0,0
v124,2026102316,0,696,opponent,145041.0,3,21,17,0,0,100,0
v124,2026102316,0,719,A2,7182.0,2,0,0,43,8,0,0
v124,2026102316,0,719,opponent,164659.0,3,0,17,0,11,0,0
v124,2026102316,1,0,A2,3000.0,1,0,0,0,0,0,0
v124,2026102316,1,0,opponent,3000.0,1,0,0,0,0,0,0
v124,2026102316,1,24,A2,4.0,1,15,4,1,0,2,0
v124,2026102316,1,24,opponent,23.0,1,19,4,0,0,3,0
v124,2026102316,1,48,A2,40.0,1,16,3,2,0,6,0
v124,2026102316,1,48,opponent,85.0,1,19,4,2,0,8,0
v124,2026102316,1,96,A2,160.0,1,19,3,3,0,17,0
v124,2026102316,1,96,opponent,285.0,1,19,6,0,0,12,0
v124,2026102316,1,144,A2,576.0,1,11,3,4,0,35,0
v124,2026102316,1,144,opponent,818.0,1,19,6,0,0,18,0
v124,2026102316,1,192,A2,1182.0,1,9,3,8,0,33,0
v124,2026102316,1,192,opponent,621.0,2,37,10,3,0,11,0
v124,2026102316,1,240,A2,2498.0,1,10,0,11,0,49,0
v124,2026102316,1,240,opponent,2648.0,2,37,13,0,0,43,0
v124,2026102316,1,288,A2,4008.0,1,4,0,11,0,28,0
v124,2026102316,1,288,opponent,19033.0,3,53,17,0,0,67,0
v124,2026102316,1,360,A2,6270.0,2,10,3,25,0,14,0
v124,2026102316,1,360,opponent,32411.0,3,57,17,0,0,53,0
v124,2026102316,1,480,A2,6871.0,2,1,0,43,0,11,0
v124,2026102316,1,480,opponent,73548.0,3,58,17,0,0,82,0
v124,2026102316,1,600,A2,6937.0,2,0,0,43,0,11,0
v124,2026102316,1,600,opponent,126923.0,3,58,17,0,0,100,0
v124,2026102316,1,696,A2,6763.0,2,0,0,46,0,11,0
v124,2026102316,1,696,opponent,168925.0,3,21,16,0,0,92,0
v124,2026102316,1,719,A2,6709.0,2,0,0,48,8,11,0
v124,2026102316,1,719,opponent,181229.0,3,0,16,0,11,0,0
