evaluation_id,arm,opponent_family,requested_seed,seat,score,our_cash,opponent_cash,margin,paired_score_delta_vs_c0,paired_margin_delta_vs_c0,action_differences_vs_c0,first_action_difference,action_difference_detail,stored_states,statuses,shop_history_sha256,replay_path
b_development_evaluation,b_learned,mooman_e052a,2026092311,0,1.0,112035.0,111060.0,975.0,0.0,0.0,0,,"{""by_day_band"":{},""candidate_ops_on_different_turns"":{},""candidate_market_items_on_different_turns"":{}}",720,DONE/DONE,0f9d3b87b06c1d5e57dbdd19a04ff463d7ee2b1453420023076dd13ab271b37b,experiments\learning_next_20260921\b_development_evaluation\replays\b_learned\mooman_e052a\seed_2026092311_seat_0.json.gz
b_development_evaluation,b_learned,mooman_e052a,2026092311,1,1.0,112035.0,111060.0,975.0,0.0,0.0,0,,"{""by_day_band"":{},""candidate_ops_on_different_turns"":{},""candidate_market_items_on_different_turns"":{}}",720,DONE/DONE,0f9d3b87b06c1d5e57dbdd19a04ff463d7ee2b1453420023076dd13ab271b37b,experiments\learning_next_20260921\b_development_evaluation\replays\b_learned\mooman_e052a\seed_2026092311_seat_1.json.gz
b_development_evaluation,b_learned,mooman_e052a,2026092312,0,1.0,108253.0,104613.0,3640.0,0.0,-7.0,2,409,"{""by_day_band"":{""d12-17"":1,""d18-23"":1},""candidate_ops_on_different_turns"":{""WEST"":4,""PICKUP"":9,""EAST"":2,""NORTH"":3,""SOUTH"":1,""WATER"":1},""candidate_market_items_on_different_turns"":{""FERTILIZER"":4,""EGG"":2,""WOOL"":1}}",720,DONE/DONE,6b10098bf0f7128db3ec0faca1db26a046bc28ab15568fde823f7ebb65eab38b,experiments\learning_next_20260921\b_development_evaluation\replays\b_learned\mooman_e052a\seed_2026092312_seat_0.json.gz
b_development_evaluation,b_learned,mooman_e052a,2026092312,1,1.0,108253.0,104613.0,3640.0,0.0,-7.0,2,409,"{""by_day_band"":{""d12-17"":1,""d18-23"":1},""candidate_ops_on_different_turns"":{""WEST"":4,""PICKUP"":9,""EAST"":2,""NORTH"":3,""SOUTH"":1,""WATER"":1},""candidate_market_items_on_different_turns"":{""FERTILIZER"":4,""EGG"":2,""WOOL"":1}}",720,DONE/DONE,6b10098bf0f7128db3ec0faca1db26a046bc28ab15568fde823f7ebb65eab38b,experiments\learning_next_20260921\b_development_evaluation\replays\b_learned\mooman_e052a\seed_2026092312_seat_1.json.gz
b_development_evaluation,b_learned,mooman_e052a,2026092313,0,1.0,102458.0,92229.0,10229.0,0.0,46.0,4,457,"{""by_day_band"":{""d18-23"":2,""d24-29"":2},""candidate_ops_on_different_turns"":{""CARE"":2,""PICKUP"":7,""NORTH"":6,""WEST"":2,""SOUTH"":2,""PASS"":3},""candidate_market_items_on_different_turns"":{""FERTILIZER"":5,""EGG"":3,""WOOL"":2,""MILK"":2,""STRAWBERRY"":1}}",720,DONE/DONE,3dd2bae76cc766c61730921e5764930916914164d2c2b15038f4e42d849a5b03,experiments\learning_next_20260921\b_development_evaluation\replays\b_learned\mooman_e052a\seed_2026092313_seat_0.json.gz
b_development_evaluation,b_learned,mooman_e052a,2026092313,1,1.0,102458.0,92229.0,10229.0,0.0,46.0,4,457,"{""by_day_band"":{""d18-23"":2,""d24-29"":2},""candidate_ops_on_different_turns"":{""CARE"":2,""PICKUP"":7,""NORTH"":6,""WEST"":2,""SOUTH"":2,""PASS"":3},""candidate_market_items_on_different_turns"":{""FERTILIZER"":5,""EGG"":3,""WOOL"":2,""MILK"":2,""STRAWBERRY"":1}}",720,DONE/DONE,3dd2bae76cc766c61730921e5764930916914164d2c2b15038f4e42d849a5b03,experiments\learning_next_20260921\b_development_evaluation\replays\b_learned\mooman_e052a\seed_2026092313_seat_1.json.gz
b_development_evaluation,b_learned,mooman_e052a,2026092314,0,1.0,107945.0,93416.0,14529.0,0.0,-8.0,1,457,"{""by_day_band"":{""d18-23"":1},""candidate_ops_on_different_turns"":{""CARE"":2,""PICKUP"":2,""NORTH"":4,""WEST"":1,""SOUTH"":1},""candidate_market_items_on_different_turns"":{""FERTILIZER"":1,""EGG"":1,""WOOL"":1}}",720,DONE/DONE,ef4ff0dacfd06c93403f90613f5bacff4b0be5e502372f0dd6942495e49273b0,experiments\learning_next_20260921\b_development_evaluation\replays\b_learned\mooman_e052a\seed_2026092314_seat_0.json.gz
b_development_evaluation,b_learned,mooman_e052a,2026092314,1,1.0,107945.0,93416.0,14529.0,0.0,-8.0,1,457,"{""by_day_band"":{""d18-23"":1},""candidate_ops_on_different_turns"":{""CARE"":2,""PICKUP"":2,""NORTH"":4,""WEST"":1,""SOUTH"":1},""candidate_market_items_on_different_turns"":{""FERTILIZER"":1,""EGG"":1,""WOOL"":1}}",720,DONE/DONE,ef4ff0dacfd06c93403f90613f5bacff4b0be5e502372f0dd6942495e49273b0,experiments\learning_next_20260921\b_development_evaluation\replays\b_learned\mooman_e052a\seed_2026092314_seat_1.json.gz
b_development_evaluation,b_learned,mooman_e052a,2026092315,0,1.0,105509.0,89970.0,15539.0,0.0,54.0,3,553,"{""by_day_band"":{""d18-23"":1,""d24-29"":2},""candidate_ops_on_different_turns"":{""WEST"":2,""PICKUP"":11,""EAST"":1,""HARVEST"":1,""FEED"":1,""NORTH"":3,""SOUTH"":1},""candidate_market_items_on_different_turns"":{""STRAWBERRY"":2,""MILK"":3,""FERTILIZER"":5,""EGG"":2,""WHEAT"":1,""CARROT"":1,""WOOL"":1}}",720,DONE/DONE,8f0dfa8b086c92df620ae9b6b814f899e0b03477b00712ebf9b704d7a81e7089,experiments\learning_next_20260921\b_development_evaluation\replays\b_learned\mooman_e052a\seed_2026092315_seat_0.json.gz
b_development_evaluation,b_learned,mooman_e052a,2026092315,1,1.0,105509.0,89970.0,15539.0,0.0,54.0,2,600,"{""by_day_band"":{""d24-29"":2},""candidate_ops_on_different_turns"":{""PICKUP"":6,""FEED"":1,""NORTH"":3,""WEST"":1,""SOUTH"":1},""candidate_market_items_on_different_turns"":{""FERTILIZER"":4,""MILK"":2,""STRAWBERRY"":1,""EGG"":2,""WHEAT"":1,""WOOL"":1,""CARROT"":1}}",720,DONE/DONE,8f0dfa8b086c92df620ae9b6b814f899e0b03477b00712ebf9b704d7a81e7089,experiments\learning_next_20260921\b_development_evaluation\replays\b_learned\mooman_e052a\seed_2026092315_seat_1.json.gz
b_development_evaluation,b_learned,qeinstein_moev2,2026092311,0,1.0,83043.0,78387.0,4656.0,0.0,-4.0,2,360,"{""by_day_band"":{""d12-17"":1,""d24-29"":1},""candidate_ops_on_different_turns"":{""PICKUP"":4,""PASS"":3,""NORTH"":2,""WEST"":1,""SOUTH"":1},""candidate_market_items_on_different_turns"":{""FERTILIZER"":4,""EGG"":2,""WOOL"":1}}",720,DONE/DONE,44b035d1eee24a0a5b79c4f3fd96ba11d7ff1691bf4df7d550f23508b9a9262c,experiments\learning_next_20260921\b_development_evaluation\replays\b_learned\qeinstein_moev2\seed_2026092311_seat_0.json.gz
b_development_evaluation,b_learned,qeinstein_moev2,2026092311,1,1.0,83043.0,78387.0,4656.0,0.0,-4.0,3,360,"{""by_day_band"":{""d12-17"":2,""d24-29"":1},""candidate_ops_on_different_turns"":{""PICKUP"":7,""WEST"":5,""EAST"":2,""NORTH"":3,""PASS"":3,""SOUTH"":1},""candidate_market_items_on_different_turns"":{""FERTILIZER"":6,""EGG"":3,""WOOL"":2}}",720,DONE/DONE,44b035d1eee24a0a5b79c4f3fd96ba11d7ff1691bf4df7d550f23508b9a9262c,experiments\learning_next_20260921\b_development_evaluation\replays\b_learned\qeinstein_moev2\seed_2026092311_seat_1.json.gz
b_development_evaluation,b_learned,qeinstein_moev2,2026092312,0,1.0,118540.0,112626.0,5914.0,0.0,0.0,2,360,"{""by_day_band"":{""d12-17"":2},""candidate_ops_on_different_turns"":{""PICKUP"":4,""WEST"":4,""EAST"":2,""NORTH"":1},""candidate_market_items_on_different_turns"":{""FERTILIZER"":3,""EGG"":2}}",720,DONE/DONE,91ad37acb855e1c02e0bab500d1e256071ef5aa9cddc414c76270e1d7fc52487,experiments\learning_next_20260921\b_development_evaluation\replays\b_learned\qeinstein_moev2\seed_2026092312_seat_0.json.gz
b_development_evaluation,b_learned,qeinstein_moev2,2026092312,1,1.0,118540.0,112626.0,5914.0,0.0,0.0,2,360,"{""by_day_band"":{""d12-17"":2},""candidate_ops_on_different_turns"":{""PICKUP"":4,""WEST"":4,""EAST"":2,""NORTH"":1},""candidate_market_items_on_different_turns"":{""FERTILIZER"":3,""EGG"":2}}",720,DONE/DONE,91ad37acb855e1c02e0bab500d1e256071ef5aa9cddc414c76270e1d7fc52487,experiments\learning_next_20260921\b_development_evaluation\replays\b_learned\qeinstein_moev2\seed_2026092312_seat_1.json.gz
b_development_evaluation,b_learned,qeinstein_moev2,2026092313,0,1.0,120974.0,117493.0,3481.0,0.0,16.0,2,577,"{""by_day_band"":{""d24-29"":2},""candidate_ops_on_different_turns"":{""PASS"":3,""NORTH"":2,""PICKUP"":4,""WEST"":1,""SOUTH"":1},""candidate_market_items_on_different_turns"":{""MILK"":2,""FERTILIZER"":3,""STRAWBERRY"":2,""EGG"":2}}",720,DONE/DONE,81cb04ddfa4d33c6fa9d10353469aa043e187ca50c75825c3491b8cd8f27f3f4,experiments\learning_next_20260921\b_development_evaluation\replays\b_learned\qeinstein_moev2\seed_2026092313_seat_0.json.gz
b_development_evaluation,b_learned,qeinstein_moev2,2026092313,1,1.0,120974.0,117493.0,3481.0,0.0,16.0,3,577,"{""by_day_band"":{""d24-29"":3},""candidate_ops_on_different_turns"":{""PASS"":4,""NORTH"":2,""PICKUP"":4,""WEST"":1,""SOUTH"":1},""candidate_market_items_on_different_turns"":{""MILK"":2,""FERTILIZER"":5,""STRAWBERRY"":2,""EGG"":2,""WOOL"":1}}",720,DONE/DONE,81cb04ddfa4d33c6fa9d10353469aa043e187ca50c75825c3491b8cd8f27f3f4,experiments\learning_next_20260921\b_development_evaluation\replays\b_learned\qeinstein_moev2\seed_2026092313_seat_1.json.gz
b_development_evaluation,b_learned,qeinstein_moev2,2026092314,0,1.0,116580.0,81326.0,35254.0,0.0,-6.0,2,360,"{""by_day_band"":{""d12-17"":1,""d24-29"":1},""candidate_ops_on_different_turns"":{""PICKUP"":4,""PASS"":3,""NORTH"":2,""WEST"":1,""SOUTH"":1},""candidate_market_items_on_different_turns"":{""FERTILIZER"":4,""EGG"":2,""WOOL"":1}}",720,DONE/DONE,5e820ec7d712ec28e64856e048b9b36b456dda5c831efe191a3b9dfb0e8850b0,experiments\learning_next_20260921\b_development_evaluation\replays\b_learned\qeinstein_moev2\seed_2026092314_seat_0.json.gz
b_development_evaluation,b_learned,qeinstein_moev2,2026092314,1,1.0,116580.0,81326.0,35254.0,0.0,-6.0,2,360,"{""by_day_band"":{""d12-17"":1,""d24-29"":1},""candidate_ops_on_different_turns"":{""PICKUP"":4,""PASS"":3,""NORTH"":2,""WEST"":1,""SOUTH"":1},""candidate_market_items_on_different_turns"":{""FERTILIZER"":4,""EGG"":2,""WOOL"":1}}",720,DONE/DONE,5e820ec7d712ec28e64856e048b9b36b456dda5c831efe191a3b9dfb0e8850b0,experiments\learning_next_20260921\b_development_evaluation\replays\b_learned\qeinstein_moev2\seed_2026092314_seat_1.json.gz
b_development_evaluation,b_learned,qeinstein_moev2,2026092315,0,1.0,74511.0,62249.0,12262.0,0.0,38.0,1,600,"{""by_day_band"":{""d24-29"":1},""candidate_ops_on_different_turns"":{""PICKUP"":1},""candidate_market_items_on_different_turns"":{""FERTILIZER"":1,""STRAWBERRY"":1,""MILK"":1,""EGG"":1}}",720,DONE/DONE,2c32e91e883d4973745c6cb65aca3330d5a1e6bce372ce96ee5c53f575fda799,experiments\learning_next_20260921\b_development_evaluation\replays\b_learned\qeinstein_moev2\seed_2026092315_seat_0.json.gz
b_development_evaluation,b_learned,qeinstein_moev2,2026092315,1,1.0,74511.0,62249.0,12262.0,0.0,38.0,1,600,"{""by_day_band"":{""d24-29"":1},""candidate_ops_on_different_turns"":{""PICKUP"":1},""candidate_market_items_on_different_turns"":{""FERTILIZER"":1,""STRAWBERRY"":1,""MILK"":1,""EGG"":1}}",720,DONE/DONE,2c32e91e883d4973745c6cb65aca3330d5a1e6bce372ce96ee5c53f575fda799,experiments\learning_next_20260921\b_development_evaluation\replays\b_learned\qeinstein_moev2\seed_2026092315_seat_1.json.gz
b_development_evaluation,b_learned,smart_farm,2026092311,0,1.0,97667.0,90450.0,7217.0,0.0,65.0,1,457,"{""by_day_band"":{""d18-23"":1},""candidate_ops_on_different_turns"":{""CARE"":2,""PICKUP"":2,""NORTH"":4,""WEST"":1,""SOUTH"":1},""candidate_market_items_on_different_turns"":{""FERTILIZER"":1,""WOOL"":1,""EGG"":1}}",720,DONE/DONE,f2601681674f840481df4958846e07c7a5542e85417266f622ec6f8bc41b31cd,experiments\learning_next_20260921\b_development_evaluation\replays\b_learned\smart_farm\seed_2026092311_seat_0.json.gz
b_development_evaluation,b_learned,smart_farm,2026092311,1,1.0,97632.0,90480.0,7152.0,0.0,0.0,0,,"{""by_day_band"":{},""candidate_ops_on_different_turns"":{},""candidate_market_items_on_different_turns"":{}}",720,DONE/DONE,f2601681674f840481df4958846e07c7a5542e85417266f622ec6f8bc41b31cd,experiments\learning_next_20260921\b_development_evaluation\replays\b_learned\smart_farm\seed_2026092311_seat_1.json.gz
b_development_evaluation,b_learned,smart_farm,2026092312,0,1.0,107836.0,107205.0,631.0,0.0,-1.0,2,359,"{""by_day_band"":{""d12-17"":2},""candidate_ops_on_different_turns"":{""WATER"":8,""COLLECT_FERTILIZER"":2,""WEST"":4,""PICKUP"":3,""EAST"":2,""NORTH"":1},""candidate_market_items_on_different_turns"":{""FERTILIZER"":3,""WOOL"":1,""EGG"":1}}",720,DONE/DONE,6b10098bf0f7128db3ec0faca1db26a046bc28ab15568fde823f7ebb65eab38b,experiments\learning_next_20260921\b_development_evaluation\replays\b_learned\smart_farm\seed_2026092312_seat_0.json.gz
b_development_evaluation,b_learned,smart_farm,2026092312,1,1.0,107836.0,107205.0,631.0,0.0,-1.0,1,409,"{""by_day_band"":{""d12-17"":1},""candidate_ops_on_different_turns"":{""WEST"":4,""PICKUP"":3,""EAST"":2,""NORTH"":1},""candidate_market_items_on_different_turns"":{""FERTILIZER"":2,""EGG"":1}}",720,DONE/DONE,6b10098bf0f7128db3ec0faca1db26a046bc28ab15568fde823f7ebb65eab38b,experiments\learning_next_20260921\b_development_evaluation\replays\b_learned\smart_farm\seed_2026092312_seat_1.json.gz
b_development_evaluation,b_learned,smart_farm,2026092313,0,1.0,102918.0,93532.0,9386.0,0.0,33.0,3,504,"{""by_day_band"":{""d18-23"":1,""d24-29"":2},""candidate_ops_on_different_turns"":{""PICKUP"":5,""PASS"":3,""NORTH"":2,""WEST"":1,""SOUTH"":1},""candidate_market_items_on_different_turns"":{""FERTILIZER"":4,""MILK"":2,""WOOL"":1,""EGG"":2,""STRAWBERRY"":1}}",720,DONE/DONE,3dd2bae76cc766c61730921e5764930916914164d2c2b15038f4e42d849a5b03,experiments\learning_next_20260921\b_development_evaluation\replays\b_learned\smart_farm\seed_2026092313_seat_0.json.gz
b_development_evaluation,b_learned,smart_farm,2026092313,1,1.0,102918.0,93532.0,9386.0,0.0,33.0,3,504,"{""by_day_band"":{""d18-23"":1,""d24-29"":2},""candidate_ops_on_different_turns"":{""PICKUP"":5,""PASS"":3,""NORTH"":2,""WEST"":1,""SOUTH"":1},""candidate_market_items_on_different_turns"":{""FERTILIZER"":4,""MILK"":2,""WOOL"":1,""EGG"":2,""STRAWBERRY"":1}}",720,DONE/DONE,3dd2bae76cc766c61730921e5764930916914164d2c2b15038f4e42d849a5b03,experiments\learning_next_20260921\b_development_evaluation\replays\b_learned\smart_farm\seed_2026092313_seat_1.json.gz
b_development_evaluation,b_learned,smart_farm,2026092314,0,1.0,108700.0,93085.0,15615.0,0.0,0.0,0,,"{""by_day_band"":{},""candidate_ops_on_different_turns"":{},""candidate_market_items_on_different_turns"":{}}",720,DONE/DONE,ef4ff0dacfd06c93403f90613f5bacff4b0be5e502372f0dd6942495e49273b0,experiments\learning_next_20260921\b_development_evaluation\replays\b_learned\smart_farm\seed_2026092314_seat_0.json.gz
b_development_evaluation,b_learned,smart_farm,2026092314,1,1.0,108700.0,93085.0,15615.0,0.0,0.0,0,,"{""by_day_band"":{},""candidate_ops_on_different_turns"":{},""candidate_market_items_on_different_turns"":{}}",720,DONE/DONE,ef4ff0dacfd06c93403f90613f5bacff4b0be5e502372f0dd6942495e49273b0,experiments\learning_next_20260921\b_development_evaluation\replays\b_learned\smart_farm\seed_2026092314_seat_1.json.gz
b_development_evaluation,b_learned,smart_farm,2026092315,0,1.0,105724.0,89767.0,15957.0,0.0,3.0,3,553,"{""by_day_band"":{""d18-23"":1,""d24-29"":2},""candidate_ops_on_different_turns"":{""WEST"":2,""PICKUP"":11,""EAST"":1,""HARVEST"":1,""FEED"":1,""NORTH"":3,""SOUTH"":1},""candidate_market_items_on_different_turns"":{""STRAWBERRY"":2,""MILK"":3,""FERTILIZER"":5,""EGG"":2,""WHEAT"":1,""CARROT"":1,""WOOL"":1}}",720,DONE/DONE,8f0dfa8b086c92df620ae9b6b814f899e0b03477b00712ebf9b704d7a81e7089,experiments\learning_next_20260921\b_development_evaluation\replays\b_learned\smart_farm\seed_2026092315_seat_0.json.gz
b_development_evaluation,b_learned,smart_farm,2026092315,1,1.0,105722.0,89774.0,15948.0,0.0,-6.0,2,649,"{""by_day_band"":{""d24-29"":2},""candidate_ops_on_different_turns"":{""FEED"":1,""PICKUP"":7,""NORTH"":5,""WEST"":7,""SOUTH"":1},""candidate_market_items_on_different_turns"":{""MILK"":2,""WHEAT"":2,""FERTILIZER"":4,""CARROT"":3,""EGG"":1,""WOOL"":2,""STRAWBERRY"":1}}",720,DONE/DONE,8f0dfa8b086c92df620ae9b6b814f899e0b03477b00712ebf9b704d7a81e7089,experiments\learning_next_20260921\b_development_evaluation\replays\b_learned\smart_farm\seed_2026092315_seat_1.json.gz
b_development_evaluation,b_learned,souvik_v4,2026092311,0,1.0,93596.0,85649.0,7947.0,0.0,0.0,0,,"{""by_day_band"":{},""candidate_ops_on_different_turns"":{},""candidate_market_items_on_different_turns"":{}}",720,DONE/DONE,f2601681674f840481df4958846e07c7a5542e85417266f622ec6f8bc41b31cd,experiments\learning_next_20260921\b_development_evaluation\replays\b_learned\souvik_v4\seed_2026092311_seat_0.json.gz
b_development_evaluation,b_learned,souvik_v4,2026092311,1,1.0,93596.0,85649.0,7947.0,0.0,0.0,0,,"{""by_day_band"":{},""candidate_ops_on_different_turns"":{},""candidate_market_items_on_different_turns"":{}}",720,DONE/DONE,f2601681674f840481df4958846e07c7a5542e85417266f622ec6f8bc41b31cd,experiments\learning_next_20260921\b_development_evaluation\replays\b_learned\souvik_v4\seed_2026092311_seat_1.json.gz
b_development_evaluation,b_learned,souvik_v4,2026092312,0,1.0,108252.0,104617.0,3635.0,0.0,-7.0,2,409,"{""by_day_band"":{""d12-17"":1,""d18-23"":1},""candidate_ops_on_different_turns"":{""WEST"":4,""PICKUP"":9,""EAST"":2,""NORTH"":3,""SOUTH"":1,""WATER"":1},""candidate_market_items_on_different_turns"":{""FERTILIZER"":4,""EGG"":2,""WOOL"":1}}",720,DONE/DONE,6b10098bf0f7128db3ec0faca1db26a046bc28ab15568fde823f7ebb65eab38b,experiments\learning_next_20260921\b_development_evaluation\replays\b_learned\souvik_v4\seed_2026092312_seat_0.json.gz
b_development_evaluation,b_learned,souvik_v4,2026092312,1,1.0,108252.0,104617.0,3635.0,0.0,-7.0,2,409,"{""by_day_band"":{""d12-17"":1,""d18-23"":1},""candidate_ops_on_different_turns"":{""WEST"":4,""PICKUP"":9,""EAST"":2,""NORTH"":3,""SOUTH"":1,""WATER"":1},""candidate_market_items_on_different_turns"":{""FERTILIZER"":4,""EGG"":2,""WOOL"":1}}",720,DONE/DONE,6b10098bf0f7128db3ec0faca1db26a046bc28ab15568fde823f7ebb65eab38b,experiments\learning_next_20260921\b_development_evaluation\replays\b_learned\souvik_v4\seed_2026092312_seat_1.json.gz
b_development_evaluation,b_learned,souvik_v4,2026092313,0,1.0,102454.0,92235.0,10219.0,0.0,46.0,4,457,"{""by_day_band"":{""d18-23"":2,""d24-29"":2},""candidate_ops_on_different_turns"":{""CARE"":2,""PICKUP"":7,""NORTH"":6,""WEST"":2,""SOUTH"":2,""PASS"":3},""candidate_market_items_on_different_turns"":{""FERTILIZER"":5,""EGG"":3,""WOOL"":2,""MILK"":2,""STRAWBERRY"":1}}",720,DONE/DONE,3dd2bae76cc766c61730921e5764930916914164d2c2b15038f4e42d849a5b03,experiments\learning_next_20260921\b_development_evaluation\replays\b_learned\souvik_v4\seed_2026092313_seat_0.json.gz
b_development_evaluation,b_learned,souvik_v4,2026092313,1,1.0,102454.0,92235.0,10219.0,0.0,46.0,4,457,"{""by_day_band"":{""d18-23"":2,""d24-29"":2},""candidate_ops_on_different_turns"":{""CARE"":2,""PICKUP"":7,""NORTH"":6,""WEST"":2,""SOUTH"":2,""PASS"":3},""candidate_market_items_on_different_turns"":{""FERTILIZER"":5,""EGG"":3,""WOOL"":2,""MILK"":2,""STRAWBERRY"":1}}",720,DONE/DONE,3dd2bae76cc766c61730921e5764930916914164d2c2b15038f4e42d849a5b03,experiments\learning_next_20260921\b_development_evaluation\replays\b_learned\souvik_v4\seed_2026092313_seat_1.json.gz
b_development_evaluation,b_learned,souvik_v4,2026092314,0,1.0,107943.0,93418.0,14525.0,0.0,-8.0,1,457,"{""by_day_band"":{""d18-23"":1},""candidate_ops_on_different_turns"":{""CARE"":2,""PICKUP"":2,""NORTH"":4,""WEST"":1,""SOUTH"":1},""candidate_market_items_on_different_turns"":{""FERTILIZER"":1,""EGG"":1,""WOOL"":1}}",720,DONE/DONE,ef4ff0dacfd06c93403f90613f5bacff4b0be5e502372f0dd6942495e49273b0,experiments\learning_next_20260921\b_development_evaluation\replays\b_learned\souvik_v4\seed_2026092314_seat_0.json.gz
b_development_evaluation,b_learned,souvik_v4,2026092314,1,1.0,107943.0,93418.0,14525.0,0.0,-8.0,1,457,"{""by_day_band"":{""d18-23"":1},""candidate_ops_on_different_turns"":{""CARE"":2,""PICKUP"":2,""NORTH"":4,""WEST"":1,""SOUTH"":1},""candidate_market_items_on_different_turns"":{""FERTILIZER"":1,""EGG"":1,""WOOL"":1}}",720,DONE/DONE,ef4ff0dacfd06c93403f90613f5bacff4b0be5e502372f0dd6942495e49273b0,experiments\learning_next_20260921\b_development_evaluation\replays\b_learned\souvik_v4\seed_2026092314_seat_1.json.gz
b_development_evaluation,b_learned,souvik_v4,2026092315,0,1.0,105505.0,89975.0,15530.0,0.0,54.0,3,553,"{""by_day_band"":{""d18-23"":1,""d24-29"":2},""candidate_ops_on_different_turns"":{""WEST"":2,""PICKUP"":11,""EAST"":1,""HARVEST"":1,""FEED"":1,""NORTH"":3,""SOUTH"":1},""candidate_market_items_on_different_turns"":{""STRAWBERRY"":2,""MILK"":3,""FERTILIZER"":5,""EGG"":2,""WHEAT"":1,""CARROT"":1,""WOOL"":1}}",720,DONE/DONE,8f0dfa8b086c92df620ae9b6b814f899e0b03477b00712ebf9b704d7a81e7089,experiments\learning_next_20260921\b_development_evaluation\replays\b_learned\souvik_v4\seed_2026092315_seat_0.json.gz
b_development_evaluation,b_learned,souvik_v4,2026092315,1,1.0,105505.0,89975.0,15530.0,0.0,54.0,2,600,"{""by_day_band"":{""d24-29"":2},""candidate_ops_on_different_turns"":{""PICKUP"":6,""FEED"":1,""NORTH"":3,""WEST"":1,""SOUTH"":1},""candidate_market_items_on_different_turns"":{""FERTILIZER"":4,""MILK"":2,""STRAWBERRY"":1,""EGG"":2,""WHEAT"":1,""WOOL"":1,""CARROT"":1}}",720,DONE/DONE,8f0dfa8b086c92df620ae9b6b814f899e0b03477b00712ebf9b704d7a81e7089,experiments\learning_next_20260921\b_development_evaluation\replays\b_learned\souvik_v4\seed_2026092315_seat_1.json.gz
b_development_evaluation,b_simple,mooman_e052a,2026092311,0,1.0,112414.0,111846.0,568.0,0.0,-407.0,34,264,"{""by_day_band"":{""d06-11"":1,""d12-17"":5,""d18-23"":15,""d24-29"":13},""candidate_ops_on_different_turns"":{""SOUTH"":43,""PLACE"":5,""CARE"":23,""HARVEST"":44,""WATER"":66,""FEED"":21,""WEST"":49,""NORTH"":46,""EAST"":38,""PASS"":7,""PICKUP"":8,""PLANT"":13,""COLLECT_FERTILIZER"":16,""FERTILIZE"":2,""DIG"":3},""candidate_market_items_on_different_turns"":{""FERTILIZER"":2,""MELON"":1,""MILK"":7,""WHEAT"":14,""STRAWBERRY"":7,""WOOL"":4,""CARROT"":3}}",720,DONE/DONE,0f9d3b87b06c1d5e57dbdd19a04ff463d7ee2b1453420023076dd13ab271b37b,experiments\learning_next_20260921\b_development_evaluation\replays\b_simple\mooman_e052a\seed_2026092311_seat_0.json.gz
b_development_evaluation,b_simple,mooman_e052a,2026092311,1,1.0,112298.0,111723.0,575.0,0.0,-400.0,30,264,"{""by_day_band"":{""d06-11"":1,""d12-17"":5,""d18-23"":15,""d24-29"":9},""candidate_ops_on_different_turns"":{""SOUTH"":36,""PLACE"":5,""CARE"":22,""HARVEST"":37,""WATER"":60,""FEED"":21,""WEST"":44,""NORTH"":38,""EAST"":27,""PASS"":5,""PICKUP"":8,""PLANT"":13,""COLLECT_FERTILIZER"":15,""FERTILIZE"":2,""DIG"":3},""candidate_market_items_on_different_turns"":{""FERTILIZER"":2,""MELON"":1,""MILK"":6,""WHEAT"":13,""STRAWBERRY"":5,""WOOL"":3,""CARROT"":3}}",720,DONE/DONE,0f9d3b87b06c1d5e57dbdd19a04ff463d7ee2b1453420023076dd13ab271b37b,experiments\learning_next_20260921\b_development_evaluation\replays\b_simple\mooman_e052a\seed_2026092311_seat_1.json.gz
b_development_evaluation,b_simple,mooman_e052a,2026092312,0,1.0,108083.0,104749.0,3334.0,0.0,-313.0,2,264,"{""by_day_band"":{""d06-11"":1,""d18-23"":1},""candidate_ops_on_different_turns"":{""SOUTH"":1,""PICKUP"":1},""candidate_market_items_on_different_turns"":{""FERTILIZER"":2,""MELON"":1,""MILK"":1}}",720,DONE/DONE,6b10098bf0f7128db3ec0faca1db26a046bc28ab15568fde823f7ebb65eab38b,experiments\learning_next_20260921\b_development_evaluation\replays\b_simple\mooman_e052a\seed_2026092312_seat_0.json.gz
b_development_evaluation,b_simple,mooman_e052a,2026092312,1,1.0,108083.0,104749.0,3334.0,0.0,-313.0,2,264,"{""by_day_band"":{""d06-11"":1,""d18-23"":1},""candidate_ops_on_different_turns"":{""SOUTH"":1,""PICKUP"":1},""candidate_market_items_on_different_turns"":{""FERTILIZER"":2,""MELON"":1,""MILK"":1}}",720,DONE/DONE,6b10098bf0f7128db3ec0faca1db26a046bc28ab15568fde823f7ebb65eab38b,experiments\learning_next_20260921\b_development_evaluation\replays\b_simple\mooman_e052a\seed_2026092312_seat_1.json.gz
b_development_evaluation,b_simple,mooman_e052a,2026092313,0,1.0,102290.0,92365.0,9925.0,0.0,-258.0,3,264,"{""by_day_band"":{""d06-11"":1,""d18-23"":1,""d24-29"":1},""candidate_ops_on_different_turns"":{""SOUTH"":1,""PICKUP"":2},""candidate_market_items_on_different_turns"":{""FERTILIZER"":3,""MELON"":1,""MILK"":2,""STRAWBERRY"":1,""EGG"":1}}",720,DONE/DONE,3dd2bae76cc766c61730921e5764930916914164d2c2b15038f4e42d849a5b03,experiments\learning_next_20260921\b_development_evaluation\replays\b_simple\mooman_e052a\seed_2026092313_seat_0.json.gz
b_development_evaluation,b_simple,mooman_e052a,2026092313,1,1.0,102290.0,92365.0,9925.0,0.0,-258.0,3,264,"{""by_day_band"":{""d06-11"":1,""d18-23"":1,""d24-29"":1},""candidate_ops_on_different_turns"":{""SOUTH"":1,""PICKUP"":2},""candidate_market_items_on_different_turns"":{""FERTILIZER"":3,""MELON"":1,""MILK"":2,""STRAWBERRY"":1,""EGG"":1}}",720,DONE/DONE,3dd2bae76cc766c61730921e5764930916914164d2c2b15038f4e42d849a5b03,experiments\learning_next_20260921\b_development_evaluation\replays\b_simple\mooman_e052a\seed_2026092313_seat_1.json.gz
b_development_evaluation,b_simple,mooman_e052a,2026092314,0,1.0,107697.0,93621.0,14076.0,0.0,-461.0,3,264,"{""by_day_band"":{""d06-11"":1,""d24-29"":2},""candidate_ops_on_different_turns"":{""SOUTH"":1,""PICKUP"":1,""PASS"":1},""candidate_market_items_on_different_turns"":{""FERTILIZER"":3,""MELON"":1,""MILK"":2,""EGG"":1}}",720,DONE/DONE,ef4ff0dacfd06c93403f90613f5bacff4b0be5e502372f0dd6942495e49273b0,experiments\learning_next_20260921\b_development_evaluation\replays\b_simple\mooman_e052a\seed_2026092314_seat_0.json.gz
b_development_evaluation,b_simple,mooman_e052a,2026092314,1,1.0,107697.0,93621.0,14076.0,0.0,-461.0,3,264,"{""by_day_band"":{""d06-11"":1,""d24-29"":2},""candidate_ops_on_different_turns"":{""SOUTH"":1,""PICKUP"":1,""PASS"":1},""candidate_market_items_on_different_turns"":{""FERTILIZER"":3,""MELON"":1,""MILK"":2,""EGG"":1}}",720,DONE/DONE,ef4ff0dacfd06c93403f90613f5bacff4b0be5e502372f0dd6942495e49273b0,experiments\learning_next_20260921\b_development_evaluation\replays\b_simple\mooman_e052a\seed_2026092314_seat_1.json.gz
b_development_evaluation,b_simple,mooman_e052a,2026092315,0,1.0,105361.0,90085.0,15276.0,0.0,-209.0,5,264,"{""by_day_band"":{""d06-11"":1,""d18-23"":2,""d24-29"":2},""candidate_ops_on_different_turns"":{""SOUTH"":1,""PICKUP"":2,""WEST"":1,""PASS"":1},""candidate_market_items_on_different_turns"":{""FERTILIZER"":6,""MELON"":1,""STRAWBERRY"":3,""EGG"":2,""MILK"":1,""WOOL"":1}}",720,DONE/DONE,8f0dfa8b086c92df620ae9b6b814f899e0b03477b00712ebf9b704d7a81e7089,experiments\learning_next_20260921\b_development_evaluation\replays\b_simple\mooman_e052a\seed_2026092315_seat_0.json.gz
b_development_evaluation,b_simple,mooman_e052a,2026092315,1,1.0,105361.0,90085.0,15276.0,0.0,-209.0,5,264,"{""by_day_band"":{""d06-11"":1,""d18-23"":2,""d24-29"":2},""candidate_ops_on_different_turns"":{""SOUTH"":1,""PICKUP"":2,""WEST"":1,""PASS"":1},""candidate_market_items_on_different_turns"":{""FERTILIZER"":6,""MELON"":1,""STRAWBERRY"":3,""EGG"":2,""MILK"":1,""WOOL"":1}}",720,DONE/DONE,8f0dfa8b086c92df620ae9b6b814f899e0b03477b00712ebf9b704d7a81e7089,experiments\learning_next_20260921\b_development_evaluation\replays\b_simple\mooman_e052a\seed_2026092315_seat_1.json.gz
b_development_evaluation,b_simple,qeinstein_moev2,2026092311,0,1.0,82821.0,78525.0,4296.0,0.0,-364.0,9,264,"{""by_day_band"":{""d06-11"":1,""d12-17"":8},""candidate_ops_on_different_turns"":{""SOUTH"":6,""PICKUP"":4,""NORTH"":8,""WEST"":20,""WATER"":15,""EAST"":9,""HARVEST"":5,""FEED"":6,""COLLECT_FERTILIZER"":3,""CARE"":1,""DROP"":1,""PLACE"":2,""PLANT"":3,""DIG"":1},""candidate_market_items_on_different_turns"":{""FERTILIZER"":5,""MELON"":1,""EGG"":2,""WOOL"":1,""STRAWBERRY"":2,""WHEAT"":2,""MILK"":1}}",720,DONE/DONE,44b035d1eee24a0a5b79c4f3fd96ba11d7ff1691bf4df7d550f23508b9a9262c,experiments\learning_next_20260921\b_development_evaluation\replays\b_simple\qeinstein_moev2\seed_2026092311_seat_0.json.gz
b_development_evaluation,b_simple,qeinstein_moev2,2026092311,1,1.0,82821.0,78525.0,4296.0,0.0,-364.0,9,264,"{""by_day_band"":{""d06-11"":1,""d12-17"":8},""candidate_ops_on_different_turns"":{""SOUTH"":6,""PICKUP"":4,""NORTH"":8,""WEST"":20,""WATER"":15,""EAST"":9,""HARVEST"":5,""FEED"":6,""COLLECT_FERTILIZER"":3,""CARE"":1,""DROP"":1,""PLACE"":2,""PLANT"":3,""DIG"":1},""candidate_market_items_on_different_turns"":{""FERTILIZER"":5,""MELON"":1,""EGG"":2,""WOOL"":1,""STRAWBERRY"":2,""WHEAT"":2,""MILK"":1}}",720,DONE/DONE,44b035d1eee24a0a5b79c4f3fd96ba11d7ff1691bf4df7d550f23508b9a9262c,experiments\learning_next_20260921\b_development_evaluation\replays\b_simple\qeinstein_moev2\seed_2026092311_seat_1.json.gz
b_development_evaluation,b_simple,qeinstein_moev2,2026092312,0,1.0,118375.0,112759.0,5616.0,0.0,-298.0,5,264,"{""by_day_band"":{""d06-11"":1,""d12-17"":1,""d18-23"":3},""candidate_ops_on_different_turns"":{""SOUTH"":3,""PICKUP"":1,""WATER"":15,""WEST"":1,""COLLECT_FERTILIZER"":1,""HARVEST"":9,""EAST"":2,""DIG"":2,""CARE"":1},""candidate_market_items_on_different_turns"":{""FERTILIZER"":2,""MELON"":1,""EGG"":1,""WHEAT"":1}}",720,DONE/DONE,91ad37acb855e1c02e0bab500d1e256071ef5aa9cddc414c76270e1d7fc52487,experiments\learning_next_20260921\b_development_evaluation\replays\b_simple\qeinstein_moev2\seed_2026092312_seat_0.json.gz
b_development_evaluation,b_simple,qeinstein_moev2,2026092312,1,1.0,118375.0,112759.0,5616.0,0.0,-298.0,5,264,"{""by_day_band"":{""d06-11"":1,""d12-17"":1,""d18-23"":3},""candidate_ops_on_different_turns"":{""SOUTH"":3,""PICKUP"":1,""WATER"":15,""WEST"":1,""COLLECT_FERTILIZER"":1,""HARVEST"":9,""EAST"":2,""DIG"":2,""CARE"":1},""candidate_market_items_on_different_turns"":{""FERTILIZER"":2,""MELON"":1,""EGG"":1,""WHEAT"":1}}",720,DONE/DONE,91ad37acb855e1c02e0bab500d1e256071ef5aa9cddc414c76270e1d7fc52487,experiments\learning_next_20260921\b_development_evaluation\replays\b_simple\qeinstein_moev2\seed_2026092312_seat_1.json.gz
b_development_evaluation,b_simple,qeinstein_moev2,2026092313,0,1.0,120822.0,117616.0,3206.0,0.0,-259.0,5,264,"{""by_day_band"":{""d06-11"":1,""d18-23"":2,""d24-29"":2},""candidate_ops_on_different_turns"":{""SOUTH"":1,""PICKUP"":2,""WEST"":1,""PASS"":1},""candidate_market_items_on_different_turns"":{""FERTILIZER"":6,""MELON"":1,""STRAWBERRY"":3,""EGG"":2,""MILK"":1,""WOOL"":1}}",720,DONE/DONE,81cb04ddfa4d33c6fa9d10353469aa043e187ca50c75825c3491b8cd8f27f3f4,experiments\learning_next_20260921\b_development_evaluation\replays\b_simple\qeinstein_moev2\seed_2026092313_seat_0.json.gz
b_development_evaluation,b_simple,qeinstein_moev2,2026092313,1,1.0,120822.0,117616.0,3206.0,0.0,-259.0,5,264,"{""by_day_band"":{""d06-11"":1,""d18-23"":2,""d24-29"":2},""candidate_ops_on_different_turns"":{""SOUTH"":1,""PICKUP"":2,""WEST"":1,""PASS"":1},""candidate_market_items_on_different_turns"":{""FERTILIZER"":6,""MELON"":1,""STRAWBERRY"":3,""EGG"":2,""MILK"":1,""WOOL"":1}}",720,DONE/DONE,81cb04ddfa4d33c6fa9d10353469aa043e187ca50c75825c3491b8cd8f27f3f4,experiments\learning_next_20260921\b_development_evaluation\replays\b_simple\qeinstein_moev2\seed_2026092313_seat_1.json.gz
b_development_evaluation,b_simple,qeinstein_moev2,2026092314,0,1.0,116413.0,81459.0,34954.0,0.0,-306.0,3,168,"{""by_day_band"":{""d06-11"":2,""d12-17"":1},""candidate_ops_on_different_turns"":{""PICKUP"":2,""SOUTH"":1},""candidate_market_items_on_different_turns"":{""FERTILIZER"":3,""WOOL"":1,""MELON"":1,""MILK"":1,""EGG"":1}}",720,DONE/DONE,5e820ec7d712ec28e64856e048b9b36b456dda5c831efe191a3b9dfb0e8850b0,experiments\learning_next_20260921\b_development_evaluation\replays\b_simple\qeinstein_moev2\seed_2026092314_seat_0.json.gz
b_development_evaluation,b_simple,qeinstein_moev2,2026092314,1,1.0,116413.0,81459.0,34954.0,0.0,-306.0,3,168,"{""by_day_band"":{""d06-11"":2,""d12-17"":1},""candidate_ops_on_different_turns"":{""PICKUP"":2,""SOUTH"":1},""candidate_market_items_on_different_turns"":{""FERTILIZER"":3,""WOOL"":1,""MELON"":1,""MILK"":1,""EGG"":1}}",720,DONE/DONE,5e820ec7d712ec28e64856e048b9b36b456dda5c831efe191a3b9dfb0e8850b0,experiments\learning_next_20260921\b_development_evaluation\replays\b_simple\qeinstein_moev2\seed_2026092314_seat_1.json.gz
b_development_evaluation,b_simple,qeinstein_moev2,2026092315,0,1.0,74349.0,62382.0,11967.0,0.0,-257.0,5,264,"{""by_day_band"":{""d06-11"":1,""d18-23"":2,""d24-29"":2},""candidate_ops_on_different_turns"":{""SOUTH"":1,""PICKUP"":2,""WEST"":1,""PASS"":1},""candidate_market_items_on_different_turns"":{""FERTILIZER"":6,""MELON"":1,""STRAWBERRY"":3,""EGG"":2,""MILK"":1,""WOOL"":1}}",720,DONE/DONE,2c32e91e883d4973745c6cb65aca3330d5a1e6bce372ce96ee5c53f575fda799,experiments\learning_next_20260921\b_development_evaluation\replays\b_simple\qeinstein_moev2\seed_2026092315_seat_0.json.gz
b_development_evaluation,b_simple,qeinstein_moev2,2026092315,1,1.0,74349.0,62382.0,11967.0,0.0,-257.0,5,264,"{""by_day_band"":{""d06-11"":1,""d18-23"":2,""d24-29"":2},""candidate_ops_on_different_turns"":{""SOUTH"":1,""PICKUP"":2,""WEST"":1,""PASS"":1},""candidate_market_items_on_different_turns"":{""FERTILIZER"":6,""MELON"":1,""STRAWBERRY"":3,""EGG"":2,""MILK"":1,""WOOL"":1}}",720,DONE/DONE,2c32e91e883d4973745c6cb65aca3330d5a1e6bce372ce96ee5c53f575fda799,experiments\learning_next_20260921\b_development_evaluation\replays\b_simple\qeinstein_moev2\seed_2026092315_seat_1.json.gz
b_development_evaluation,b_simple,smart_farm,2026092311,0,1.0,97460.0,90620.0,6840.0,0.0,-312.0,1,264,"{""by_day_band"":{""d06-11"":1},""candidate_ops_on_different_turns"":{""SOUTH"":1},""candidate_market_items_on_different_turns"":{""FERTILIZER"":1,""MELON"":1}}",720,DONE/DONE,f2601681674f840481df4958846e07c7a5542e85417266f622ec6f8bc41b31cd,experiments\learning_next_20260921\b_development_evaluation\replays\b_simple\smart_farm\seed_2026092311_seat_0.json.gz
b_development_evaluation,b_simple,smart_farm,2026092311,1,1.0,97460.0,90620.0,6840.0,0.0,-312.0,1,264,"{""by_day_band"":{""d06-11"":1},""candidate_ops_on_different_turns"":{""SOUTH"":1},""candidate_market_items_on_different_turns"":{""FERTILIZER"":1,""MELON"":1}}",720,DONE/DONE,f2601681674f840481df4958846e07c7a5542e85417266f622ec6f8bc41b31cd,experiments\learning_next_20260921\b_development_evaluation\replays\b_simple\smart_farm\seed_2026092311_seat_1.json.gz
b_development_evaluation,b_simple,smart_farm,2026092312,0,1.0,107687.0,107394.0,293.0,0.0,-339.0,7,264,"{""by_day_band"":{""d06-11"":1,""d18-23"":1,""d24-29"":5},""candidate_ops_on_different_turns"":{""SOUTH"":5,""PICKUP"":5,""PASS"":4,""WATER"":11,""NORTH"":2,""FEED"":2,""EAST"":5,""WEST"":2,""HARVEST"":1,""CARE"":3,""DROP"":1,""COLLECT_FERTILIZER"":1,""PLANT"":2},""candidate_market_items_on_different_turns"":{""FERTILIZER"":7,""MELON"":1,""MILK"":2,""EGG"":1,""STRAWBERRY"":1}}",720,DONE/DONE,6b10098bf0f7128db3ec0faca1db26a046bc28ab15568fde823f7ebb65eab38b,experiments\learning_next_20260921\b_development_evaluation\replays\b_simple\smart_farm\seed_2026092312_seat_0.json.gz
b_development_evaluation,b_simple,smart_farm,2026092312,1,1.0,107687.0,107394.0,293.0,0.0,-339.0,7,264,"{""by_day_band"":{""d06-11"":1,""d18-23"":1,""d24-29"":5},""candidate_ops_on_different_turns"":{""SOUTH"":5,""PICKUP"":5,""PASS"":4,""WATER"":11,""NORTH"":2,""FEED"":2,""EAST"":5,""WEST"":2,""HARVEST"":1,""CARE"":3,""DROP"":1,""COLLECT_FERTILIZER"":1,""PLANT"":2},""candidate_market_items_on_different_turns"":{""FERTILIZER"":7,""MELON"":1,""MILK"":2,""EGG"":1,""STRAWBERRY"":1}}",720,DONE/DONE,6b10098bf0f7128db3ec0faca1db26a046bc28ab15568fde823f7ebb65eab38b,experiments\learning_next_20260921\b_development_evaluation\replays\b_simple\smart_farm\seed_2026092312_seat_1.json.gz
b_development_evaluation,b_simple,smart_farm,2026092313,0,1.0,102750.0,93667.0,9083.0,0.0,-270.0,5,264,"{""by_day_band"":{""d06-11"":3,""d18-23"":1,""d24-29"":1},""candidate_ops_on_different_turns"":{""SOUTH"":1,""PLANT"":3,""WEST"":4,""NORTH"":2,""CARE"":3,""FEED"":2,""WATER"":6,""COLLECT_FERTILIZER"":2,""PICKUP"":2},""candidate_market_items_on_different_turns"":{""FERTILIZER"":3,""MELON"":1,""WHEAT"":2,""MILK"":2,""STRAWBERRY"":1,""EGG"":1}}",720,DONE/DONE,3dd2bae76cc766c61730921e5764930916914164d2c2b15038f4e42d849a5b03,experiments\learning_next_20260921\b_development_evaluation\replays\b_simple\smart_farm\seed_2026092313_seat_0.json.gz
b_development_evaluation,b_simple,smart_farm,2026092313,1,1.0,102750.0,93667.0,9083.0,0.0,-270.0,5,264,"{""by_day_band"":{""d06-11"":3,""d18-23"":1,""d24-29"":1},""candidate_ops_on_different_turns"":{""SOUTH"":1,""PLANT"":3,""WEST"":4,""NORTH"":2,""CARE"":3,""FEED"":2,""WATER"":6,""COLLECT_FERTILIZER"":2,""PICKUP"":2},""candidate_market_items_on_different_turns"":{""FERTILIZER"":3,""MELON"":1,""WHEAT"":2,""MILK"":2,""STRAWBERRY"":1,""EGG"":1}}",720,DONE/DONE,3dd2bae76cc766c61730921e5764930916914164d2c2b15038f4e42d849a5b03,experiments\learning_next_20260921\b_development_evaluation\replays\b_simple\smart_farm\seed_2026092313_seat_1.json.gz
b_development_evaluation,b_simple,smart_farm,2026092314,0,1.0,108560.0,93196.0,15364.0,0.0,-251.0,3,264,"{""by_day_band"":{""d06-11"":1,""d24-29"":2},""candidate_ops_on_different_turns"":{""SOUTH"":1,""PICKUP"":1,""PASS"":1},""candidate_market_items_on_different_turns"":{""FERTILIZER"":3,""MELON"":1,""MILK"":2,""EGG"":1}}",720,DONE/DONE,ef4ff0dacfd06c93403f90613f5bacff4b0be5e502372f0dd6942495e49273b0,experiments\learning_next_20260921\b_development_evaluation\replays\b_simple\smart_farm\seed_2026092314_seat_0.json.gz
b_development_evaluation,b_simple,smart_farm,2026092314,1,1.0,108560.0,93196.0,15364.0,0.0,-251.0,3,264,"{""by_day_band"":{""d06-11"":1,""d24-29"":2},""candidate_ops_on_different_turns"":{""SOUTH"":1,""PICKUP"":1,""PASS"":1},""candidate_market_items_on_different_turns"":{""FERTILIZER"":3,""MELON"":1,""MILK"":2,""EGG"":1}}",720,DONE/DONE,ef4ff0dacfd06c93403f90613f5bacff4b0be5e502372f0dd6942495e49273b0,experiments\learning_next_20260921\b_development_evaluation\replays\b_simple\smart_farm\seed_2026092314_seat_1.json.gz
b_development_evaluation,b_simple,smart_farm,2026092315,0,1.0,105609.0,89858.0,15751.0,0.0,-203.0,5,264,"{""by_day_band"":{""d06-11"":1,""d18-23"":2,""d24-29"":2},""candidate_ops_on_different_turns"":{""SOUTH"":1,""PICKUP"":2,""WEST"":1,""PASS"":1},""candidate_market_items_on_different_turns"":{""FERTILIZER"":6,""MELON"":1,""STRAWBERRY"":3,""EGG"":2,""MILK"":1,""WOOL"":1}}",720,DONE/DONE,8f0dfa8b086c92df620ae9b6b814f899e0b03477b00712ebf9b704d7a81e7089,experiments\learning_next_20260921\b_development_evaluation\replays\b_simple\smart_farm\seed_2026092315_seat_0.json.gz
b_development_evaluation,b_simple,smart_farm,2026092315,1,1.0,105609.0,89858.0,15751.0,0.0,-203.0,5,264,"{""by_day_band"":{""d06-11"":1,""d18-23"":2,""d24-29"":2},""candidate_ops_on_different_turns"":{""SOUTH"":1,""PICKUP"":2,""WEST"":1,""PASS"":1},""candidate_market_items_on_different_turns"":{""FERTILIZER"":6,""MELON"":1,""STRAWBERRY"":3,""EGG"":2,""MILK"":1,""WOOL"":1}}",720,DONE/DONE,8f0dfa8b086c92df620ae9b6b814f899e0b03477b00712ebf9b704d7a81e7089,experiments\learning_next_20260921\b_development_evaluation\replays\b_simple\smart_farm\seed_2026092315_seat_1.json.gz
b_development_evaluation,b_simple,souvik_v4,2026092311,0,1.0,93423.0,85789.0,7634.0,0.0,-313.0,1,264,"{""by_day_band"":{""d06-11"":1},""candidate_ops_on_different_turns"":{""SOUTH"":1},""candidate_market_items_on_different_turns"":{""FERTILIZER"":1,""MELON"":1}}",720,DONE/DONE,f2601681674f840481df4958846e07c7a5542e85417266f622ec6f8bc41b31cd,experiments\learning_next_20260921\b_development_evaluation\replays\b_simple\souvik_v4\seed_2026092311_seat_0.json.gz
b_development_evaluation,b_simple,souvik_v4,2026092311,1,1.0,93423.0,85789.0,7634.0,0.0,-313.0,1,264,"{""by_day_band"":{""d06-11"":1},""candidate_ops_on_different_turns"":{""SOUTH"":1},""candidate_market_items_on_different_turns"":{""FERTILIZER"":1,""MELON"":1}}",720,DONE/DONE,f2601681674f840481df4958846e07c7a5542e85417266f622ec6f8bc41b31cd,experiments\learning_next_20260921\b_development_evaluation\replays\b_simple\souvik_v4\seed_2026092311_seat_1.json.gz
b_development_evaluation,b_simple,souvik_v4,2026092312,0,1.0,108079.0,104756.0,3323.0,0.0,-319.0,3,264,"{""by_day_band"":{""d06-11"":1,""d18-23"":2},""candidate_ops_on_different_turns"":{""SOUTH"":1,""PICKUP"":4,""NORTH"":4,""WEST"":2,""WATER"":1},""candidate_market_items_on_different_turns"":{""FERTILIZER"":3,""MELON"":1,""MILK"":3,""EGG"":1}}",720,DONE/DONE,6b10098bf0f7128db3ec0faca1db26a046bc28ab15568fde823f7ebb65eab38b,experiments\learning_next_20260921\b_development_evaluation\replays\b_simple\souvik_v4\seed_2026092312_seat_0.json.gz
b_development_evaluation,b_simple,souvik_v4,2026092312,1,1.0,108079.0,104756.0,3323.0,0.0,-319.0,3,264,"{""by_day_band"":{""d06-11"":1,""d18-23"":2},""candidate_ops_on_different_turns"":{""SOUTH"":1,""PICKUP"":4,""NORTH"":4,""WEST"":2,""WATER"":1},""candidate_market_items_on_different_turns"":{""FERTILIZER"":3,""MELON"":1,""MILK"":3,""EGG"":1}}",720,DONE/DONE,6b10098bf0f7128db3ec0faca1db26a046bc28ab15568fde823f7ebb65eab38b,experiments\learning_next_20260921\b_development_evaluation\replays\b_simple\souvik_v4\seed_2026092312_seat_1.json.gz
b_development_evaluation,b_simple,souvik_v4,2026092313,0,1.0,102286.0,92371.0,9915.0,0.0,-258.0,3,264,"{""by_day_band"":{""d06-11"":1,""d18-23"":1,""d24-29"":1},""candidate_ops_on_different_turns"":{""SOUTH"":1,""PICKUP"":2},""candidate_market_items_on_different_turns"":{""FERTILIZER"":3,""MELON"":1,""MILK"":2,""STRAWBERRY"":1,""EGG"":1}}",720,DONE/DONE,3dd2bae76cc766c61730921e5764930916914164d2c2b15038f4e42d849a5b03,experiments\learning_next_20260921\b_development_evaluation\replays\b_simple\souvik_v4\seed_2026092313_seat_0.json.gz
b_development_evaluation,b_simple,souvik_v4,2026092313,1,1.0,102286.0,92371.0,9915.0,0.0,-258.0,3,264,"{""by_day_band"":{""d06-11"":1,""d18-23"":1,""d24-29"":1},""candidate_ops_on_different_turns"":{""SOUTH"":1,""PICKUP"":2},""candidate_market_items_on_different_turns"":{""FERTILIZER"":3,""MELON"":1,""MILK"":2,""STRAWBERRY"":1,""EGG"":1}}",720,DONE/DONE,3dd2bae76cc766c61730921e5764930916914164d2c2b15038f4e42d849a5b03,experiments\learning_next_20260921\b_development_evaluation\replays\b_simple\souvik_v4\seed_2026092313_seat_1.json.gz
b_development_evaluation,b_simple,souvik_v4,2026092314,0,1.0,107695.0,93623.0,14072.0,0.0,-461.0,3,264,"{""by_day_band"":{""d06-11"":1,""d24-29"":2},""candidate_ops_on_different_turns"":{""SOUTH"":1,""PICKUP"":1,""PASS"":1},""candidate_market_items_on_different_turns"":{""FERTILIZER"":3,""MELON"":1,""MILK"":2,""EGG"":1}}",720,DONE/DONE,ef4ff0dacfd06c93403f90613f5bacff4b0be5e502372f0dd6942495e49273b0,experiments\learning_next_20260921\b_development_evaluation\replays\b_simple\souvik_v4\seed_2026092314_seat_0.json.gz
b_development_evaluation,b_simple,souvik_v4,2026092314,1,1.0,107695.0,93623.0,14072.0,0.0,-461.0,3,264,"{""by_day_band"":{""d06-11"":1,""d24-29"":2},""candidate_ops_on_different_turns"":{""SOUTH"":1,""PICKUP"":1,""PASS"":1},""candidate_market_items_on_different_turns"":{""FERTILIZER"":3,""MELON"":1,""MILK"":2,""EGG"":1}}",720,DONE/DONE,ef4ff0dacfd06c93403f90613f5bacff4b0be5e502372f0dd6942495e49273b0,experiments\learning_next_20260921\b_development_evaluation\replays\b_simple\souvik_v4\seed_2026092314_seat_1.json.gz
b_development_evaluation,b_simple,souvik_v4,2026092315,0,1.0,105357.0,90090.0,15267.0,0.0,-209.0,5,264,"{""by_day_band"":{""d06-11"":1,""d18-23"":2,""d24-29"":2},""candidate_ops_on_different_turns"":{""SOUTH"":1,""PICKUP"":2,""WEST"":1,""PASS"":1},""candidate_market_items_on_different_turns"":{""FERTILIZER"":6,""MELON"":1,""STRAWBERRY"":3,""EGG"":2,""MILK"":1,""WOOL"":1}}",720,DONE/DONE,8f0dfa8b086c92df620ae9b6b814f899e0b03477b00712ebf9b704d7a81e7089,experiments\learning_next_20260921\b_development_evaluation\replays\b_simple\souvik_v4\seed_2026092315_seat_0.json.gz
b_development_evaluation,b_simple,souvik_v4,2026092315,1,1.0,105357.0,90090.0,15267.0,0.0,-209.0,5,264,"{""by_day_band"":{""d06-11"":1,""d18-23"":2,""d24-29"":2},""candidate_ops_on_different_turns"":{""SOUTH"":1,""PICKUP"":2,""WEST"":1,""PASS"":1},""candidate_market_items_on_different_turns"":{""FERTILIZER"":6,""MELON"":1,""STRAWBERRY"":3,""EGG"":2,""MILK"":1,""WOOL"":1}}",720,DONE/DONE,8f0dfa8b086c92df620ae9b6b814f899e0b03477b00712ebf9b704d7a81e7089,experiments\learning_next_20260921\b_development_evaluation\replays\b_simple\souvik_v4\seed_2026092315_seat_1.json.gz
b_development_evaluation,c0,mooman_e052a,2026092311,0,1.0,112035.0,111060.0,975.0,0.0,0.0,0,,{},720,DONE/DONE,0f9d3b87b06c1d5e57dbdd19a04ff463d7ee2b1453420023076dd13ab271b37b,experiments\learning_next_20260921\b_development_evaluation\replays\c0\mooman_e052a\seed_2026092311_seat_0.json.gz
b_development_evaluation,c0,mooman_e052a,2026092311,1,1.0,112035.0,111060.0,975.0,0.0,0.0,0,,{},720,DONE/DONE,0f9d3b87b06c1d5e57dbdd19a04ff463d7ee2b1453420023076dd13ab271b37b,experiments\learning_next_20260921\b_development_evaluation\replays\c0\mooman_e052a\seed_2026092311_seat_1.json.gz
b_development_evaluation,c0,mooman_e052a,2026092312,0,1.0,108256.0,104609.0,3647.0,0.0,0.0,0,,{},720,DONE/DONE,6b10098bf0f7128db3ec0faca1db26a046bc28ab15568fde823f7ebb65eab38b,experiments\learning_next_20260921\b_development_evaluation\replays\c0\mooman_e052a\seed_2026092312_seat_0.json.gz
b_development_evaluation,c0,mooman_e052a,2026092312,1,1.0,108256.0,104609.0,3647.0,0.0,0.0,0,,{},720,DONE/DONE,6b10098bf0f7128db3ec0faca1db26a046bc28ab15568fde823f7ebb65eab38b,experiments\learning_next_20260921\b_development_evaluation\replays\c0\mooman_e052a\seed_2026092312_seat_1.json.gz
b_development_evaluation,c0,mooman_e052a,2026092313,0,1.0,102435.0,92252.0,10183.0,0.0,0.0,0,,{},720,DONE/DONE,3dd2bae76cc766c61730921e5764930916914164d2c2b15038f4e42d849a5b03,experiments\learning_next_20260921\b_development_evaluation\replays\c0\mooman_e052a\seed_2026092313_seat_0.json.gz
b_development_evaluation,c0,mooman_e052a,2026092313,1,1.0,102435.0,92252.0,10183.0,0.0,0.0,0,,{},720,DONE/DONE,3dd2bae76cc766c61730921e5764930916914164d2c2b15038f4e42d849a5b03,experiments\learning_next_20260921\b_development_evaluation\replays\c0\mooman_e052a\seed_2026092313_seat_1.json.gz
b_development_evaluation,c0,mooman_e052a,2026092314,0,1.0,107949.0,93412.0,14537.0,0.0,0.0,0,,{},720,DONE/DONE,ef4ff0dacfd06c93403f90613f5bacff4b0be5e502372f0dd6942495e49273b0,experiments\learning_next_20260921\b_development_evaluation\replays\c0\mooman_e052a\seed_2026092314_seat_0.json.gz
b_development_evaluation,c0,mooman_e052a,2026092314,1,1.0,107949.0,93412.0,14537.0,0.0,0.0,0,,{},720,DONE/DONE,ef4ff0dacfd06c93403f90613f5bacff4b0be5e502372f0dd6942495e49273b0,experiments\learning_next_20260921\b_development_evaluation\replays\c0\mooman_e052a\seed_2026092314_seat_1.json.gz
b_development_evaluation,c0,mooman_e052a,2026092315,0,1.0,105482.0,89997.0,15485.0,0.0,0.0,0,,{},720,DONE/DONE,8f0dfa8b086c92df620ae9b6b814f899e0b03477b00712ebf9b704d7a81e7089,experiments\learning_next_20260921\b_development_evaluation\replays\c0\mooman_e052a\seed_2026092315_seat_0.json.gz
b_development_evaluation,c0,mooman_e052a,2026092315,1,1.0,105482.0,89997.0,15485.0,0.0,0.0,0,,{},720,DONE/DONE,8f0dfa8b086c92df620ae9b6b814f899e0b03477b00712ebf9b704d7a81e7089,experiments\learning_next_20260921\b_development_evaluation\replays\c0\mooman_e052a\seed_2026092315_seat_1.json.gz
b_development_evaluation,c0,qeinstein_moev2,2026092311,0,1.0,83047.0,78387.0,4660.0,0.0,0.0,0,,{},720,DONE/DONE,44b035d1eee24a0a5b79c4f3fd96ba11d7ff1691bf4df7d550f23508b9a9262c,experiments\learning_next_20260921\b_development_evaluation\replays\c0\qeinstein_moev2\seed_2026092311_seat_0.json.gz
b_development_evaluation,c0,qeinstein_moev2,2026092311,1,1.0,83047.0,78387.0,4660.0,0.0,0.0,0,,{},720,DONE/DONE,44b035d1eee24a0a5b79c4f3fd96ba11d7ff1691bf4df7d550f23508b9a9262c,experiments\learning_next_20260921\b_development_evaluation\replays\c0\qeinstein_moev2\seed_2026092311_seat_1.json.gz
b_development_evaluation,c0,qeinstein_moev2,2026092312,0,1.0,118540.0,112626.0,5914.0,0.0,0.0,0,,{},720,DONE/DONE,91ad37acb855e1c02e0bab500d1e256071ef5aa9cddc414c76270e1d7fc52487,experiments\learning_next_20260921\b_development_evaluation\replays\c0\qeinstein_moev2\seed_2026092312_seat_0.json.gz
b_development_evaluation,c0,qeinstein_moev2,2026092312,1,1.0,118540.0,112626.0,5914.0,0.0,0.0,0,,{},720,DONE/DONE,91ad37acb855e1c02e0bab500d1e256071ef5aa9cddc414c76270e1d7fc52487,experiments\learning_next_20260921\b_development_evaluation\replays\c0\qeinstein_moev2\seed_2026092312_seat_1.json.gz
b_development_evaluation,c0,qeinstein_moev2,2026092313,0,1.0,120965.0,117500.0,3465.0,0.0,0.0,0,,{},720,DONE/DONE,81cb04ddfa4d33c6fa9d10353469aa043e187ca50c75825c3491b8cd8f27f3f4,experiments\learning_next_20260921\b_development_evaluation\replays\c0\qeinstein_moev2\seed_2026092313_seat_0.json.gz
b_development_evaluation,c0,qeinstein_moev2,2026092313,1,1.0,120965.0,117500.0,3465.0,0.0,0.0,0,,{},720,DONE/DONE,81cb04ddfa4d33c6fa9d10353469aa043e187ca50c75825c3491b8cd8f27f3f4,experiments\learning_next_20260921\b_development_evaluation\replays\c0\qeinstein_moev2\seed_2026092313_seat_1.json.gz
b_development_evaluation,c0,qeinstein_moev2,2026092314,0,1.0,116583.0,81323.0,35260.0,0.0,0.0,0,,{},720,DONE/DONE,5e820ec7d712ec28e64856e048b9b36b456dda5c831efe191a3b9dfb0e8850b0,experiments\learning_next_20260921\b_development_evaluation\replays\c0\qeinstein_moev2\seed_2026092314_seat_0.json.gz
b_development_evaluation,c0,qeinstein_moev2,2026092314,1,1.0,116583.0,81323.0,35260.0,0.0,0.0,0,,{},720,DONE/DONE,5e820ec7d712ec28e64856e048b9b36b456dda5c831efe191a3b9dfb0e8850b0,experiments\learning_next_20260921\b_development_evaluation\replays\c0\qeinstein_moev2\seed_2026092314_seat_1.json.gz
b_development_evaluation,c0,qeinstein_moev2,2026092315,0,1.0,74491.0,62267.0,12224.0,0.0,0.0,0,,{},720,DONE/DONE,2c32e91e883d4973745c6cb65aca3330d5a1e6bce372ce96ee5c53f575fda799,experiments\learning_next_20260921\b_development_evaluation\replays\c0\qeinstein_moev2\seed_2026092315_seat_0.json.gz
b_development_evaluation,c0,qeinstein_moev2,2026092315,1,1.0,74491.0,62267.0,12224.0,0.0,0.0,0,,{},720,DONE/DONE,2c32e91e883d4973745c6cb65aca3330d5a1e6bce372ce96ee5c53f575fda799,experiments\learning_next_20260921\b_development_evaluation\replays\c0\qeinstein_moev2\seed_2026092315_seat_1.json.gz
b_development_evaluation,c0,smart_farm,2026092311,0,1.0,97632.0,90480.0,7152.0,0.0,0.0,0,,{},720,DONE/DONE,f2601681674f840481df4958846e07c7a5542e85417266f622ec6f8bc41b31cd,experiments\learning_next_20260921\b_development_evaluation\replays\c0\smart_farm\seed_2026092311_seat_0.json.gz
b_development_evaluation,c0,smart_farm,2026092311,1,1.0,97632.0,90480.0,7152.0,0.0,0.0,0,,{},720,DONE/DONE,f2601681674f840481df4958846e07c7a5542e85417266f622ec6f8bc41b31cd,experiments\learning_next_20260921\b_development_evaluation\replays\c0\smart_farm\seed_2026092311_seat_1.json.gz
b_development_evaluation,c0,smart_farm,2026092312,0,1.0,107838.0,107206.0,632.0,0.0,0.0,0,,{},720,DONE/DONE,6b10098bf0f7128db3ec0faca1db26a046bc28ab15568fde823f7ebb65eab38b,experiments\learning_next_20260921\b_development_evaluation\replays\c0\smart_farm\seed_2026092312_seat_0.json.gz
b_development_evaluation,c0,smart_farm,2026092312,1,1.0,107838.0,107206.0,632.0,0.0,0.0,0,,{},720,DONE/DONE,6b10098bf0f7128db3ec0faca1db26a046bc28ab15568fde823f7ebb65eab38b,experiments\learning_next_20260921\b_development_evaluation\replays\c0\smart_farm\seed_2026092312_seat_1.json.gz
b_development_evaluation,c0,smart_farm,2026092313,0,1.0,102901.0,93548.0,9353.0,0.0,0.0,0,,{},720,DONE/DONE,3dd2bae76cc766c61730921e5764930916914164d2c2b15038f4e42d849a5b03,experiments\learning_next_20260921\b_development_evaluation\replays\c0\smart_farm\seed_2026092313_seat_0.json.gz
b_development_evaluation,c0,smart_farm,2026092313,1,1.0,102901.0,93548.0,9353.0,0.0,0.0,0,,{},720,DONE/DONE,3dd2bae76cc766c61730921e5764930916914164d2c2b15038f4e42d849a5b03,experiments\learning_next_20260921\b_development_evaluation\replays\c0\smart_farm\seed_2026092313_seat_1.json.gz
b_development_evaluation,c0,smart_farm,2026092314,0,1.0,108700.0,93085.0,15615.0,0.0,0.0,0,,{},720,DONE/DONE,ef4ff0dacfd06c93403f90613f5bacff4b0be5e502372f0dd6942495e49273b0,experiments\learning_next_20260921\b_development_evaluation\replays\c0\smart_farm\seed_2026092314_seat_0.json.gz
b_development_evaluation,c0,smart_farm,2026092314,1,1.0,108700.0,93085.0,15615.0,0.0,0.0,0,,{},720,DONE/DONE,ef4ff0dacfd06c93403f90613f5bacff4b0be5e502372f0dd6942495e49273b0,experiments\learning_next_20260921\b_development_evaluation\replays\c0\smart_farm\seed_2026092314_seat_1.json.gz
b_development_evaluation,c0,smart_farm,2026092315,0,1.0,105726.0,89772.0,15954.0,0.0,0.0,0,,{},720,DONE/DONE,8f0dfa8b086c92df620ae9b6b814f899e0b03477b00712ebf9b704d7a81e7089,experiments\learning_next_20260921\b_development_evaluation\replays\c0\smart_farm\seed_2026092315_seat_0.json.gz
b_development_evaluation,c0,smart_farm,2026092315,1,1.0,105726.0,89772.0,15954.0,0.0,0.0,0,,{},720,DONE/DONE,8f0dfa8b086c92df620ae9b6b814f899e0b03477b00712ebf9b704d7a81e7089,experiments\learning_next_20260921\b_development_evaluation\replays\c0\smart_farm\seed_2026092315_seat_1.json.gz
b_development_evaluation,c0,souvik_v4,2026092311,0,1.0,93596.0,85649.0,7947.0,0.0,0.0,0,,{},720,DONE/DONE,f2601681674f840481df4958846e07c7a5542e85417266f622ec6f8bc41b31cd,experiments\learning_next_20260921\b_development_evaluation\replays\c0\souvik_v4\seed_2026092311_seat_0.json.gz
b_development_evaluation,c0,souvik_v4,2026092311,1,1.0,93596.0,85649.0,7947.0,0.0,0.0,0,,{},720,DONE/DONE,f2601681674f840481df4958846e07c7a5542e85417266f622ec6f8bc41b31cd,experiments\learning_next_20260921\b_development_evaluation\replays\c0\souvik_v4\seed_2026092311_seat_1.json.gz
b_development_evaluation,c0,souvik_v4,2026092312,0,1.0,108255.0,104613.0,3642.0,0.0,0.0,0,,{},720,DONE/DONE,6b10098bf0f7128db3ec0faca1db26a046bc28ab15568fde823f7ebb65eab38b,experiments\learning_next_20260921\b_development_evaluation\replays\c0\souvik_v4\seed_2026092312_seat_0.json.gz
b_development_evaluation,c0,souvik_v4,2026092312,1,1.0,108255.0,104613.0,3642.0,0.0,0.0,0,,{},720,DONE/DONE,6b10098bf0f7128db3ec0faca1db26a046bc28ab15568fde823f7ebb65eab38b,experiments\learning_next_20260921\b_development_evaluation\replays\c0\souvik_v4\seed_2026092312_seat_1.json.gz
b_development_evaluation,c0,souvik_v4,2026092313,0,1.0,102431.0,92258.0,10173.0,0.0,0.0,0,,{},720,DONE/DONE,3dd2bae76cc766c61730921e5764930916914164d2c2b15038f4e42d849a5b03,experiments\learning_next_20260921\b_development_evaluation\replays\c0\souvik_v4\seed_2026092313_seat_0.json.gz
b_development_evaluation,c0,souvik_v4,2026092313,1,1.0,102431.0,92258.0,10173.0,0.0,0.0,0,,{},720,DONE/DONE,3dd2bae76cc766c61730921e5764930916914164d2c2b15038f4e42d849a5b03,experiments\learning_next_20260921\b_development_evaluation\replays\c0\souvik_v4\seed_2026092313_seat_1.json.gz
b_development_evaluation,c0,souvik_v4,2026092314,0,1.0,107947.0,93414.0,14533.0,0.0,0.0,0,,{},720,DONE/DONE,ef4ff0dacfd06c93403f90613f5bacff4b0be5e502372f0dd6942495e49273b0,experiments\learning_next_20260921\b_development_evaluation\replays\c0\souvik_v4\seed_2026092314_seat_0.json.gz
b_development_evaluation,c0,souvik_v4,2026092314,1,1.0,107947.0,93414.0,14533.0,0.0,0.0,0,,{},720,DONE/DONE,ef4ff0dacfd06c93403f90613f5bacff4b0be5e502372f0dd6942495e49273b0,experiments\learning_next_20260921\b_development_evaluation\replays\c0\souvik_v4\seed_2026092314_seat_1.json.gz
b_development_evaluation,c0,souvik_v4,2026092315,0,1.0,105478.0,90002.0,15476.0,0.0,0.0,0,,{},720,DONE/DONE,8f0dfa8b086c92df620ae9b6b814f899e0b03477b00712ebf9b704d7a81e7089,experiments\learning_next_20260921\b_development_evaluation\replays\c0\souvik_v4\seed_2026092315_seat_0.json.gz
b_development_evaluation,c0,souvik_v4,2026092315,1,1.0,105478.0,90002.0,15476.0,0.0,0.0,0,,{},720,DONE/DONE,8f0dfa8b086c92df620ae9b6b814f899e0b03477b00712ebf9b704d7a81e7089,experiments\learning_next_20260921\b_development_evaluation\replays\c0\souvik_v4\seed_2026092315_seat_1.json.gz
challenge_calibration,c0,ggmljs_v16,2026092306,0,1.0,126228.0,67758.0,58470.0,0.0,0.0,0,,{},720,DONE/DONE,d0e1e483e2dc2cafe5be8706f15f5ba0524bd61f9b3e2e619cfc2b8884f17798,experiments\learning_next_20260921\challenge_calibration\replays\c0\ggmljs_v16\seed_2026092306_seat_0.json.gz
challenge_calibration,c0,ggmljs_v16,2026092306,1,1.0,126228.0,67758.0,58470.0,0.0,0.0,0,,{},720,DONE/DONE,d0e1e483e2dc2cafe5be8706f15f5ba0524bd61f9b3e2e619cfc2b8884f17798,experiments\learning_next_20260921\challenge_calibration\replays\c0\ggmljs_v16\seed_2026092306_seat_1.json.gz
challenge_calibration,c0,ggmljs_v16,2026092307,0,1.0,116519.0,95136.0,21383.0,0.0,0.0,0,,{},720,DONE/DONE,93a58442f57f12a973156e422b9235781352cc95885cb1db1162e3f750c5e8a7,experiments\learning_next_20260921\challenge_calibration\replays\c0\ggmljs_v16\seed_2026092307_seat_0.json.gz
challenge_calibration,c0,ggmljs_v16,2026092307,1,1.0,115902.0,95100.0,20802.0,0.0,0.0,0,,{},720,DONE/DONE,93a58442f57f12a973156e422b9235781352cc95885cb1db1162e3f750c5e8a7,experiments\learning_next_20260921\challenge_calibration\replays\c0\ggmljs_v16\seed_2026092307_seat_1.json.gz
challenge_calibration,c0,mooman_e052a,2026092306,0,1.0,112032.0,106878.0,5154.0,0.0,0.0,0,,{},720,DONE/DONE,aea8d2af4be12fdc4f861a230b6f2e6122d7d3e1391066eac04d7538b2aa0d98,experiments\learning_next_20260921\challenge_calibration\replays\c0\mooman_e052a\seed_2026092306_seat_0.json.gz
challenge_calibration,c0,mooman_e052a,2026092306,1,1.0,112032.0,106878.0,5154.0,0.0,0.0,0,,{},720,DONE/DONE,aea8d2af4be12fdc4f861a230b6f2e6122d7d3e1391066eac04d7538b2aa0d98,experiments\learning_next_20260921\challenge_calibration\replays\c0\mooman_e052a\seed_2026092306_seat_1.json.gz
challenge_calibration,c0,mooman_e052a,2026092307,0,1.0,105935.0,105823.0,112.0,0.0,0.0,0,,{},720,DONE/DONE,44cd34d6eae3995f7fefef1765158c6e50827f952c71e4cdc060c7c07b8bb2ca,experiments\learning_next_20260921\challenge_calibration\replays\c0\mooman_e052a\seed_2026092307_seat_0.json.gz
challenge_calibration,c0,mooman_e052a,2026092307,1,0.0,98042.0,105494.0,-7452.0,0.0,0.0,0,,{},720,DONE/DONE,8f37b24d7598c448601c51720a1735102d0f50b31baabc5cf13b6e13cf5e5994,experiments\learning_next_20260921\challenge_calibration\replays\c0\mooman_e052a\seed_2026092307_seat_1.json.gz
challenge_calibration,c0,qeinstein_moev2,2026092306,0,1.0,114250.0,93867.0,20383.0,0.0,0.0,0,,{},720,DONE/DONE,3c786d3cf515d357d9b95b6ffed0667c5691ad27d152f1a73cf30f7b8760a034,experiments\learning_next_20260921\challenge_calibration\replays\c0\qeinstein_moev2\seed_2026092306_seat_0.json.gz
challenge_calibration,c0,qeinstein_moev2,2026092306,1,1.0,114250.0,93867.0,20383.0,0.0,0.0,0,,{},720,DONE/DONE,3c786d3cf515d357d9b95b6ffed0667c5691ad27d152f1a73cf30f7b8760a034,experiments\learning_next_20260921\challenge_calibration\replays\c0\qeinstein_moev2\seed_2026092306_seat_1.json.gz
challenge_calibration,c0,qeinstein_moev2,2026092307,0,1.0,68074.0,62228.0,5846.0,0.0,0.0,0,,{},720,DONE/DONE,f4911c5524a255302c47cdf12298e34160769022b43a0015930c340ff8632ab8,experiments\learning_next_20260921\challenge_calibration\replays\c0\qeinstein_moev2\seed_2026092307_seat_0.json.gz
challenge_calibration,c0,qeinstein_moev2,2026092307,1,0.0,81967.0,82137.0,-170.0,0.0,0.0,0,,{},720,DONE/DONE,3cfe19461023c707f3081520681161ae28506edcb87ea09ae60ff3b8bd071869,experiments\learning_next_20260921\challenge_calibration\replays\c0\qeinstein_moev2\seed_2026092307_seat_1.json.gz
challenge_calibration,c0,robriculture_lean_feed,2026092306,0,1.0,121447.0,14611.0,106836.0,0.0,0.0,0,,{},720,DONE/DONE,2bddfdea302249c03dc06ec87764908b71c5c32f540956237c1f992a9b372377,experiments\learning_next_20260921\challenge_calibration\replays\c0\robriculture_lean_feed\seed_2026092306_seat_0.json.gz
challenge_calibration,c0,robriculture_lean_feed,2026092306,1,1.0,121447.0,14611.0,106836.0,0.0,0.0,0,,{},720,DONE/DONE,2bddfdea302249c03dc06ec87764908b71c5c32f540956237c1f992a9b372377,experiments\learning_next_20260921\challenge_calibration\replays\c0\robriculture_lean_feed\seed_2026092306_seat_1.json.gz
challenge_calibration,c0,robriculture_lean_feed,2026092307,0,1.0,174729.0,82433.0,92296.0,0.0,0.0,0,,{},720,DONE/DONE,70ad00387d6f1374f83bb0b6adad55b172ba285876b609e8ba2c68a491d985ea,experiments\learning_next_20260921\challenge_calibration\replays\c0\robriculture_lean_feed\seed_2026092307_seat_0.json.gz
challenge_calibration,c0,robriculture_lean_feed,2026092307,1,1.0,147849.0,48846.0,99003.0,0.0,0.0,0,,{},720,DONE/DONE,545b0261ec19f9096435cc296395b80fa49302f787ed96ee859351d4d2410dcc,experiments\learning_next_20260921\challenge_calibration\replays\c0\robriculture_lean_feed\seed_2026092307_seat_1.json.gz
challenge_calibration,c0,smart_farm,2026092306,0,1.0,112562.0,100040.0,12522.0,0.0,0.0,0,,{},720,DONE/DONE,aea8d2af4be12fdc4f861a230b6f2e6122d7d3e1391066eac04d7538b2aa0d98,experiments\learning_next_20260921\challenge_calibration\replays\c0\smart_farm\seed_2026092306_seat_0.json.gz
challenge_calibration,c0,smart_farm,2026092306,1,1.0,112562.0,100040.0,12522.0,0.0,0.0,0,,{},720,DONE/DONE,aea8d2af4be12fdc4f861a230b6f2e6122d7d3e1391066eac04d7538b2aa0d98,experiments\learning_next_20260921\challenge_calibration\replays\c0\smart_farm\seed_2026092306_seat_1.json.gz
challenge_calibration,c0,smart_farm,2026092307,0,0.0,106774.0,107235.0,-461.0,0.0,0.0,0,,{},720,DONE/DONE,44cd34d6eae3995f7fefef1765158c6e50827f952c71e4cdc060c7c07b8bb2ca,experiments\learning_next_20260921\challenge_calibration\replays\c0\smart_farm\seed_2026092307_seat_0.json.gz
challenge_calibration,c0,smart_farm,2026092307,1,0.0,106774.0,107235.0,-461.0,0.0,0.0,0,,{},720,DONE/DONE,44cd34d6eae3995f7fefef1765158c6e50827f952c71e4cdc060c7c07b8bb2ca,experiments\learning_next_20260921\challenge_calibration\replays\c0\smart_farm\seed_2026092307_seat_1.json.gz
challenge_calibration,c0,souvik_v4,2026092306,0,1.0,112028.0,106884.0,5144.0,0.0,0.0,0,,{},720,DONE/DONE,aea8d2af4be12fdc4f861a230b6f2e6122d7d3e1391066eac04d7538b2aa0d98,experiments\learning_next_20260921\challenge_calibration\replays\c0\souvik_v4\seed_2026092306_seat_0.json.gz
challenge_calibration,c0,souvik_v4,2026092306,1,1.0,112028.0,106884.0,5144.0,0.0,0.0,0,,{},720,DONE/DONE,aea8d2af4be12fdc4f861a230b6f2e6122d7d3e1391066eac04d7538b2aa0d98,experiments\learning_next_20260921\challenge_calibration\replays\c0\souvik_v4\seed_2026092306_seat_1.json.gz
challenge_calibration,c0,souvik_v4,2026092307,0,1.0,105010.0,101701.0,3309.0,0.0,0.0,0,,{},720,DONE/DONE,44cd34d6eae3995f7fefef1765158c6e50827f952c71e4cdc060c7c07b8bb2ca,experiments\learning_next_20260921\challenge_calibration\replays\c0\souvik_v4\seed_2026092307_seat_0.json.gz
challenge_calibration,c0,souvik_v4,2026092307,1,1.0,105010.0,101701.0,3309.0,0.0,0.0,0,,{},720,DONE/DONE,44cd34d6eae3995f7fefef1765158c6e50827f952c71e4cdc060c7c07b8bb2ca,experiments\learning_next_20260921\challenge_calibration\replays\c0\souvik_v4\seed_2026092307_seat_1.json.gz
smoke_evaluation,a_baseline,qeinstein_moev2,2026092301,0,0.0,0.0,112785.0,-112785.0,-1.0,-133201.0,714,2,,720,DONE/DONE,a110eed537bcfbe172b5eb3936b0c6efa3c255c839531e6d5202b58d7e6b772d,experiments\learning_next_20260921\smoke_evaluation\replays\a_baseline\qeinstein_moev2\seed_2026092301_seat_0.json.gz
smoke_evaluation,a_baseline,qeinstein_moev2,2026092301,1,0.0,0.0,127347.0,-127347.0,-1.0,-147763.0,714,2,,720,DONE/DONE,94bb08d7df95ff0a621a5738900b8b98e72dae6b4199622f1ab37a4876288de0,experiments\learning_next_20260921\smoke_evaluation\replays\a_baseline\qeinstein_moev2\seed_2026092301_seat_1.json.gz
smoke_evaluation,a_learned,qeinstein_moev2,2026092301,0,0.0,0.0,112785.0,-112785.0,-1.0,-133201.0,714,2,,720,DONE/DONE,a110eed537bcfbe172b5eb3936b0c6efa3c255c839531e6d5202b58d7e6b772d,experiments\learning_next_20260921\smoke_evaluation\replays\a_learned\qeinstein_moev2\seed_2026092301_seat_0.json.gz
smoke_evaluation,a_learned,qeinstein_moev2,2026092301,1,0.0,0.0,127347.0,-127347.0,-1.0,-147763.0,714,2,,720,DONE/DONE,94bb08d7df95ff0a621a5738900b8b98e72dae6b4199622f1ab37a4876288de0,experiments\learning_next_20260921\smoke_evaluation\replays\a_learned\qeinstein_moev2\seed_2026092301_seat_1.json.gz
smoke_evaluation,b_learned,qeinstein_moev2,2026092301,0,1.0,86082.0,65965.0,20117.0,0.0,-299.0,2,264,,720,DONE/DONE,7d785712861c7a19a3fec324a27d83b40d41d99878c3e244ef7acbb85f932a14,experiments\learning_next_20260921\smoke_evaluation\replays\b_learned\qeinstein_moev2\seed_2026092301_seat_0.json.gz
smoke_evaluation,b_learned,qeinstein_moev2,2026092301,1,1.0,86082.0,65965.0,20117.0,0.0,-299.0,1,264,,720,DONE/DONE,7d785712861c7a19a3fec324a27d83b40d41d99878c3e244ef7acbb85f932a14,experiments\learning_next_20260921\smoke_evaluation\replays\b_learned\qeinstein_moev2\seed_2026092301_seat_1.json.gz
smoke_evaluation,b_simple,qeinstein_moev2,2026092301,0,1.0,86082.0,65965.0,20117.0,0.0,-299.0,1,264,,720,DONE/DONE,7d785712861c7a19a3fec324a27d83b40d41d99878c3e244ef7acbb85f932a14,experiments\learning_next_20260921\smoke_evaluation\replays\b_simple\qeinstein_moev2\seed_2026092301_seat_0.json.gz
smoke_evaluation,b_simple,qeinstein_moev2,2026092301,1,1.0,86082.0,65965.0,20117.0,0.0,-299.0,1,264,,720,DONE/DONE,7d785712861c7a19a3fec324a27d83b40d41d99878c3e244ef7acbb85f932a14,experiments\learning_next_20260921\smoke_evaluation\replays\b_simple\qeinstein_moev2\seed_2026092301_seat_1.json.gz
smoke_evaluation,c0,qeinstein_moev2,2026092301,0,1.0,86247.0,65831.0,20416.0,0.0,0.0,0,,,720,DONE/DONE,7d785712861c7a19a3fec324a27d83b40d41d99878c3e244ef7acbb85f932a14,experiments\learning_next_20260921\smoke_evaluation\replays\c0\qeinstein_moev2\seed_2026092301_seat_0.json.gz
smoke_evaluation,c0,qeinstein_moev2,2026092301,1,1.0,86247.0,65831.0,20416.0,0.0,0.0,0,,,720,DONE/DONE,7d785712861c7a19a3fec324a27d83b40d41d99878c3e244ef7acbb85f932a14,experiments\learning_next_20260921\smoke_evaluation\replays\c0\qeinstein_moev2\seed_2026092301_seat_1.json.gz
smoke_evaluation,independent_bc,qeinstein_moev2,2026092301,0,0.0,142.0,161968.0,-161826.0,-1.0,-182242.0,719,0,,720,DONE/DONE,578e199072d9a9e2d00fb86ccabff6c013605e424c3dbcb35f06723a8d4a44b5,experiments\learning_next_20260921\smoke_evaluation\replays\independent_bc\qeinstein_moev2\seed_2026092301_seat_0.json.gz
smoke_evaluation,independent_bc,qeinstein_moev2,2026092301,1,0.0,0.0,176966.0,-176966.0,-1.0,-197382.0,719,0,,720,DONE/DONE,9fed526712c6cb0d92ca1b61f9a36699bb8a17e8a8af2e98831d8aa1b14b0fb8,experiments\learning_next_20260921\smoke_evaluation\replays\independent_bc\qeinstein_moev2\seed_2026092301_seat_1.json.gz
smoke_repair1_evaluation,a_baseline,qeinstein_moev2,2026092301,0,0.0,0.0,181160.0,-181160.0,-1.0,-201576.0,679,4,"{""by_day_band"":{""d00-05"":108,""d06-11"":140,""d12-17"":144,""d18-23"":144,""d24-29"":143},""candidate_ops_on_different_turns"":{""DROP"":59,""BUILD_PASTURE"":11,""PASS"":188,""NORTH"":177,""PLACE"":6,""WEST"":167,""PICKUP"":81,""DIG"":43,""PLANT"":91,""HARVEST"":81,""FEED"":44,""SOUTH"":92,""WATER"":123,""CARE"":51,""COLLECT_FERTILIZER"":45,""EAST"":107,""FERTILIZE"":4},""candidate_market_items_on_different_turns"":{""MELON"":6,""WHEAT"":165,""FERTILIZER"":26,""COW"":5,""STRAWBERRY"":24,""SHEEP"":6,""CARROT"":25}}",720,DONE/DONE,e6df15609e94553fdc964961ada2511cab0aeced3fc1bfda569c55cd355224a8,experiments\learning_next_20260921\smoke_repair1_evaluation\replays\a_baseline\qeinstein_moev2\seed_2026092301_seat_0.json.gz
smoke_repair1_evaluation,a_baseline,qeinstein_moev2,2026092301,1,0.0,0.0,182460.0,-182460.0,-1.0,-202876.0,679,4,"{""by_day_band"":{""d00-05"":108,""d06-11"":140,""d12-17"":144,""d18-23"":144,""d24-29"":143},""candidate_ops_on_different_turns"":{""DROP"":58,""BUILD_PASTURE"":11,""PASS"":193,""NORTH"":176,""PLACE"":5,""WEST"":165,""PICKUP"":82,""DIG"":45,""PLANT"":91,""HARVEST"":79,""FEED"":46,""SOUTH"":92,""WATER"":122,""CARE"":51,""COLLECT_FERTILIZER"":46,""EAST"":104,""FERTILIZE"":4},""candidate_market_items_on_different_turns"":{""MELON"":6,""WHEAT"":171,""FERTILIZER"":26,""COW"":5,""STRAWBERRY"":24,""SHEEP"":6,""CARROT"":25}}",720,DONE/DONE,44d3187f2d5a2c1c0e4a3c5a3766b27717aba414030ca4e87d4cd7534039c94f,experiments\learning_next_20260921\smoke_repair1_evaluation\replays\a_baseline\qeinstein_moev2\seed_2026092301_seat_1.json.gz
smoke_repair1_evaluation,a_learned,qeinstein_moev2,2026092301,0,0.0,4047.0,154302.0,-150255.0,-1.0,-170671.0,633,4,"{""by_day_band"":{""d00-05"":82,""d06-11"":129,""d12-17"":137,""d18-23"":144,""d24-29"":141},""candidate_ops_on_different_turns"":{""PLACE"":87,""BUILD_PASTURE"":13,""PASS"":384,""NORTH"":755,""WEST"":687,""PICKUP"":313,""DIG"":111,""PLANT"":403,""FEED"":165,""SOUTH"":424,""WATER"":874,""COLLECT_FERTILIZER"":192,""CARE"":195,""EAST"":493,""HARVEST"":498,""DROP"":17,""BUILD_COOP"":2,""FERTILIZE"":53},""candidate_market_items_on_different_turns"":{""MELON"":6,""WHEAT"":170,""FERTILIZER"":57,""COW"":4,""STRAWBERRY"":17,""SHEEP"":5,""WOOL"":2,""CARROT"":29}}",720,DONE/DONE,2ad7bbe8b9d3896662d35a451fa0170211eb5d1cfd18f288c86023e16a0e6f98,experiments\learning_next_20260921\smoke_repair1_evaluation\replays\a_learned\qeinstein_moev2\seed_2026092301_seat_0.json.gz
smoke_repair1_evaluation,a_learned,qeinstein_moev2,2026092301,1,0.0,2374.0,125089.0,-122715.0,-1.0,-143131.0,644,4,"{""by_day_band"":{""d00-05"":83,""d06-11"":136,""d12-17"":140,""d18-23"":144,""d24-29"":141},""candidate_ops_on_different_turns"":{""PLACE"":92,""BUILD_PASTURE"":13,""PASS"":385,""NORTH"":703,""WEST"":664,""PICKUP"":277,""DIG"":123,""PLANT"":389,""FEED"":152,""SOUTH"":407,""WATER"":813,""COLLECT_FERTILIZER"":186,""CARE"":183,""EAST"":476,""HARVEST"":464,""DROP"":21,""BUILD_COOP"":2,""FERTILIZE"":49},""candidate_market_items_on_different_turns"":{""MELON"":6,""WHEAT"":181,""FERTILIZER"":53,""COW"":2,""STRAWBERRY"":19,""SHEEP"":6,""CARROT"":29}}",720,DONE/DONE,90dd0ae782a34bef2b5cf9573fea8457781d2e90d09132e9220252bb2da3d09c,experiments\learning_next_20260921\smoke_repair1_evaluation\replays\a_learned\qeinstein_moev2\seed_2026092301_seat_1.json.gz
smoke_repair1_evaluation,b_learned,qeinstein_moev2,2026092301,0,1.0,86243.0,65831.0,20412.0,0.0,-4.0,2,409,"{""by_day_band"":{""d12-17"":1,""d24-29"":1},""candidate_ops_on_different_turns"":{""WEST"":5,""PICKUP"":6,""EAST"":2,""NORTH"":3,""PASS"":3,""SOUTH"":1},""candidate_market_items_on_different_turns"":{""FERTILIZER"":5,""EGG"":2,""WOOL"":1}}",720,DONE/DONE,7d785712861c7a19a3fec324a27d83b40d41d99878c3e244ef7acbb85f932a14,experiments\learning_next_20260921\smoke_repair1_evaluation\replays\b_learned\qeinstein_moev2\seed_2026092301_seat_0.json.gz
smoke_repair1_evaluation,b_learned,qeinstein_moev2,2026092301,1,1.0,86243.0,65831.0,20412.0,0.0,-4.0,2,409,"{""by_day_band"":{""d12-17"":1,""d24-29"":1},""candidate_ops_on_different_turns"":{""WEST"":5,""PICKUP"":6,""EAST"":2,""NORTH"":3,""PASS"":3,""SOUTH"":1},""candidate_market_items_on_different_turns"":{""FERTILIZER"":5,""EGG"":2,""WOOL"":1}}",720,DONE/DONE,7d785712861c7a19a3fec324a27d83b40d41d99878c3e244ef7acbb85f932a14,experiments\learning_next_20260921\smoke_repair1_evaluation\replays\b_learned\qeinstein_moev2\seed_2026092301_seat_1.json.gz
smoke_repair1_evaluation,b_simple,qeinstein_moev2,2026092301,0,1.0,86082.0,65965.0,20117.0,0.0,-299.0,1,264,"{""by_day_band"":{""d06-11"":1},""candidate_ops_on_different_turns"":{""SOUTH"":1},""candidate_market_items_on_different_turns"":{""FERTILIZER"":1,""MELON"":1}}",720,DONE/DONE,7d785712861c7a19a3fec324a27d83b40d41d99878c3e244ef7acbb85f932a14,experiments\learning_next_20260921\smoke_repair1_evaluation\replays\b_simple\qeinstein_moev2\seed_2026092301_seat_0.json.gz
smoke_repair1_evaluation,b_simple,qeinstein_moev2,2026092301,1,1.0,86082.0,65965.0,20117.0,0.0,-299.0,1,264,"{""by_day_band"":{""d06-11"":1},""candidate_ops_on_different_turns"":{""SOUTH"":1},""candidate_market_items_on_different_turns"":{""FERTILIZER"":1,""MELON"":1}}",720,DONE/DONE,7d785712861c7a19a3fec324a27d83b40d41d99878c3e244ef7acbb85f932a14,experiments\learning_next_20260921\smoke_repair1_evaluation\replays\b_simple\qeinstein_moev2\seed_2026092301_seat_1.json.gz
smoke_repair1_evaluation,c0,qeinstein_moev2,2026092301,0,1.0,86247.0,65831.0,20416.0,0.0,0.0,0,,{},720,DONE/DONE,7d785712861c7a19a3fec324a27d83b40d41d99878c3e244ef7acbb85f932a14,experiments\learning_next_20260921\smoke_repair1_evaluation\replays\c0\qeinstein_moev2\seed_2026092301_seat_0.json.gz
smoke_repair1_evaluation,c0,qeinstein_moev2,2026092301,1,1.0,86247.0,65831.0,20416.0,0.0,0.0,0,,{},720,DONE/DONE,7d785712861c7a19a3fec324a27d83b40d41d99878c3e244ef7acbb85f932a14,experiments\learning_next_20260921\smoke_repair1_evaluation\replays\c0\qeinstein_moev2\seed_2026092301_seat_1.json.gz
smoke_repair1_evaluation,independent_bc,qeinstein_moev2,2026092301,0,0.0,2936.0,161468.0,-158532.0,-1.0,-178948.0,718,0,"{""by_day_band"":{""d00-05"":143,""d06-11"":144,""d12-17"":144,""d18-23"":144,""d24-29"":143},""candidate_ops_on_different_turns"":{""PASS"":545,""PICKUP"":200,""BUILD_PASTURE"":8,""PLACE"":4,""NORTH"":1030,""SOUTH"":486,""WEST"":572,""PLANT"":332,""WATER"":1194,""EAST"":640,""HARVEST"":233,""DIG"":73,""DROP"":54},""candidate_market_items_on_different_turns"":{""COW"":4,""WHEAT"":271,""MELON"":1,""STRAWBERRY"":34,""TOMATO"":4}}",720,DONE/DONE,2dfbb1f455701237edd0cd2d568b871a0d1c34b30fef961970cf2ec2275310bf,experiments\learning_next_20260921\smoke_repair1_evaluation\replays\independent_bc\qeinstein_moev2\seed_2026092301_seat_0.json.gz
smoke_repair1_evaluation,independent_bc,qeinstein_moev2,2026092301,1,0.0,30.0,96549.0,-96519.0,-1.0,-116935.0,719,0,"{""by_day_band"":{""d00-05"":144,""d06-11"":144,""d12-17"":144,""d18-23"":144,""d24-29"":143},""candidate_ops_on_different_turns"":{""PASS"":730,""PICKUP"":101,""BUILD_PASTURE"":4,""PLACE"":23,""NORTH"":831,""PLANT"":151,""WATER"":448,""COLLECT_FERTILIZER"":25,""WEST"":693,""FEED"":14,""SOUTH"":1092,""CARE"":14,""EAST"":145,""HARVEST"":79,""DIG"":20,""DROP"":18},""candidate_market_items_on_different_turns"":{""COW"":5,""WHEAT"":212,""FERTILIZER"":32,""MELON"":3,""STRAWBERRY"":13,""TOMATO"":11,""CARROT"":29}}",720,DONE/DONE,dbe6d485a9227c839b337736c280e6197e8cb34fbaa7b2497db37c8fc43a4d04,experiments\learning_next_20260921\smoke_repair1_evaluation\replays\independent_bc\qeinstein_moev2\seed_2026092301_seat_1.json.gz
