arm,opponent_id,seed,seat,result,self_final_cash,margin,max_workers,max_unlocked_quadrants,max_animals,hire_order_turns,buy_land_order_turns,first_wheat_day,max_wheat_tiles,day15_wheat_tiles,day18_wheat_tiles,day24_wheat_tiles,plant_wheat_actions,first_carrot_day,max_carrot_tiles,day15_carrot_tiles,day18_carrot_tiles,day24_carrot_tiles,plant_carrot_actions,first_tomato_day,max_tomato_tiles,day15_tomato_tiles,day18_tomato_tiles,day24_tomato_tiles,plant_tomato_actions,first_strawberry_day,max_strawberry_tiles,day15_strawberry_tiles,day18_strawberry_tiles,day24_strawberry_tiles,plant_strawberry_actions,first_melon_day,max_melon_tiles,day15_melon_tiles,day18_melon_tiles,day24_melon_tiles,plant_melon_actions
B1,B1,512609241,0,T,108332.0,0.0,14,4,17,284,3,0,25,21,18,21,127,14,37,3,7,17,67,18,10,0,0,10,10,5,33,33,33,20,33,0,12,0,0,0,12
B1,B1,512609241,1,T,108332.0,0.0,14,4,17,284,3,0,25,21,18,21,127,14,37,3,7,17,67,18,10,0,0,10,10,5,33,33,33,20,33,0,12,0,0,0,12
B1,B1,512609242,0,T,115375.0,0.0,14,4,17,284,3,0,25,24,25,21,129,18,42,0,0,17,65,18,10,0,0,10,10,5,33,33,33,20,33,0,12,0,0,0,12
B1,B1,512609242,1,T,115375.0,0.0,14,4,17,284,3,0,25,24,25,21,129,18,42,0,0,17,65,18,10,0,0,10,10,5,33,33,33,20,33,0,12,0,0,0,12
B1,B1,512609243,0,T,97249.0,0.0,11,3,17,266,2,0,38,24,25,38,163,24,29,0,0,0,31,,0,0,0,0,0,5,33,33,33,20,33,0,12,0,0,0,12
B1,B1,512609243,1,T,97249.0,0.0,11,3,17,266,2,0,38,24,25,38,163,24,29,0,0,0,31,,0,0,0,0,0,5,33,33,33,20,33,0,12,0,0,0,12
B1,B1,512609244,0,T,99588.0,0.0,12,3,17,281,2,0,41,24,25,38,166,25,27,0,0,0,28,,0,0,0,0,0,5,33,33,33,20,33,0,12,0,0,0,12
B1,B1,512609244,1,T,99588.0,0.0,12,3,17,281,2,0,41,24,25,38,166,25,27,0,0,0,28,,0,0,0,0,0,5,33,33,33,20,33,0,12,0,0,0,12
B1,metav4,512609241,0,W,109439.0,1091.0,14,4,17,284,3,0,25,21,18,21,127,14,37,3,7,17,67,18,10,0,0,10,10,5,33,33,33,20,33,0,12,0,0,0,12
B1,metav4,512609241,1,W,109439.0,1091.0,14,4,17,284,3,0,25,21,18,21,127,14,37,3,7,17,67,18,10,0,0,10,10,5,33,33,33,20,33,0,12,0,0,0,12
B1,metav4,512609242,0,W,115769.0,789.0,14,4,17,284,3,0,25,24,25,21,129,18,42,0,0,17,65,18,10,0,0,10,10,5,33,33,33,20,33,0,12,0,0,0,12
B1,metav4,512609242,1,W,115769.0,789.0,14,4,17,284,3,0,25,24,25,21,129,18,42,0,0,17,65,18,10,0,0,10,10,5,33,33,33,20,33,0,12,0,0,0,12
B1,metav4,512609243,0,W,97670.0,899.0,11,3,17,266,2,0,38,24,25,38,163,24,29,0,0,0,31,,0,0,0,0,0,5,33,33,33,20,33,0,12,0,0,0,12
B1,metav4,512609243,1,W,97670.0,899.0,11,3,17,266,2,0,38,24,25,38,163,24,29,0,0,0,31,,0,0,0,0,0,5,33,33,33,20,33,0,12,0,0,0,12
B1,metav4,512609244,0,W,99766.0,331.0,12,3,17,281,2,0,41,24,25,38,166,25,27,0,0,0,28,,0,0,0,0,0,5,33,33,33,20,33,0,12,0,0,0,12
B1,metav4,512609244,1,W,99766.0,331.0,12,3,17,281,2,0,41,24,25,38,166,25,27,0,0,0,28,,0,0,0,0,0,5,33,33,33,20,33,0,12,0,0,0,12
B1,order_book,512609241,0,W,108340.0,429.0,14,4,17,284,3,0,25,21,18,21,127,14,37,3,7,17,67,18,10,0,0,10,10,5,33,33,33,20,33,0,12,0,0,0,12
B1,order_book,512609241,1,W,108340.0,429.0,14,4,17,284,3,0,25,21,18,21,127,14,37,3,7,17,67,18,10,0,0,10,10,5,33,33,33,20,33,0,12,0,0,0,12
B1,order_book,512609242,0,W,115447.0,614.0,14,4,17,284,3,0,25,24,25,21,129,18,42,0,0,17,65,18,10,0,0,10,10,5,33,33,33,20,33,0,12,0,0,0,12
B1,order_book,512609242,1,W,115447.0,614.0,14,4,17,284,3,0,25,24,25,21,129,18,42,0,0,17,65,18,10,0,0,10,10,5,33,33,33,20,33,0,12,0,0,0,12
B1,order_book,512609243,0,W,97257.0,74.0,11,3,17,266,2,0,38,24,25,38,163,24,29,0,0,0,31,,0,0,0,0,0,5,33,33,33,20,33,0,12,0,0,0,12
B1,order_book,512609243,1,W,97257.0,74.0,11,3,17,266,2,0,38,24,25,38,163,24,29,0,0,0,31,,0,0,0,0,0,5,33,33,33,20,33,0,12,0,0,0,12
B1,order_book,512609244,0,W,99592.0,10.0,12,3,17,281,2,0,41,24,25,38,166,25,27,0,0,0,28,,0,0,0,0,0,5,33,33,33,20,33,0,12,0,0,0,12
B1,order_book,512609244,1,W,99592.0,10.0,12,3,17,281,2,0,41,24,25,38,166,25,27,0,0,0,28,,0,0,0,0,0,5,33,33,33,20,33,0,12,0,0,0,12
B1,v57,512609241,0,W,109369.0,851.0,14,4,17,284,3,0,25,21,18,21,127,14,37,3,7,17,67,18,10,0,0,10,10,5,33,33,33,20,33,0,12,0,0,0,12
B1,v57,512609241,1,W,109369.0,851.0,14,4,17,284,3,0,25,21,18,21,127,14,37,3,7,17,67,18,10,0,0,10,10,5,33,33,33,20,33,0,12,0,0,0,12
B1,v57,512609242,0,L,115652.0,-72.0,14,4,17,284,3,0,25,24,25,21,129,18,42,0,0,17,65,18,10,0,0,10,10,5,33,33,33,20,33,0,12,0,0,0,12
B1,v57,512609242,1,L,115652.0,-72.0,14,4,17,284,3,0,25,24,25,21,129,18,42,0,0,17,65,18,10,0,0,10,10,5,33,33,33,20,33,0,12,0,0,0,12
B1,v57,512609243,0,W,97251.0,57.0,11,3,17,266,2,0,38,24,25,38,163,24,29,0,0,0,31,,0,0,0,0,0,5,33,33,33,20,33,0,12,0,0,0,12
B1,v57,512609243,1,W,97251.0,57.0,11,3,17,266,2,0,38,24,25,38,163,24,29,0,0,0,31,,0,0,0,0,0,5,33,33,33,20,33,0,12,0,0,0,12
B1,v57,512609244,0,W,99568.0,75.0,12,3,17,281,2,0,41,24,25,38,166,25,27,0,0,0,28,,0,0,0,0,0,5,33,33,33,20,33,0,12,0,0,0,12
B1,v57,512609244,1,W,99568.0,75.0,12,3,17,281,2,0,41,24,25,38,166,25,27,0,0,0,28,,0,0,0,0,0,5,33,33,33,20,33,0,12,0,0,0,12
master_hybrid,B1,512609241,0,W,108492.0,89.0,14,4,17,284,3,0,25,20,18,21,124,6,37,4,7,17,70,18,10,0,0,10,10,5,33,33,33,20,33,0,12,0,0,0,12
master_hybrid,B1,512609241,1,W,108492.0,89.0,14,4,17,284,3,0,25,20,18,21,124,6,37,4,7,17,70,18,10,0,0,10,10,5,33,33,33,20,33,0,12,0,0,0,12
master_hybrid,B1,512609242,0,L,115042.0,-354.0,14,4,17,284,3,0,25,24,24,19,126,17,42,0,1,19,68,18,10,0,0,10,10,5,33,33,33,20,33,0,12,0,0,0,12
master_hybrid,B1,512609242,1,L,115042.0,-354.0,14,4,17,284,3,0,25,24,24,19,126,17,42,0,1,19,68,18,10,0,0,10,10,5,33,33,33,20,33,0,12,0,0,0,12
master_hybrid,B1,512609243,0,L,97194.0,-38.0,11,3,17,266,2,0,38,24,25,38,158,24,33,0,0,0,36,,0,0,0,0,0,5,33,33,33,20,33,0,12,0,0,0,12
master_hybrid,B1,512609243,1,L,97194.0,-38.0,11,3,17,266,2,0,38,24,25,38,158,24,33,0,0,0,36,,0,0,0,0,0,5,33,33,33,20,33,0,12,0,0,0,12
master_hybrid,B1,512609244,0,W,99555.0,17.0,12,3,17,281,2,0,41,24,25,38,163,25,30,0,0,0,31,,0,0,0,0,0,5,33,33,33,20,33,0,12,0,0,0,12
master_hybrid,B1,512609244,1,W,99555.0,17.0,12,3,17,281,2,0,41,24,25,38,163,25,30,0,0,0,31,,0,0,0,0,0,5,33,33,33,20,33,0,12,0,0,0,12
master_hybrid,metav4,512609241,0,W,109379.0,1110.0,14,4,17,284,3,0,25,20,18,21,124,6,37,4,7,17,70,18,10,0,0,10,10,5,33,33,33,20,33,0,12,0,0,0,12
master_hybrid,metav4,512609241,1,W,109379.0,1110.0,14,4,17,284,3,0,25,20,18,21,124,6,37,4,7,17,70,18,10,0,0,10,10,5,33,33,33,20,33,0,12,0,0,0,12
master_hybrid,metav4,512609242,0,W,115453.0,451.0,14,4,17,284,3,0,25,24,24,19,126,17,42,0,1,19,68,18,10,0,0,10,10,5,33,33,33,20,33,0,12,0,0,0,12
master_hybrid,metav4,512609242,1,W,115453.0,451.0,14,4,17,284,3,0,25,24,24,19,126,17,42,0,1,19,68,18,10,0,0,10,10,5,33,33,33,20,33,0,12,0,0,0,12
master_hybrid,metav4,512609243,0,W,97614.0,856.0,11,3,17,266,2,0,38,24,25,38,159,24,32,0,0,0,35,,0,0,0,0,0,5,33,33,33,20,33,0,12,0,0,0,12
master_hybrid,metav4,512609243,1,W,97614.0,856.0,11,3,17,266,2,0,38,24,25,38,159,24,32,0,0,0,35,,0,0,0,0,0,5,33,33,33,20,33,0,12,0,0,0,12
master_hybrid,metav4,512609244,0,W,99696.0,230.0,12,3,17,281,2,0,41,24,25,38,165,25,28,0,0,0,29,,0,0,0,0,0,5,33,33,33,20,33,0,12,0,0,0,12
master_hybrid,metav4,512609244,1,W,99696.0,230.0,12,3,17,281,2,0,41,24,25,38,165,25,28,0,0,0,29,,0,0,0,0,0,5,33,33,33,20,33,0,12,0,0,0,12
master_hybrid,order_book,512609241,0,W,108498.0,528.0,14,4,17,284,3,0,25,20,18,21,124,6,37,4,7,17,70,18,10,0,0,10,10,5,33,33,33,20,33,0,12,0,0,0,12
master_hybrid,order_book,512609241,1,W,108498.0,528.0,14,4,17,284,3,0,25,20,18,21,124,6,37,4,7,17,70,18,10,0,0,10,10,5,33,33,33,20,33,0,12,0,0,0,12
master_hybrid,order_book,512609242,0,W,115120.0,258.0,14,4,17,284,3,0,25,24,24,19,126,17,42,0,1,19,68,18,10,0,0,10,10,5,33,33,33,20,33,0,12,0,0,0,12
master_hybrid,order_book,512609242,1,W,115120.0,258.0,14,4,17,284,3,0,25,24,24,19,126,17,42,0,1,19,68,18,10,0,0,10,10,5,33,33,33,20,33,0,12,0,0,0,12
master_hybrid,order_book,512609243,0,W,97201.0,35.0,11,3,17,266,2,0,38,24,25,38,158,24,33,0,0,0,36,,0,0,0,0,0,5,33,33,33,20,33,0,12,0,0,0,12
master_hybrid,order_book,512609243,1,W,97201.0,35.0,11,3,17,266,2,0,38,24,25,38,158,24,33,0,0,0,36,,0,0,0,0,0,5,33,33,33,20,33,0,12,0,0,0,12
master_hybrid,order_book,512609244,0,W,99559.0,27.0,12,3,17,281,2,0,41,24,25,38,163,25,30,0,0,0,31,,0,0,0,0,0,5,33,33,33,20,33,0,12,0,0,0,12
master_hybrid,order_book,512609244,1,W,99559.0,27.0,12,3,17,281,2,0,41,24,25,38,163,25,30,0,0,0,31,,0,0,0,0,0,5,33,33,33,20,33,0,12,0,0,0,12
master_hybrid,v57,512609241,0,W,109321.0,861.0,14,4,17,284,3,0,25,20,18,21,124,6,37,4,7,17,70,18,10,0,0,10,10,5,33,33,33,20,33,0,12,0,0,0,12
master_hybrid,v57,512609241,1,W,109321.0,861.0,14,4,17,284,3,0,25,20,18,21,124,6,37,4,7,17,70,18,10,0,0,10,10,5,33,33,33,20,33,0,12,0,0,0,12
master_hybrid,v57,512609242,0,L,115326.0,-424.0,14,4,17,284,3,0,25,24,24,19,126,17,42,0,1,19,68,18,10,0,0,10,10,5,33,33,33,20,33,0,12,0,0,0,12
master_hybrid,v57,512609242,1,L,115326.0,-424.0,14,4,17,284,3,0,25,24,24,19,126,17,42,0,1,19,68,18,10,0,0,10,10,5,33,33,33,20,33,0,12,0,0,0,12
master_hybrid,v57,512609243,0,W,97478.0,621.0,11,3,17,266,2,0,38,24,25,38,158,24,33,0,0,0,36,,0,0,0,0,0,5,33,33,33,20,33,0,12,0,0,0,12
master_hybrid,v57,512609243,1,W,97478.0,621.0,11,3,17,266,2,0,38,24,25,38,158,24,33,0,0,0,36,,0,0,0,0,0,5,33,33,33,20,33,0,12,0,0,0,12
master_hybrid,v57,512609244,0,W,99597.0,115.0,12,3,17,281,2,0,41,24,25,38,163,25,30,0,0,0,31,,0,0,0,0,0,5,33,33,33,20,33,0,12,0,0,0,12
master_hybrid,v57,512609244,1,W,99597.0,115.0,12,3,17,281,2,0,41,24,25,38,163,25,30,0,0,0,31,,0,0,0,0,0,5,33,33,33,20,33,0,12,0,0,0,12
moon,B1,512609241,0,L,108447.0,-125.0,14,4,17,284,3,0,25,24,24,20,133,17,37,0,1,17,61,18,10,0,0,10,10,5,33,33,33,20,33,0,12,0,0,0,12
moon,B1,512609241,1,L,108447.0,-125.0,14,4,17,284,3,0,25,24,24,20,133,17,37,0,1,17,61,18,10,0,0,10,10,5,33,33,33,20,33,0,12,0,0,0,12
moon,B1,512609242,0,W,116256.0,1450.0,14,4,17,284,3,0,25,24,25,21,131,20,41,0,0,17,63,18,10,0,0,10,10,5,33,33,33,20,33,0,12,0,0,0,12
moon,B1,512609242,1,W,116256.0,1450.0,14,4,17,284,3,0,25,24,25,21,131,20,41,0,0,17,63,18,10,0,0,10,10,5,33,33,33,20,33,0,12,0,0,0,12
moon,B1,512609243,0,L,96645.0,-818.0,11,3,17,266,2,0,38,24,25,38,163,24,29,0,0,0,31,,0,0,0,0,0,5,33,33,33,20,33,0,12,0,0,0,12
moon,B1,512609243,1,L,96645.0,-818.0,11,3,17,266,2,0,38,24,25,38,163,24,29,0,0,0,31,,0,0,0,0,0,5,33,33,33,20,33,0,12,0,0,0,12
moon,B1,512609244,0,W,99628.0,1547.0,12,3,17,281,2,0,41,24,25,38,166,25,27,0,0,0,28,,0,0,0,0,0,5,33,33,33,20,33,0,12,0,0,0,12
moon,B1,512609244,1,W,99628.0,1547.0,12,3,17,281,2,0,41,24,25,38,166,25,27,0,0,0,28,,0,0,0,0,0,5,33,33,33,20,33,0,12,0,0,0,12
moon,metav4,512609241,0,W,109029.0,965.0,14,4,17,284,3,0,25,24,24,20,133,17,37,0,1,17,61,18,10,0,0,10,10,5,33,33,33,20,33,0,12,0,0,0,12
moon,metav4,512609241,1,W,109029.0,965.0,14,4,17,284,3,0,25,24,24,20,133,17,37,0,1,17,61,18,10,0,0,10,10,5,33,33,33,20,33,0,12,0,0,0,12
moon,metav4,512609242,0,W,116338.0,2018.0,14,4,17,284,3,0,25,24,25,21,130,20,42,0,0,17,64,18,10,0,0,10,10,5,33,33,33,20,33,0,12,0,0,0,12
moon,metav4,512609242,1,W,116338.0,2018.0,14,4,17,284,3,0,25,24,25,21,130,20,42,0,0,17,64,18,10,0,0,10,10,5,33,33,33,20,33,0,12,0,0,0,12
moon,metav4,512609243,0,L,96823.0,-5.0,11,3,17,266,2,0,38,24,25,38,163,24,29,0,0,0,31,,0,0,0,0,0,5,33,33,33,20,33,0,12,0,0,0,12
moon,metav4,512609243,1,L,96823.0,-5.0,11,3,17,266,2,0,38,24,25,38,163,24,29,0,0,0,31,,0,0,0,0,0,5,33,33,33,20,33,0,12,0,0,0,12
moon,metav4,512609244,0,W,99692.0,1730.0,12,3,17,281,2,0,41,24,25,38,166,25,27,0,0,0,28,,0,0,0,0,0,5,33,33,33,20,33,0,12,0,0,0,12
moon,metav4,512609244,1,W,99692.0,1730.0,12,3,17,281,2,0,41,24,25,38,166,25,27,0,0,0,28,,0,0,0,0,0,5,33,33,33,20,33,0,12,0,0,0,12
moon,order_book,512609241,0,W,108489.0,367.0,14,4,17,284,3,0,25,24,24,20,133,17,37,0,1,17,61,18,10,0,0,10,10,5,33,33,33,20,33,0,12,0,0,0,12
moon,order_book,512609241,1,W,108489.0,367.0,14,4,17,284,3,0,25,24,24,20,133,17,37,0,1,17,61,18,10,0,0,10,10,5,33,33,33,20,33,0,12,0,0,0,12
moon,order_book,512609242,0,W,116383.0,2290.0,14,4,17,284,3,0,25,24,25,21,131,20,41,0,0,17,63,18,10,0,0,10,10,5,33,33,33,20,33,0,12,0,0,0,12
moon,order_book,512609242,1,W,116383.0,2290.0,14,4,17,284,3,0,25,24,25,21,131,20,41,0,0,17,63,18,10,0,0,10,10,5,33,33,33,20,33,0,12,0,0,0,12
moon,order_book,512609243,0,L,96662.0,-312.0,11,3,17,266,2,0,38,24,25,38,163,24,29,0,0,0,31,,0,0,0,0,0,5,33,33,33,20,33,0,12,0,0,0,12
moon,order_book,512609243,1,L,96662.0,-312.0,11,3,17,266,2,0,38,24,25,38,163,24,29,0,0,0,31,,0,0,0,0,0,5,33,33,33,20,33,0,12,0,0,0,12
moon,order_book,512609244,0,W,99632.0,1557.0,12,3,17,281,2,0,41,24,25,38,166,25,27,0,0,0,28,,0,0,0,0,0,5,33,33,33,20,33,0,12,0,0,0,12
moon,order_book,512609244,1,W,99632.0,1557.0,12,3,17,281,2,0,41,24,25,38,166,25,27,0,0,0,28,,0,0,0,0,0,5,33,33,33,20,33,0,12,0,0,0,12
moon,v57,512609241,0,W,108803.0,578.0,14,4,17,284,3,0,25,24,24,20,133,17,37,0,1,17,61,18,10,0,0,10,10,5,33,33,33,20,33,0,12,0,0,0,12
moon,v57,512609241,1,W,108803.0,578.0,14,4,17,284,3,0,25,24,24,20,133,17,37,0,1,17,61,18,10,0,0,10,10,5,33,33,33,20,33,0,12,0,0,0,12
moon,v57,512609242,0,W,116237.0,1152.0,14,4,17,284,3,0,25,24,25,21,130,20,42,0,0,17,64,18,10,0,0,10,10,5,33,33,33,20,33,0,12,0,0,0,12
moon,v57,512609242,1,W,116237.0,1152.0,14,4,17,284,3,0,25,24,25,21,130,20,42,0,0,17,64,18,10,0,0,10,10,5,33,33,33,20,33,0,12,0,0,0,12
moon,v57,512609243,0,L,96988.0,-207.0,11,3,17,266,2,0,38,24,25,38,163,24,29,0,0,0,31,,0,0,0,0,0,5,33,33,33,20,33,0,12,0,0,0,12
moon,v57,512609243,1,L,96988.0,-207.0,11,3,17,266,2,0,38,24,25,38,163,24,29,0,0,0,31,,0,0,0,0,0,5,33,33,33,20,33,0,12,0,0,0,12
moon,v57,512609244,0,W,99651.0,1592.0,12,3,17,281,2,0,41,24,25,38,166,25,27,0,0,0,28,,0,0,0,0,0,5,33,33,33,20,33,0,12,0,0,0,12
moon,v57,512609244,1,W,99651.0,1592.0,12,3,17,281,2,0,41,24,25,38,166,25,27,0,0,0,28,,0,0,0,0,0,5,33,33,33,20,33,0,12,0,0,0,12
more_wheat,B1,512609241,0,L,108328.0,-8.0,14,4,17,284,3,0,25,21,18,21,127,14,37,3,7,17,67,18,10,0,0,10,10,5,33,33,33,20,33,0,12,0,0,0,12
more_wheat,B1,512609241,1,L,108328.0,-8.0,14,4,17,284,3,0,25,21,18,21,127,14,37,3,7,17,67,18,10,0,0,10,10,5,33,33,33,20,33,0,12,0,0,0,12
more_wheat,B1,512609242,0,L,115373.0,-1.0,14,4,17,284,3,0,25,24,25,21,129,18,42,0,0,17,65,18,10,0,0,10,10,5,33,33,33,20,33,0,12,0,0,0,12
more_wheat,B1,512609242,1,L,115373.0,-1.0,14,4,17,284,3,0,25,24,25,21,129,18,42,0,0,17,65,18,10,0,0,10,10,5,33,33,33,20,33,0,12,0,0,0,12
more_wheat,B1,512609243,0,W,97340.0,32.0,11,3,17,266,2,0,38,24,25,38,163,24,29,0,0,0,31,,0,0,0,0,0,5,33,33,33,20,33,0,12,0,0,0,12
more_wheat,B1,512609243,1,W,97340.0,32.0,11,3,17,266,2,0,38,24,25,38,163,24,29,0,0,0,31,,0,0,0,0,0,5,33,33,33,20,33,0,12,0,0,0,12
more_wheat,B1,512609244,0,W,99896.0,1048.0,12,3,17,281,2,0,41,24,25,38,166,25,27,0,0,0,28,,0,0,0,0,0,5,33,33,33,20,33,0,12,0,0,0,12
more_wheat,B1,512609244,1,W,99896.0,1048.0,12,3,17,281,2,0,41,24,25,38,166,25,27,0,0,0,28,,0,0,0,0,0,5,33,33,33,20,33,0,12,0,0,0,12
more_wheat,metav4,512609241,0,W,109435.0,1082.0,14,4,17,284,3,0,25,21,18,21,127,14,37,3,7,17,67,18,10,0,0,10,10,5,33,33,33,20,33,0,12,0,0,0,12
more_wheat,metav4,512609241,1,W,109435.0,1082.0,14,4,17,284,3,0,25,21,18,21,127,14,37,3,7,17,67,18,10,0,0,10,10,5,33,33,33,20,33,0,12,0,0,0,12
more_wheat,metav4,512609242,0,W,115767.0,787.0,14,4,17,284,3,0,25,24,25,21,129,18,42,0,0,17,65,18,10,0,0,10,10,5,33,33,33,20,33,0,12,0,0,0,12
more_wheat,metav4,512609242,1,W,115767.0,787.0,14,4,17,284,3,0,25,24,25,21,129,18,42,0,0,17,65,18,10,0,0,10,10,5,33,33,33,20,33,0,12,0,0,0,12
more_wheat,metav4,512609243,0,W,97690.0,932.0,11,3,17,266,2,0,38,24,25,38,163,24,29,0,0,0,31,,0,0,0,0,0,5,33,33,33,20,33,0,12,0,0,0,12
more_wheat,metav4,512609243,1,W,97690.0,932.0,11,3,17,266,2,0,38,24,25,38,163,24,29,0,0,0,31,,0,0,0,0,0,5,33,33,33,20,33,0,12,0,0,0,12
more_wheat,metav4,512609244,0,W,100016.0,1378.0,12,3,17,281,2,0,41,24,25,38,166,25,27,0,0,0,28,,0,0,0,0,0,5,33,33,33,20,33,0,12,0,0,0,12
more_wheat,metav4,512609244,1,W,100016.0,1378.0,12,3,17,281,2,0,41,24,25,38,166,25,27,0,0,0,28,,0,0,0,0,0,5,33,33,33,20,33,0,12,0,0,0,12
more_wheat,order_book,512609241,0,W,108336.0,421.0,14,4,17,284,3,0,25,21,18,21,127,14,37,3,7,17,67,18,10,0,0,10,10,5,33,33,33,20,33,0,12,0,0,0,12
more_wheat,order_book,512609241,1,W,108336.0,421.0,14,4,17,284,3,0,25,21,18,21,127,14,37,3,7,17,67,18,10,0,0,10,10,5,33,33,33,20,33,0,12,0,0,0,12
more_wheat,order_book,512609242,0,W,115445.0,613.0,14,4,17,284,3,0,25,24,25,21,129,18,42,0,0,17,65,18,10,0,0,10,10,5,33,33,33,20,33,0,12,0,0,0,12
more_wheat,order_book,512609242,1,W,115445.0,613.0,14,4,17,284,3,0,25,24,25,21,129,18,42,0,0,17,65,18,10,0,0,10,10,5,33,33,33,20,33,0,12,0,0,0,12
more_wheat,order_book,512609243,0,W,97348.0,106.0,11,3,17,266,2,0,38,24,25,38,163,24,29,0,0,0,31,,0,0,0,0,0,5,33,33,33,20,33,0,12,0,0,0,12
more_wheat,order_book,512609243,1,W,97348.0,106.0,11,3,17,266,2,0,38,24,25,38,163,24,29,0,0,0,31,,0,0,0,0,0,5,33,33,33,20,33,0,12,0,0,0,12
more_wheat,order_book,512609244,0,W,99900.0,1058.0,12,3,17,281,2,0,41,24,25,38,166,25,27,0,0,0,28,,0,0,0,0,0,5,33,33,33,20,33,0,12,0,0,0,12
more_wheat,order_book,512609244,1,W,99900.0,1058.0,12,3,17,281,2,0,41,24,25,38,166,25,27,0,0,0,28,,0,0,0,0,0,5,33,33,33,20,33,0,12,0,0,0,12
more_wheat,v57,512609241,0,W,109365.0,843.0,14,4,17,284,3,0,25,21,18,21,127,14,37,3,7,17,67,18,10,0,0,10,10,5,33,33,33,20,33,0,12,0,0,0,12
more_wheat,v57,512609241,1,W,109365.0,843.0,14,4,17,284,3,0,25,21,18,21,127,14,37,3,7,17,67,18,10,0,0,10,10,5,33,33,33,20,33,0,12,0,0,0,12
more_wheat,v57,512609242,0,L,115650.0,-73.0,14,4,17,284,3,0,25,24,25,21,129,18,42,0,0,17,65,18,10,0,0,10,10,5,33,33,33,20,33,0,12,0,0,0,12
more_wheat,v57,512609242,1,L,115650.0,-73.0,14,4,17,284,3,0,25,24,25,21,129,18,42,0,0,17,65,18,10,0,0,10,10,5,33,33,33,20,33,0,12,0,0,0,12
more_wheat,v57,512609243,0,W,97271.0,91.0,11,3,17,266,2,0,38,24,25,38,163,24,29,0,0,0,31,,0,0,0,0,0,5,33,33,33,20,33,0,12,0,0,0,12
more_wheat,v57,512609243,1,W,97271.0,91.0,11,3,17,266,2,0,38,24,25,38,163,24,29,0,0,0,31,,0,0,0,0,0,5,33,33,33,20,33,0,12,0,0,0,12
more_wheat,v57,512609244,0,W,99830.0,1177.0,12,3,17,281,2,0,41,24,25,38,166,25,27,0,0,0,28,,0,0,0,0,0,5,33,33,33,20,33,0,12,0,0,0,12
more_wheat,v57,512609244,1,W,99830.0,1177.0,12,3,17,281,2,0,41,24,25,38,166,25,27,0,0,0,28,,0,0,0,0,0,5,33,33,33,20,33,0,12,0,0,0,12
order_book_v3,B1,512609241,0,L,108135.0,-231.0,14,4,17,284,3,0,25,21,18,21,126,14,37,3,7,17,68,18,10,0,0,10,10,5,33,33,33,20,33,0,12,0,0,0,12
order_book_v3,B1,512609241,1,L,108135.0,-231.0,14,4,17,284,3,0,25,21,18,21,126,14,37,3,7,17,68,18,10,0,0,10,10,5,33,33,33,20,33,0,12,0,0,0,12
order_book_v3,B1,512609242,0,L,114838.0,-598.0,14,4,17,284,3,0,25,24,25,21,129,18,42,0,0,17,65,18,10,0,0,10,10,5,33,33,33,20,33,0,12,0,0,0,12
order_book_v3,B1,512609242,1,L,114838.0,-598.0,14,4,17,284,3,0,25,24,25,21,129,18,42,0,0,17,65,18,10,0,0,10,10,5,33,33,33,20,33,0,12,0,0,0,12
order_book_v3,B1,512609243,0,W,97394.0,410.0,11,3,17,266,2,0,38,24,25,38,163,24,29,0,0,0,31,,0,0,0,0,0,5,33,33,33,20,33,0,12,0,0,0,12
order_book_v3,B1,512609243,1,W,97394.0,410.0,11,3,17,266,2,0,38,24,25,38,163,24,29,0,0,0,31,,0,0,0,0,0,5,33,33,33,20,33,0,12,0,0,0,12
order_book_v3,B1,512609244,0,W,99606.0,57.0,12,3,17,281,2,0,41,24,25,38,166,25,27,0,0,0,28,,0,0,0,0,0,5,33,33,33,20,33,0,12,0,0,0,12
order_book_v3,B1,512609244,1,W,99606.0,57.0,12,3,17,281,2,0,41,24,25,38,166,25,27,0,0,0,28,,0,0,0,0,0,5,33,33,33,20,33,0,12,0,0,0,12
order_book_v3,metav4,512609241,0,W,108979.0,581.0,14,4,17,284,3,0,25,21,18,21,126,14,37,3,7,17,68,18,10,0,0,10,10,5,33,33,33,20,33,0,12,0,0,0,12
order_book_v3,metav4,512609241,1,W,108979.0,581.0,14,4,17,284,3,0,25,21,18,21,126,14,37,3,7,17,68,18,10,0,0,10,10,5,33,33,33,20,33,0,12,0,0,0,12
order_book_v3,metav4,512609242,0,W,115223.0,172.0,14,4,17,284,3,0,25,24,25,21,129,18,42,0,0,17,65,18,10,0,0,10,10,5,33,33,33,20,33,0,12,0,0,0,12
order_book_v3,metav4,512609242,1,W,115223.0,172.0,14,4,17,284,3,0,25,24,25,21,129,18,42,0,0,17,65,18,10,0,0,10,10,5,33,33,33,20,33,0,12,0,0,0,12
order_book_v3,metav4,512609243,0,W,97579.0,522.0,11,3,17,266,2,0,38,24,25,38,163,24,29,0,0,0,31,,0,0,0,0,0,5,33,33,33,20,33,0,12,0,0,0,12
order_book_v3,metav4,512609243,1,W,97579.0,522.0,11,3,17,266,2,0,38,24,25,38,163,24,29,0,0,0,31,,0,0,0,0,0,5,33,33,33,20,33,0,12,0,0,0,12
order_book_v3,metav4,512609244,0,W,99684.0,168.0,12,3,17,281,2,0,41,24,25,38,166,25,27,0,0,0,28,,0,0,0,0,0,5,33,33,33,20,33,0,12,0,0,0,12
order_book_v3,metav4,512609244,1,W,99684.0,168.0,12,3,17,281,2,0,41,24,25,38,166,25,27,0,0,0,28,,0,0,0,0,0,5,33,33,33,20,33,0,12,0,0,0,12
order_book_v3,order_book,512609241,0,W,108140.0,209.0,14,4,17,284,3,0,25,21,18,21,126,14,37,3,7,17,68,18,10,0,0,10,10,5,33,33,33,20,33,0,12,0,0,0,12
order_book_v3,order_book,512609241,1,W,108140.0,209.0,14,4,17,284,3,0,25,21,18,21,126,14,37,3,7,17,68,18,10,0,0,10,10,5,33,33,33,20,33,0,12,0,0,0,12
order_book_v3,order_book,512609242,0,W,114915.0,15.0,14,4,17,284,3,0,25,24,25,21,129,18,42,0,0,17,65,18,10,0,0,10,10,5,33,33,33,20,33,0,12,0,0,0,12
order_book_v3,order_book,512609242,1,W,114915.0,15.0,14,4,17,284,3,0,25,24,25,21,129,18,42,0,0,17,65,18,10,0,0,10,10,5,33,33,33,20,33,0,12,0,0,0,12
order_book_v3,order_book,512609243,0,W,97527.0,483.0,11,3,17,266,2,0,38,24,25,38,163,24,29,0,0,0,31,,0,0,0,0,0,5,33,33,33,20,33,0,12,0,0,0,12
order_book_v3,order_book,512609243,1,W,97527.0,483.0,11,3,17,266,2,0,38,24,25,38,163,24,29,0,0,0,31,,0,0,0,0,0,5,33,33,33,20,33,0,12,0,0,0,12
order_book_v3,order_book,512609244,0,W,99610.0,67.0,12,3,17,281,2,0,41,24,25,38,166,25,27,0,0,0,28,,0,0,0,0,0,5,33,33,33,20,33,0,12,0,0,0,12
order_book_v3,order_book,512609244,1,W,99610.0,67.0,12,3,17,281,2,0,41,24,25,38,166,25,27,0,0,0,28,,0,0,0,0,0,5,33,33,33,20,33,0,12,0,0,0,12
order_book_v3,v57,512609241,0,W,108949.0,429.0,14,4,17,284,3,0,25,21,18,21,126,14,37,3,7,17,68,18,10,0,0,10,10,5,33,33,33,20,33,0,12,0,0,0,12
order_book_v3,v57,512609241,1,W,108949.0,429.0,14,4,17,284,3,0,25,21,18,21,126,14,37,3,7,17,68,18,10,0,0,10,10,5,33,33,33,20,33,0,12,0,0,0,12
order_book_v3,v57,512609242,0,L,115122.0,-668.0,14,4,17,284,3,0,25,24,25,21,129,18,42,0,0,17,65,18,10,0,0,10,10,5,33,33,33,20,33,0,12,0,0,0,12
order_book_v3,v57,512609242,1,L,115122.0,-668.0,14,4,17,284,3,0,25,24,25,21,129,18,42,0,0,17,65,18,10,0,0,10,10,5,33,33,33,20,33,0,12,0,0,0,12
order_book_v3,v57,512609243,0,W,97349.0,367.0,11,3,17,266,2,0,38,24,25,38,163,24,29,0,0,0,31,,0,0,0,0,0,5,33,33,33,20,33,0,12,0,0,0,12
order_book_v3,v57,512609243,1,W,97349.0,367.0,11,3,17,266,2,0,38,24,25,38,163,24,29,0,0,0,31,,0,0,0,0,0,5,33,33,33,20,33,0,12,0,0,0,12
order_book_v3,v57,512609244,0,W,99586.0,133.0,12,3,17,281,2,0,41,24,25,38,166,25,27,0,0,0,28,,0,0,0,0,0,5,33,33,33,20,33,0,12,0,0,0,12
order_book_v3,v57,512609244,1,W,99586.0,133.0,12,3,17,281,2,0,41,24,25,38,166,25,27,0,0,0,28,,0,0,0,0,0,5,33,33,33,20,33,0,12,0,0,0,12
v15stack,B1,512609241,0,L,108155.0,-501.0,14,4,17,284,3,0,25,24,24,20,136,17,35,0,1,17,58,18,10,0,0,10,10,5,33,33,33,20,33,0,12,0,0,0,12
v15stack,B1,512609241,1,L,108155.0,-501.0,14,4,17,284,3,0,25,24,24,20,136,17,35,0,1,17,58,18,10,0,0,10,10,5,33,33,33,20,33,0,12,0,0,0,12
v15stack,B1,512609242,0,W,115853.0,706.0,14,4,17,284,3,0,25,24,25,21,134,20,39,0,0,17,60,18,10,0,0,10,10,5,33,33,33,20,33,0,12,0,0,0,12
v15stack,B1,512609242,1,W,115853.0,706.0,14,4,17,284,3,0,25,24,25,21,134,20,39,0,0,17,60,18,10,0,0,10,10,5,33,33,33,20,33,0,12,0,0,0,12
v15stack,B1,512609243,0,W,97052.0,49.0,11,3,17,266,2,0,38,24,25,38,163,24,29,0,0,0,31,,0,0,0,0,0,5,33,33,33,20,33,0,12,0,0,0,12
v15stack,B1,512609243,1,W,97052.0,49.0,11,3,17,266,2,0,38,24,25,38,163,24,29,0,0,0,31,,0,0,0,0,0,5,33,33,33,20,33,0,12,0,0,0,12
v15stack,B1,512609244,0,W,99406.0,692.0,12,3,17,281,2,0,41,24,25,38,166,25,27,0,0,0,28,,0,0,0,0,0,5,33,33,33,20,33,0,12,0,0,0,12
v15stack,B1,512609244,1,W,99406.0,692.0,12,3,17,281,2,0,41,24,25,38,166,25,27,0,0,0,28,,0,0,0,0,0,5,33,33,33,20,33,0,12,0,0,0,12
v15stack,metav4,512609241,0,W,108629.0,469.0,14,4,17,284,3,0,25,24,24,20,136,17,35,0,1,17,58,18,10,0,0,10,10,5,33,33,33,20,33,0,12,0,0,0,12
v15stack,metav4,512609241,1,W,108629.0,469.0,14,4,17,284,3,0,25,24,24,20,136,17,35,0,1,17,58,18,10,0,0,10,10,5,33,33,33,20,33,0,12,0,0,0,12
v15stack,metav4,512609242,0,W,115995.0,1467.0,14,4,17,284,3,0,25,24,25,21,133,20,40,0,0,17,61,18,10,0,0,10,10,5,33,33,33,20,33,0,12,0,0,0,12
v15stack,metav4,512609242,1,W,115995.0,1467.0,14,4,17,284,3,0,25,24,25,21,133,20,40,0,0,17,61,18,10,0,0,10,10,5,33,33,33,20,33,0,12,0,0,0,12
v15stack,metav4,512609243,0,W,97297.0,295.0,11,3,17,266,2,0,38,24,25,38,163,24,29,0,0,0,31,,0,0,0,0,0,5,33,33,33,20,33,0,12,0,0,0,12
v15stack,metav4,512609243,1,W,97297.0,295.0,11,3,17,266,2,0,38,24,25,38,163,24,29,0,0,0,31,,0,0,0,0,0,5,33,33,33,20,33,0,12,0,0,0,12
v15stack,metav4,512609244,0,W,99472.0,901.0,12,3,17,281,2,0,41,24,25,38,166,25,27,0,0,0,28,,0,0,0,0,0,5,33,33,33,20,33,0,12,0,0,0,12
v15stack,metav4,512609244,1,W,99472.0,901.0,12,3,17,281,2,0,41,24,25,38,166,25,27,0,0,0,28,,0,0,0,0,0,5,33,33,33,20,33,0,12,0,0,0,12
v15stack,order_book,512609241,0,L,108196.0,-11.0,14,4,17,284,3,0,25,24,24,20,136,17,35,0,1,17,58,18,10,0,0,10,10,5,33,33,33,20,33,0,12,0,0,0,12
v15stack,order_book,512609241,1,L,108196.0,-11.0,14,4,17,284,3,0,25,24,24,20,136,17,35,0,1,17,58,18,10,0,0,10,10,5,33,33,33,20,33,0,12,0,0,0,12
v15stack,order_book,512609242,0,W,116042.0,1751.0,14,4,17,284,3,0,25,24,25,21,134,20,39,0,0,17,60,18,10,0,0,10,10,5,33,33,33,20,33,0,12,0,0,0,12
v15stack,order_book,512609242,1,W,116042.0,1751.0,14,4,17,284,3,0,25,24,25,21,134,20,39,0,0,17,60,18,10,0,0,10,10,5,33,33,33,20,33,0,12,0,0,0,12
v15stack,order_book,512609243,0,L,97163.0,-13.0,11,3,17,266,2,0,38,24,25,38,163,24,29,0,0,0,31,,0,0,0,0,0,5,33,33,33,20,33,0,12,0,0,0,12
v15stack,order_book,512609243,1,L,97163.0,-13.0,11,3,17,266,2,0,38,24,25,38,163,24,29,0,0,0,31,,0,0,0,0,0,5,33,33,33,20,33,0,12,0,0,0,12
v15stack,order_book,512609244,0,W,99410.0,702.0,12,3,17,281,2,0,41,24,25,38,166,25,27,0,0,0,28,,0,0,0,0,0,5,33,33,33,20,33,0,12,0,0,0,12
v15stack,order_book,512609244,1,W,99410.0,702.0,12,3,17,281,2,0,41,24,25,38,166,25,27,0,0,0,28,,0,0,0,0,0,5,33,33,33,20,33,0,12,0,0,0,12
v15stack,v57,512609241,0,L,108453.0,-47.0,14,4,17,284,3,0,25,24,24,20,136,17,35,0,1,17,58,18,10,0,0,10,10,5,33,33,33,20,33,0,12,0,0,0,12
v15stack,v57,512609241,1,L,108453.0,-47.0,14,4,17,284,3,0,25,24,24,20,136,17,35,0,1,17,58,18,10,0,0,10,10,5,33,33,33,20,33,0,12,0,0,0,12
v15stack,v57,512609242,0,W,115894.0,595.0,14,4,17,284,3,0,25,24,25,21,133,20,40,0,0,17,61,18,10,0,0,10,10,5,33,33,33,20,33,0,12,0,0,0,12
v15stack,v57,512609242,1,W,115894.0,595.0,14,4,17,284,3,0,25,24,25,21,133,20,40,0,0,17,61,18,10,0,0,10,10,5,33,33,33,20,33,0,12,0,0,0,12
v15stack,v57,512609243,0,L,97067.0,-23.0,11,3,17,266,2,0,38,24,25,38,163,24,29,0,0,0,31,,0,0,0,0,0,5,33,33,33,20,33,0,12,0,0,0,12
v15stack,v57,512609243,1,L,97067.0,-23.0,11,3,17,266,2,0,38,24,25,38,163,24,29,0,0,0,31,,0,0,0,0,0,5,33,33,33,20,33,0,12,0,0,0,12
v15stack,v57,512609244,0,W,99374.0,648.0,12,3,17,281,2,0,41,24,25,38,166,25,27,0,0,0,28,,0,0,0,0,0,5,33,33,33,20,33,0,12,0,0,0,12
v15stack,v57,512609244,1,W,99374.0,648.0,12,3,17,281,2,0,41,24,25,38,166,25,27,0,0,0,28,,0,0,0,0,0,5,33,33,33,20,33,0,12,0,0,0,12
wonderful,B1,512609241,0,L,106234.0,-2509.0,14,4,17,288,3,0,29,24,25,26,143,21,37,0,0,12,52,18,10,0,0,10,10,5,33,33,33,20,33,0,12,0,0,0,12
wonderful,B1,512609241,1,L,106234.0,-2509.0,14,4,17,288,3,0,29,24,25,26,143,21,37,0,0,12,52,18,10,0,0,10,10,5,33,33,33,20,33,0,12,0,0,0,12
wonderful,B1,512609242,0,L,114127.0,-2024.0,14,4,17,286,3,0,25,24,25,21,139,20,35,0,0,17,56,18,10,0,0,10,10,5,33,33,33,20,33,0,12,0,0,0,12
wonderful,B1,512609242,1,L,114127.0,-2024.0,14,4,17,286,3,0,25,24,25,21,139,20,35,0,0,17,56,18,10,0,0,10,10,5,33,33,33,20,33,0,12,0,0,0,12
wonderful,B1,512609243,0,L,96461.0,-743.0,11,3,17,266,2,0,38,24,25,38,164,24,29,0,0,0,31,,0,0,0,0,0,5,33,33,33,20,33,0,12,0,0,0,12
wonderful,B1,512609243,1,L,96461.0,-743.0,11,3,17,266,2,0,38,24,25,38,164,24,29,0,0,0,31,,0,0,0,0,0,5,33,33,33,20,33,0,12,0,0,0,12
wonderful,B1,512609244,0,L,98470.0,-1341.0,12,3,17,282,2,0,41,24,25,38,166,25,27,0,0,0,28,,0,0,0,0,0,5,33,33,33,20,33,0,12,0,0,0,12
wonderful,B1,512609244,1,L,98470.0,-1341.0,12,3,17,282,2,0,41,24,25,38,166,25,27,0,0,0,28,,0,0,0,0,0,5,33,33,33,20,33,0,12,0,0,0,12
wonderful,metav4,512609241,0,L,107180.0,-2149.0,14,4,17,288,3,0,29,24,25,26,143,21,37,0,0,12,52,18,10,0,0,10,10,5,33,33,33,20,33,0,12,0,0,0,12
wonderful,metav4,512609241,1,L,107180.0,-2149.0,14,4,17,288,3,0,29,24,25,26,143,21,37,0,0,12,52,18,10,0,0,10,10,5,33,33,33,20,33,0,12,0,0,0,12
wonderful,metav4,512609242,0,L,114391.0,-1262.0,14,4,17,286,3,0,25,24,25,21,139,20,35,0,0,17,56,18,10,0,0,10,10,5,33,33,33,20,33,0,12,0,0,0,12
wonderful,metav4,512609242,1,L,114391.0,-1262.0,14,4,17,286,3,0,25,24,25,21,139,20,35,0,0,17,56,18,10,0,0,10,10,5,33,33,33,20,33,0,12,0,0,0,12
wonderful,metav4,512609243,0,L,96591.0,-597.0,11,3,17,266,2,0,38,24,25,38,164,24,29,0,0,0,31,,0,0,0,0,0,5,33,33,33,20,33,0,12,0,0,0,12
wonderful,metav4,512609243,1,L,96591.0,-597.0,11,3,17,266,2,0,38,24,25,38,164,24,29,0,0,0,31,,0,0,0,0,0,5,33,33,33,20,33,0,12,0,0,0,12
wonderful,metav4,512609244,0,L,98406.0,-1849.0,12,3,17,282,2,0,41,24,25,38,166,25,27,0,0,0,28,,0,0,0,0,0,5,33,33,33,20,33,0,12,0,0,0,12
wonderful,metav4,512609244,1,L,98406.0,-1849.0,12,3,17,282,2,0,41,24,25,38,166,25,27,0,0,0,28,,0,0,0,0,0,5,33,33,33,20,33,0,12,0,0,0,12
wonderful,order_book,512609241,0,L,106261.0,-2047.0,14,4,17,288,3,0,29,24,25,26,143,21,37,0,0,12,52,18,10,0,0,10,10,5,33,33,33,20,33,0,12,0,0,0,12
wonderful,order_book,512609241,1,L,106261.0,-2047.0,14,4,17,288,3,0,29,24,25,26,143,21,37,0,0,12,52,18,10,0,0,10,10,5,33,33,33,20,33,0,12,0,0,0,12
wonderful,order_book,512609242,0,L,114202.0,-1412.0,14,4,17,286,3,0,25,24,25,21,139,20,35,0,0,17,56,18,10,0,0,10,10,5,33,33,33,20,33,0,12,0,0,0,12
wonderful,order_book,512609242,1,L,114202.0,-1412.0,14,4,17,286,3,0,25,24,25,21,139,20,35,0,0,17,56,18,10,0,0,10,10,5,33,33,33,20,33,0,12,0,0,0,12
wonderful,order_book,512609243,0,L,96505.0,-693.0,11,3,17,266,2,0,38,24,25,38,164,24,29,0,0,0,31,,0,0,0,0,0,5,33,33,33,20,33,0,12,0,0,0,12
wonderful,order_book,512609243,1,L,96505.0,-693.0,11,3,17,266,2,0,38,24,25,38,164,24,29,0,0,0,31,,0,0,0,0,0,5,33,33,33,20,33,0,12,0,0,0,12
wonderful,order_book,512609244,0,L,98470.0,-1339.0,12,3,17,282,2,0,41,24,25,38,166,25,27,0,0,0,28,,0,0,0,0,0,5,33,33,33,20,33,0,12,0,0,0,12
wonderful,order_book,512609244,1,L,98470.0,-1339.0,12,3,17,282,2,0,41,24,25,38,166,25,27,0,0,0,28,,0,0,0,0,0,5,33,33,33,20,33,0,12,0,0,0,12
wonderful,v57,512609241,0,L,107184.0,-2139.0,14,4,17,288,3,0,29,24,25,26,143,21,37,0,0,12,52,18,10,0,0,10,10,5,33,33,33,20,33,0,12,0,0,0,12
wonderful,v57,512609241,1,L,107184.0,-2139.0,14,4,17,288,3,0,29,24,25,26,143,21,37,0,0,12,52,18,10,0,0,10,10,5,33,33,33,20,33,0,12,0,0,0,12
wonderful,v57,512609242,0,L,114287.0,-2148.0,14,4,17,286,3,0,25,24,25,21,139,20,35,0,0,17,56,18,10,0,0,10,10,5,33,33,33,20,33,0,12,0,0,0,12
wonderful,v57,512609242,1,L,114287.0,-2148.0,14,4,17,286,3,0,25,24,25,21,139,20,35,0,0,17,56,18,10,0,0,10,10,5,33,33,33,20,33,0,12,0,0,0,12
wonderful,v57,512609243,0,L,96485.0,-763.0,11,3,17,266,2,0,38,24,25,38,164,24,29,0,0,0,31,,0,0,0,0,0,5,33,33,33,20,33,0,12,0,0,0,12
wonderful,v57,512609243,1,L,96485.0,-763.0,11,3,17,266,2,0,38,24,25,38,164,24,29,0,0,0,31,,0,0,0,0,0,5,33,33,33,20,33,0,12,0,0,0,12
wonderful,v57,512609244,0,L,98515.0,-1271.0,12,3,17,282,2,0,41,24,25,38,166,25,27,0,0,0,28,,0,0,0,0,0,5,33,33,33,20,33,0,12,0,0,0,12
wonderful,v57,512609244,1,L,98515.0,-1271.0,12,3,17,282,2,0,41,24,25,38,166,25,27,0,0,0,28,,0,0,0,0,0,5,33,33,33,20,33,0,12,0,0,0,12
