arm,baseline_id,opponent_id,opponent_family,seed,seat,self_final_cash,opp_final_cash,margin,result,engine,elapsed_seconds,model_loaded,model_calls,model_selected_tasks,model_changed_final_actions,rule_overrides,planned_retirements,unplanned_losses,contract_failures,shop_sequence_hash,shop_events_json,replay,replay_sha256,agent_sha256,opponent_sha256,engine_sha256,telemetry_json,diagnostics_json,error
herd_safe,B1_candidate,ahmed_v57,ahmed_route,2026092405,0,124389.0,123851.0,538.0,W,kagsim,6.685256,0,0,0,0,0,0,0,0,0729bebb66ade57fcb6dff845d6bfae4e139625a294bf1994420529d925a5402,"[{""step"":0,""shops"":[]},{""step"":72,""shops"":[""SMOOTHIE_SHOP""]},{""step"":144,""shops"":[""SMOOTHIE_SHOP"",""SMOOTHIE_SHOP""]},{""step"":216,""shops"":[""SMOOTHIE_SHOP"",""SMOOTHIE_SHOP"",""BRUNCH_SPOT""]},{""step"":288,""shops"":[""SMOOTHIE_SHOP"",""SMOOTHIE_SHOP"",""BRUNCH_SPOT"",""BRUNCH_SPOT""]},{""step"":360,""shops"":[""SMOOTHIE_SHOP"",""SMOOTHIE_SHOP"",""BRUNCH_SPOT"",""BRUNCH_SPOT"",""YARN_STORE""]},{""step"":432,""shops"":[""SMOOTHIE_SHOP"",""SMOOTHIE_SHOP"",""BRUNCH_SPOT"",""BRUNCH_SPOT"",""YARN_STORE"",""YARN_STORE""]},{""step"":504,""shops"":[""SMOOTHIE_SHOP"",""SMOOTHIE_SHOP"",""BRUNCH_SPOT"",""BRUNCH_SPOT"",""YARN_STORE"",""YARN_STORE"",""YARN_STORE""]},{""step"":576,""shops"":[""SMOOTHIE_SHOP"",""SMOOTHIE_SHOP"",""BRUNCH_SPOT"",""BRUNCH_SPOT"",""YARN_STORE"",""YARN_STORE"",""YARN_STORE"",""BRUNCH_SPOT""]}]",experiments/round10_public_learning_20260924/evaluations/herd_safe_confirmation/replays/herd_safe/ahmed_v57/seed_2026092405_seat_0.json.gz,f4c614452836e71325da7644aa223ffb37cc71eb703c4ec9bd9044cdfae85872,b6553c296c556aff5b5e2d12b75618e505fa4d852afb5338414ac6d6e039cb02,2ee689fdc58f38b7bf6b80b8d3f48129d19b47201dbee51fdcbd977498a5106f,0fe077cc65622d6f6828160d90b617595a4aa7ea188e4afc67bfee8e4d290c92,"{""players"":[{""sell_dead_units"":2232,""refused_buy_product"":1,""refused_buy_seed"":0,""refused_buy_animal"":0,""refused_hire"":0,""refused_buy_land"":0,""hire_paid"":4075,""sell_zero_fill"":44,""buy_zero_fill"":1,""sell_revenue"":148799.0,""total_spend"":27410.0,""shed_discarded_units"":2,""sold_units"":1591,""feed_no_wheat"":0,""feed_no_animal"":0,""feed_redundant"":0,""water_dead"":11,""harvest_dead"":4,""plant_dead"":0,""animals_escaped"":0,""escape_capital"":0.0,""escape_yield_units"":0,""escape_first_day"":-1,""animal_unfed_days"":58,""plants_dry"":1,""dry_seed_cost"":100.0,""dry_yield_units"":0,""dry_first_day"":21,""plant_unwatered_days"":392,""decay_units"":18,""plants_decayed"":18,""silent_loss_coins"":100.0,""silent_loss_units"":20,""dead_actions"":42,""move_dead"":0,""locked_dead"":0,""pickup_dead"":0,""drop_dead"":0,""place_dead"":2,""build_dead"":0,""dig_dead"":3,""fertilize_dead"":1,""collect_dead"":8,""care_dead"":13,""tile_cap_units"":20,""fertilizer_forgone"":19,""care_unfed"":54,""animal_shed_days"":1,""idle_tile_days"":63,""weed_tile_days"":1,""hand_pass_turns"":375,""farmer_pass_turns"":63,""phantom_hand_actions"":0,""sell_floor_units"":57,""hire_premium"":3810,""shed_units_now"":0,""shed_value_now"":0.0,""animals_in_shed_now"":0,""seeds_unplanted_now"":5,""seeds_unplanted_cost_now"":50.0},{""sell_dead_units"":2221,""refused_buy_product"":1,""refused_buy_seed"":0,""refused_buy_animal"":0,""refused_hire"":0,""refused_buy_land"":0,""hire_paid"":4075,""sell_zero_fill"":38,""buy_zero_fill"":1,""sell_revenue"":148591.0,""total_spend"":27740.0,""shed_discarded_units"":2,""sold_units"":1601,""feed_no_wheat"":0,""feed_no_animal"":0,""feed_redundant"":0,""water_dead"":11,""harvest_dead"":4,""plant_dead"":0,""animals_escaped"":0,""escape_capital"":0.0,""escape_yield_units"":0,""escape_first_day"":-1,""animal_unfed_days"":58,""plants_dry"":1,""dry_seed_cost"":100.0,""dry_yield_units"":0,""dry_first_day"":21,""plant_unwatered_days"":392,""decay_units"":18,""plants_decayed"":18,""silent_loss_coins"":100.0,""silent_loss_units"":20,""dead_actions"":41,""move_dead"":0,""locked_dead"":0,""pickup_dead"":0,""drop_dead"":0,""place_dead"":1,""build_dead"":0,""dig_dead"":3,""fertilize_dead"":1,""collect_dead"":8,""care_dead"":13,""tile_cap_units"":20,""fertilizer_forgone"":19,""care_unfed"":54,""animal_shed_days"":1,""idle_tile_days"":63,""weed_tile_days"":1,""hand_pass_turns"":375,""farmer_pass_turns"":63,""phantom_hand_actions"":0,""sell_floor_units"":44,""hire_premium"":3810,""shed_units_now"":0,""shed_value_now"":0.0,""animals_in_shed_now"":0,""seeds_unplanted_now"":4,""seeds_unplanted_cost_now"":40.0}]}",{},
herd_safe,B1_candidate,ahmed_v57,ahmed_route,2026092405,1,124389.0,123851.0,538.0,W,kagsim,6.952147,0,0,0,0,0,0,0,0,0729bebb66ade57fcb6dff845d6bfae4e139625a294bf1994420529d925a5402,"[{""step"":0,""shops"":[]},{""step"":72,""shops"":[""SMOOTHIE_SHOP""]},{""step"":144,""shops"":[""SMOOTHIE_SHOP"",""SMOOTHIE_SHOP""]},{""step"":216,""shops"":[""SMOOTHIE_SHOP"",""SMOOTHIE_SHOP"",""BRUNCH_SPOT""]},{""step"":288,""shops"":[""SMOOTHIE_SHOP"",""SMOOTHIE_SHOP"",""BRUNCH_SPOT"",""BRUNCH_SPOT""]},{""step"":360,""shops"":[""SMOOTHIE_SHOP"",""SMOOTHIE_SHOP"",""BRUNCH_SPOT"",""BRUNCH_SPOT"",""YARN_STORE""]},{""step"":432,""shops"":[""SMOOTHIE_SHOP"",""SMOOTHIE_SHOP"",""BRUNCH_SPOT"",""BRUNCH_SPOT"",""YARN_STORE"",""YARN_STORE""]},{""step"":504,""shops"":[""SMOOTHIE_SHOP"",""SMOOTHIE_SHOP"",""BRUNCH_SPOT"",""BRUNCH_SPOT"",""YARN_STORE"",""YARN_STORE"",""YARN_STORE""]},{""step"":576,""shops"":[""SMOOTHIE_SHOP"",""SMOOTHIE_SHOP"",""BRUNCH_SPOT"",""BRUNCH_SPOT"",""YARN_STORE"",""YARN_STORE"",""YARN_STORE"",""BRUNCH_SPOT""]}]",experiments/round10_public_learning_20260924/evaluations/herd_safe_confirmation/replays/herd_safe/ahmed_v57/seed_2026092405_seat_1.json.gz,b621b2436495e092a4cbe3483372785f66b9c105803380318dd6fe6b31b23f07,b6553c296c556aff5b5e2d12b75618e505fa4d852afb5338414ac6d6e039cb02,2ee689fdc58f38b7bf6b80b8d3f48129d19b47201dbee51fdcbd977498a5106f,0fe077cc65622d6f6828160d90b617595a4aa7ea188e4afc67bfee8e4d290c92,"{""players"":[{""sell_dead_units"":2221,""refused_buy_product"":1,""refused_buy_seed"":0,""refused_buy_animal"":0,""refused_hire"":0,""refused_buy_land"":0,""hire_paid"":4075,""sell_zero_fill"":38,""buy_zero_fill"":1,""sell_revenue"":148591.0,""total_spend"":27740.0,""shed_discarded_units"":2,""sold_units"":1601,""feed_no_wheat"":0,""feed_no_animal"":0,""feed_redundant"":0,""water_dead"":11,""harvest_dead"":4,""plant_dead"":0,""animals_escaped"":0,""escape_capital"":0.0,""escape_yield_units"":0,""escape_first_day"":-1,""animal_unfed_days"":58,""plants_dry"":1,""dry_seed_cost"":100.0,""dry_yield_units"":0,""dry_first_day"":21,""plant_unwatered_days"":392,""decay_units"":18,""plants_decayed"":18,""silent_loss_coins"":100.0,""silent_loss_units"":20,""dead_actions"":41,""move_dead"":0,""locked_dead"":0,""pickup_dead"":0,""drop_dead"":0,""place_dead"":1,""build_dead"":0,""dig_dead"":3,""fertilize_dead"":1,""collect_dead"":8,""care_dead"":13,""tile_cap_units"":20,""fertilizer_forgone"":19,""care_unfed"":54,""animal_shed_days"":1,""idle_tile_days"":63,""weed_tile_days"":1,""hand_pass_turns"":375,""farmer_pass_turns"":63,""phantom_hand_actions"":0,""sell_floor_units"":44,""hire_premium"":3810,""shed_units_now"":0,""shed_value_now"":0.0,""animals_in_shed_now"":0,""seeds_unplanted_now"":4,""seeds_unplanted_cost_now"":40.0},{""sell_dead_units"":2232,""refused_buy_product"":1,""refused_buy_seed"":0,""refused_buy_animal"":0,""refused_hire"":0,""refused_buy_land"":0,""hire_paid"":4075,""sell_zero_fill"":44,""buy_zero_fill"":1,""sell_revenue"":148799.0,""total_spend"":27410.0,""shed_discarded_units"":2,""sold_units"":1591,""feed_no_wheat"":0,""feed_no_animal"":0,""feed_redundant"":0,""water_dead"":11,""harvest_dead"":4,""plant_dead"":0,""animals_escaped"":0,""escape_capital"":0.0,""escape_yield_units"":0,""escape_first_day"":-1,""animal_unfed_days"":58,""plants_dry"":1,""dry_seed_cost"":100.0,""dry_yield_units"":0,""dry_first_day"":21,""plant_unwatered_days"":392,""decay_units"":18,""plants_decayed"":18,""silent_loss_coins"":100.0,""silent_loss_units"":20,""dead_actions"":42,""move_dead"":0,""locked_dead"":0,""pickup_dead"":0,""drop_dead"":0,""place_dead"":2,""build_dead"":0,""dig_dead"":3,""fertilize_dead"":1,""collect_dead"":8,""care_dead"":13,""tile_cap_units"":20,""fertilizer_forgone"":19,""care_unfed"":54,""animal_shed_days"":1,""idle_tile_days"":63,""weed_tile_days"":1,""hand_pass_turns"":375,""farmer_pass_turns"":63,""phantom_hand_actions"":0,""sell_floor_units"":57,""hire_premium"":3810,""shed_units_now"":0,""shed_value_now"":0.0,""animals_in_shed_now"":0,""seeds_unplanted_now"":5,""seeds_unplanted_cost_now"":50.0}]}",{},
herd_safe,B1_candidate,ahmed_v57,ahmed_route,2026092406,0,77238.0,76046.0,1192.0,W,kagsim,6.543317,0,0,0,0,0,0,0,0,123c15caaac8b39a3589302bb7e21c0d3bad74fd0808c6fc78b42c810fe61e15,"[{""step"":0,""shops"":[]},{""step"":72,""shops"":[""YARN_STORE""]},{""step"":144,""shops"":[""YARN_STORE"",""BAKERY""]},{""step"":216,""shops"":[""YARN_STORE"",""BAKERY"",""ICE_CREAM_SHOP""]},{""step"":288,""shops"":[""YARN_STORE"",""BAKERY"",""ICE_CREAM_SHOP"",""BRUNCH_SPOT""]},{""step"":360,""shops"":[""YARN_STORE"",""BAKERY"",""ICE_CREAM_SHOP"",""BRUNCH_SPOT"",""PET_CAFE""]},{""step"":432,""shops"":[""YARN_STORE"",""BAKERY"",""ICE_CREAM_SHOP"",""BRUNCH_SPOT"",""PET_CAFE"",""BAKERY""]},{""step"":504,""shops"":[""YARN_STORE"",""BAKERY"",""ICE_CREAM_SHOP"",""BRUNCH_SPOT"",""PET_CAFE"",""BAKERY"",""BRUNCH_SPOT""]},{""step"":576,""shops"":[""YARN_STORE"",""BAKERY"",""ICE_CREAM_SHOP"",""BRUNCH_SPOT"",""PET_CAFE"",""BAKERY"",""BRUNCH_SPOT"",""FARMERS_MARKET""]}]",experiments/round10_public_learning_20260924/evaluations/herd_safe_confirmation/replays/herd_safe/ahmed_v57/seed_2026092406_seat_0.json.gz,66313f681c4ef47e88c48134b3950e4b28ffef02cff6ac31320f0439725fa84a,b6553c296c556aff5b5e2d12b75618e505fa4d852afb5338414ac6d6e039cb02,2ee689fdc58f38b7bf6b80b8d3f48129d19b47201dbee51fdcbd977498a5106f,0fe077cc65622d6f6828160d90b617595a4aa7ea188e4afc67bfee8e4d290c92,"{""players"":[{""sell_dead_units"":2221,""refused_buy_product"":1,""refused_buy_seed"":0,""refused_buy_animal"":0,""refused_hire"":0,""refused_buy_land"":0,""hire_paid"":5659,""sell_zero_fill"":24,""buy_zero_fill"":1,""sell_revenue"":103849.0,""total_spend"":29611.0,""shed_discarded_units"":18,""sold_units"":1565,""feed_no_wheat"":0,""feed_no_animal"":0,""feed_redundant"":0,""water_dead"":1,""harvest_dead"":4,""plant_dead"":0,""animals_escaped"":0,""escape_capital"":0.0,""escape_yield_units"":0,""escape_first_day"":-1,""animal_unfed_days"":78,""plants_dry"":1,""dry_seed_cost"":100.0,""dry_yield_units"":0,""dry_first_day"":21,""plant_unwatered_days"":385,""decay_units"":18,""plants_decayed"":18,""silent_loss_coins"":100.0,""silent_loss_units"":36,""dead_actions"":17,""move_dead"":0,""locked_dead"":0,""pickup_dead"":0,""drop_dead"":0,""place_dead"":1,""build_dead"":0,""dig_dead"":2,""fertilize_dead"":0,""collect_dead"":4,""care_dead"":5,""tile_cap_units"":12,""fertilizer_forgone"":14,""care_unfed"":74,""animal_shed_days"":0,""idle_tile_days"":62,""weed_tile_days"":3,""hand_pass_turns"":634,""farmer_pass_turns"":84,""phantom_hand_actions"":0,""sell_floor_units"":153,""hire_premium"":5377,""shed_units_now"":0,""shed_value_now"":0.0,""animals_in_shed_now"":0,""seeds_unplanted_now"":2,""seeds_unplanted_cost_now"":20.0},{""sell_dead_units"":237,""refused_buy_product"":1,""refused_buy_seed"":0,""refused_buy_animal"":0,""refused_hire"":0,""refused_buy_land"":0,""hire_paid"":5659,""sell_zero_fill"":23,""buy_zero_fill"":1,""sell_revenue"":102960.0,""total_spend"":29914.0,""shed_discarded_units"":18,""sold_units"":1573,""feed_no_wheat"":0,""feed_no_animal"":0,""feed_redundant"":0,""water_dead"":1,""harvest_dead"":6,""plant_dead"":0,""animals_escaped"":0,""escape_capital"":0.0,""escape_yield_units"":0,""escape_first_day"":-1,""animal_unfed_days"":78,""plants_dry"":1,""dry_seed_cost"":100.0,""dry_yield_units"":0,""dry_first_day"":21,""plant_unwatered_days"":385,""decay_units"":18,""plants_decayed"":18,""silent_loss_coins"":100.0,""silent_loss_units"":36,""dead_actions"":20,""move_dead"":0,""locked_dead"":0,""pickup_dead"":0,""drop_dead"":0,""place_dead"":2,""build_dead"":0,""dig_dead"":2,""fertilize_dead"":0,""collect_dead"":4,""care_dead"":5,""tile_cap_units"":12,""fertilizer_forgone"":14,""care_unfed"":74,""animal_shed_days"":0,""idle_tile_days"":62,""weed_tile_days"":3,""hand_pass_turns"":633,""farmer_pass_turns"":84,""phantom_hand_actions"":0,""sell_floor_units"":163,""hire_premium"":5377,""shed_units_now"":0,""shed_value_now"":0.0,""animals_in_shed_now"":0,""seeds_unplanted_now"":0,""seeds_unplanted_cost_now"":0.0}]}",{},
herd_safe,B1_candidate,ahmed_v57,ahmed_route,2026092406,1,77238.0,76046.0,1192.0,W,kagsim,6.595075,0,0,0,0,0,0,0,0,123c15caaac8b39a3589302bb7e21c0d3bad74fd0808c6fc78b42c810fe61e15,"[{""step"":0,""shops"":[]},{""step"":72,""shops"":[""YARN_STORE""]},{""step"":144,""shops"":[""YARN_STORE"",""BAKERY""]},{""step"":216,""shops"":[""YARN_STORE"",""BAKERY"",""ICE_CREAM_SHOP""]},{""step"":288,""shops"":[""YARN_STORE"",""BAKERY"",""ICE_CREAM_SHOP"",""BRUNCH_SPOT""]},{""step"":360,""shops"":[""YARN_STORE"",""BAKERY"",""ICE_CREAM_SHOP"",""BRUNCH_SPOT"",""PET_CAFE""]},{""step"":432,""shops"":[""YARN_STORE"",""BAKERY"",""ICE_CREAM_SHOP"",""BRUNCH_SPOT"",""PET_CAFE"",""BAKERY""]},{""step"":504,""shops"":[""YARN_STORE"",""BAKERY"",""ICE_CREAM_SHOP"",""BRUNCH_SPOT"",""PET_CAFE"",""BAKERY"",""BRUNCH_SPOT""]},{""step"":576,""shops"":[""YARN_STORE"",""BAKERY"",""ICE_CREAM_SHOP"",""BRUNCH_SPOT"",""PET_CAFE"",""BAKERY"",""BRUNCH_SPOT"",""FARMERS_MARKET""]}]",experiments/round10_public_learning_20260924/evaluations/herd_safe_confirmation/replays/herd_safe/ahmed_v57/seed_2026092406_seat_1.json.gz,edda06bb0e4146fa51195f76b350f2f555c0947b1d402972d27369811ac2aa5f,b6553c296c556aff5b5e2d12b75618e505fa4d852afb5338414ac6d6e039cb02,2ee689fdc58f38b7bf6b80b8d3f48129d19b47201dbee51fdcbd977498a5106f,0fe077cc65622d6f6828160d90b617595a4aa7ea188e4afc67bfee8e4d290c92,"{""players"":[{""sell_dead_units"":237,""refused_buy_product"":1,""refused_buy_seed"":0,""refused_buy_animal"":0,""refused_hire"":0,""refused_buy_land"":0,""hire_paid"":5659,""sell_zero_fill"":23,""buy_zero_fill"":1,""sell_revenue"":102960.0,""total_spend"":29914.0,""shed_discarded_units"":18,""sold_units"":1573,""feed_no_wheat"":0,""feed_no_animal"":0,""feed_redundant"":0,""water_dead"":1,""harvest_dead"":6,""plant_dead"":0,""animals_escaped"":0,""escape_capital"":0.0,""escape_yield_units"":0,""escape_first_day"":-1,""animal_unfed_days"":78,""plants_dry"":1,""dry_seed_cost"":100.0,""dry_yield_units"":0,""dry_first_day"":21,""plant_unwatered_days"":385,""decay_units"":18,""plants_decayed"":18,""silent_loss_coins"":100.0,""silent_loss_units"":36,""dead_actions"":20,""move_dead"":0,""locked_dead"":0,""pickup_dead"":0,""drop_dead"":0,""place_dead"":2,""build_dead"":0,""dig_dead"":2,""fertilize_dead"":0,""collect_dead"":4,""care_dead"":5,""tile_cap_units"":12,""fertilizer_forgone"":14,""care_unfed"":74,""animal_shed_days"":0,""idle_tile_days"":62,""weed_tile_days"":3,""hand_pass_turns"":633,""farmer_pass_turns"":84,""phantom_hand_actions"":0,""sell_floor_units"":163,""hire_premium"":5377,""shed_units_now"":0,""shed_value_now"":0.0,""animals_in_shed_now"":0,""seeds_unplanted_now"":0,""seeds_unplanted_cost_now"":0.0},{""sell_dead_units"":2221,""refused_buy_product"":1,""refused_buy_seed"":0,""refused_buy_animal"":0,""refused_hire"":0,""refused_buy_land"":0,""hire_paid"":5659,""sell_zero_fill"":24,""buy_zero_fill"":1,""sell_revenue"":103849.0,""total_spend"":29611.0,""shed_discarded_units"":18,""sold_units"":1565,""feed_no_wheat"":0,""feed_no_animal"":0,""feed_redundant"":0,""water_dead"":1,""harvest_dead"":4,""plant_dead"":0,""animals_escaped"":0,""escape_capital"":0.0,""escape_yield_units"":0,""escape_first_day"":-1,""animal_unfed_days"":78,""plants_dry"":1,""dry_seed_cost"":100.0,""dry_yield_units"":0,""dry_first_day"":21,""plant_unwatered_days"":385,""decay_units"":18,""plants_decayed"":18,""silent_loss_coins"":100.0,""silent_loss_units"":36,""dead_actions"":17,""move_dead"":0,""locked_dead"":0,""pickup_dead"":0,""drop_dead"":0,""place_dead"":1,""build_dead"":0,""dig_dead"":2,""fertilize_dead"":0,""collect_dead"":4,""care_dead"":5,""tile_cap_units"":12,""fertilizer_forgone"":14,""care_unfed"":74,""animal_shed_days"":0,""idle_tile_days"":62,""weed_tile_days"":3,""hand_pass_turns"":634,""farmer_pass_turns"":84,""phantom_hand_actions"":0,""sell_floor_units"":153,""hire_premium"":5377,""shed_units_now"":0,""shed_value_now"":0.0,""animals_in_shed_now"":0,""seeds_unplanted_now"":2,""seeds_unplanted_cost_now"":20.0}]}",{},
herd_safe,B1_candidate,melon_threshold,melon_threshold,2026092405,0,124414.0,123294.0,1120.0,W,kagsim,5.17827,0,0,0,0,0,0,0,0,0729bebb66ade57fcb6dff845d6bfae4e139625a294bf1994420529d925a5402,"[{""step"":0,""shops"":[]},{""step"":72,""shops"":[""SMOOTHIE_SHOP""]},{""step"":144,""shops"":[""SMOOTHIE_SHOP"",""SMOOTHIE_SHOP""]},{""step"":216,""shops"":[""SMOOTHIE_SHOP"",""SMOOTHIE_SHOP"",""BRUNCH_SPOT""]},{""step"":288,""shops"":[""SMOOTHIE_SHOP"",""SMOOTHIE_SHOP"",""BRUNCH_SPOT"",""BRUNCH_SPOT""]},{""step"":360,""shops"":[""SMOOTHIE_SHOP"",""SMOOTHIE_SHOP"",""BRUNCH_SPOT"",""BRUNCH_SPOT"",""YARN_STORE""]},{""step"":432,""shops"":[""SMOOTHIE_SHOP"",""SMOOTHIE_SHOP"",""BRUNCH_SPOT"",""BRUNCH_SPOT"",""YARN_STORE"",""YARN_STORE""]},{""step"":504,""shops"":[""SMOOTHIE_SHOP"",""SMOOTHIE_SHOP"",""BRUNCH_SPOT"",""BRUNCH_SPOT"",""YARN_STORE"",""YARN_STORE"",""YARN_STORE""]},{""step"":576,""shops"":[""SMOOTHIE_SHOP"",""SMOOTHIE_SHOP"",""BRUNCH_SPOT"",""BRUNCH_SPOT"",""YARN_STORE"",""YARN_STORE"",""YARN_STORE"",""BRUNCH_SPOT""]}]",experiments/round10_public_learning_20260924/evaluations/herd_safe_confirmation/replays/herd_safe/melon_threshold/seed_2026092405_seat_0.json.gz,5b55e7e0adb3c60e9a8b148f472cad1f287226b2ffa11a6fd01eca355ad1d64e,b6553c296c556aff5b5e2d12b75618e505fa4d852afb5338414ac6d6e039cb02,26e21e006e1d87042709a658c44fd44878f7a6415add558cbd2c71f4f8772b12,0fe077cc65622d6f6828160d90b617595a4aa7ea188e4afc67bfee8e4d290c92,"{""players"":[{""sell_dead_units"":2208,""refused_buy_product"":1,""refused_buy_seed"":0,""refused_buy_animal"":0,""refused_hire"":0,""refused_buy_land"":0,""hire_paid"":4075,""sell_zero_fill"":36,""buy_zero_fill"":1,""sell_revenue"":148828.0,""total_spend"":27414.0,""shed_discarded_units"":2,""sold_units"":1591,""feed_no_wheat"":0,""feed_no_animal"":0,""feed_redundant"":0,""water_dead"":11,""harvest_dead"":4,""plant_dead"":0,""animals_escaped"":0,""escape_capital"":0.0,""escape_yield_units"":0,""escape_first_day"":-1,""animal_unfed_days"":61,""plants_dry"":1,""dry_seed_cost"":100.0,""dry_yield_units"":0,""dry_first_day"":21,""plant_unwatered_days"":392,""decay_units"":18,""plants_decayed"":18,""silent_loss_coins"":100.0,""silent_loss_units"":20,""dead_actions"":41,""move_dead"":0,""locked_dead"":0,""pickup_dead"":0,""drop_dead"":0,""place_dead"":1,""build_dead"":0,""dig_dead"":3,""fertilize_dead"":1,""collect_dead"":8,""care_dead"":13,""tile_cap_units"":20,""fertilizer_forgone"":19,""care_unfed"":57,""animal_shed_days"":1,""idle_tile_days"":63,""weed_tile_days"":1,""hand_pass_turns"":378,""farmer_pass_turns"":63,""phantom_hand_actions"":0,""sell_floor_units"":52,""hire_premium"":3810,""shed_units_now"":0,""shed_value_now"":0.0,""animals_in_shed_now"":0,""seeds_unplanted_now"":5,""seeds_unplanted_cost_now"":50.0},{""sell_dead_units"":84168,""refused_buy_product"":0,""refused_buy_seed"":0,""refused_buy_animal"":0,""refused_hire"":0,""refused_buy_land"":0,""hire_paid"":4075,""sell_zero_fill"":131,""buy_zero_fill"":0,""sell_revenue"":150540.0,""total_spend"":30246.0,""shed_discarded_units"":3,""sold_units"":1676,""feed_no_wheat"":0,""feed_no_animal"":0,""feed_redundant"":0,""water_dead"":12,""harvest_dead"":4,""plant_dead"":0,""animals_escaped"":0,""escape_capital"":0.0,""escape_yield_units"":0,""escape_first_day"":-1,""animal_unfed_days"":61,""plants_dry"":1,""dry_seed_cost"":100.0,""dry_yield_units"":0,""dry_first_day"":21,""plant_unwatered_days"":387,""decay_units"":18,""plants_decayed"":18,""silent_loss_coins"":100.0,""silent_loss_units"":21,""dead_actions"":41,""move_dead"":0,""locked_dead"":0,""pickup_dead"":0,""drop_dead"":0,""place_dead"":1,""build_dead"":0,""dig_dead"":3,""fertilize_dead"":0,""collect_dead"":8,""care_dead"":13,""tile_cap_units"":24,""fertilizer_forgone"":15,""care_unfed"":57,""animal_shed_days"":1,""idle_tile_days"":64,""weed_tile_days"":1,""hand_pass_turns"":393,""farmer_pass_turns"":62,""phantom_hand_actions"":0,""sell_floor_units"":52,""hire_premium"":3810,""shed_units_now"":0,""shed_value_now"":0.0,""animals_in_shed_now"":0,""seeds_unplanted_now"":1,""seeds_unplanted_cost_now"":10.0}]}",{},
herd_safe,B1_candidate,melon_threshold,melon_threshold,2026092405,1,124414.0,123294.0,1120.0,W,kagsim,5.037272,0,0,0,0,0,0,0,0,0729bebb66ade57fcb6dff845d6bfae4e139625a294bf1994420529d925a5402,"[{""step"":0,""shops"":[]},{""step"":72,""shops"":[""SMOOTHIE_SHOP""]},{""step"":144,""shops"":[""SMOOTHIE_SHOP"",""SMOOTHIE_SHOP""]},{""step"":216,""shops"":[""SMOOTHIE_SHOP"",""SMOOTHIE_SHOP"",""BRUNCH_SPOT""]},{""step"":288,""shops"":[""SMOOTHIE_SHOP"",""SMOOTHIE_SHOP"",""BRUNCH_SPOT"",""BRUNCH_SPOT""]},{""step"":360,""shops"":[""SMOOTHIE_SHOP"",""SMOOTHIE_SHOP"",""BRUNCH_SPOT"",""BRUNCH_SPOT"",""YARN_STORE""]},{""step"":432,""shops"":[""SMOOTHIE_SHOP"",""SMOOTHIE_SHOP"",""BRUNCH_SPOT"",""BRUNCH_SPOT"",""YARN_STORE"",""YARN_STORE""]},{""step"":504,""shops"":[""SMOOTHIE_SHOP"",""SMOOTHIE_SHOP"",""BRUNCH_SPOT"",""BRUNCH_SPOT"",""YARN_STORE"",""YARN_STORE"",""YARN_STORE""]},{""step"":576,""shops"":[""SMOOTHIE_SHOP"",""SMOOTHIE_SHOP"",""BRUNCH_SPOT"",""BRUNCH_SPOT"",""YARN_STORE"",""YARN_STORE"",""YARN_STORE"",""BRUNCH_SPOT""]}]",experiments/round10_public_learning_20260924/evaluations/herd_safe_confirmation/replays/herd_safe/melon_threshold/seed_2026092405_seat_1.json.gz,f57476600a62d527d5928dfd46c75123cfb16a09038a8ec37ba53a41ebd7088c,b6553c296c556aff5b5e2d12b75618e505fa4d852afb5338414ac6d6e039cb02,26e21e006e1d87042709a658c44fd44878f7a6415add558cbd2c71f4f8772b12,0fe077cc65622d6f6828160d90b617595a4aa7ea188e4afc67bfee8e4d290c92,"{""players"":[{""sell_dead_units"":84168,""refused_buy_product"":0,""refused_buy_seed"":0,""refused_buy_animal"":0,""refused_hire"":0,""refused_buy_land"":0,""hire_paid"":4075,""sell_zero_fill"":131,""buy_zero_fill"":0,""sell_revenue"":150540.0,""total_spend"":30246.0,""shed_discarded_units"":3,""sold_units"":1676,""feed_no_wheat"":0,""feed_no_animal"":0,""feed_redundant"":0,""water_dead"":12,""harvest_dead"":4,""plant_dead"":0,""animals_escaped"":0,""escape_capital"":0.0,""escape_yield_units"":0,""escape_first_day"":-1,""animal_unfed_days"":61,""plants_dry"":1,""dry_seed_cost"":100.0,""dry_yield_units"":0,""dry_first_day"":21,""plant_unwatered_days"":387,""decay_units"":18,""plants_decayed"":18,""silent_loss_coins"":100.0,""silent_loss_units"":21,""dead_actions"":41,""move_dead"":0,""locked_dead"":0,""pickup_dead"":0,""drop_dead"":0,""place_dead"":1,""build_dead"":0,""dig_dead"":3,""fertilize_dead"":0,""collect_dead"":8,""care_dead"":13,""tile_cap_units"":24,""fertilizer_forgone"":15,""care_unfed"":57,""animal_shed_days"":1,""idle_tile_days"":64,""weed_tile_days"":1,""hand_pass_turns"":393,""farmer_pass_turns"":62,""phantom_hand_actions"":0,""sell_floor_units"":52,""hire_premium"":3810,""shed_units_now"":0,""shed_value_now"":0.0,""animals_in_shed_now"":0,""seeds_unplanted_now"":1,""seeds_unplanted_cost_now"":10.0},{""sell_dead_units"":2208,""refused_buy_product"":1,""refused_buy_seed"":0,""refused_buy_animal"":0,""refused_hire"":0,""refused_buy_land"":0,""hire_paid"":4075,""sell_zero_fill"":36,""buy_zero_fill"":1,""sell_revenue"":148828.0,""total_spend"":27414.0,""shed_discarded_units"":2,""sold_units"":1591,""feed_no_wheat"":0,""feed_no_animal"":0,""feed_redundant"":0,""water_dead"":11,""harvest_dead"":4,""plant_dead"":0,""animals_escaped"":0,""escape_capital"":0.0,""escape_yield_units"":0,""escape_first_day"":-1,""animal_unfed_days"":61,""plants_dry"":1,""dry_seed_cost"":100.0,""dry_yield_units"":0,""dry_first_day"":21,""plant_unwatered_days"":392,""decay_units"":18,""plants_decayed"":18,""silent_loss_coins"":100.0,""silent_loss_units"":20,""dead_actions"":41,""move_dead"":0,""locked_dead"":0,""pickup_dead"":0,""drop_dead"":0,""place_dead"":1,""build_dead"":0,""dig_dead"":3,""fertilize_dead"":1,""collect_dead"":8,""care_dead"":13,""tile_cap_units"":20,""fertilizer_forgone"":19,""care_unfed"":57,""animal_shed_days"":1,""idle_tile_days"":63,""weed_tile_days"":1,""hand_pass_turns"":378,""farmer_pass_turns"":63,""phantom_hand_actions"":0,""sell_floor_units"":52,""hire_premium"":3810,""shed_units_now"":0,""shed_value_now"":0.0,""animals_in_shed_now"":0,""seeds_unplanted_now"":5,""seeds_unplanted_cost_now"":50.0}]}",{},
herd_safe,B1_candidate,melon_threshold,melon_threshold,2026092406,0,77480.0,74197.0,3283.0,W,kagsim,5.16975,0,0,0,0,0,0,0,0,123c15caaac8b39a3589302bb7e21c0d3bad74fd0808c6fc78b42c810fe61e15,"[{""step"":0,""shops"":[]},{""step"":72,""shops"":[""YARN_STORE""]},{""step"":144,""shops"":[""YARN_STORE"",""BAKERY""]},{""step"":216,""shops"":[""YARN_STORE"",""BAKERY"",""ICE_CREAM_SHOP""]},{""step"":288,""shops"":[""YARN_STORE"",""BAKERY"",""ICE_CREAM_SHOP"",""BRUNCH_SPOT""]},{""step"":360,""shops"":[""YARN_STORE"",""BAKERY"",""ICE_CREAM_SHOP"",""BRUNCH_SPOT"",""PET_CAFE""]},{""step"":432,""shops"":[""YARN_STORE"",""BAKERY"",""ICE_CREAM_SHOP"",""BRUNCH_SPOT"",""PET_CAFE"",""BAKERY""]},{""step"":504,""shops"":[""YARN_STORE"",""BAKERY"",""ICE_CREAM_SHOP"",""BRUNCH_SPOT"",""PET_CAFE"",""BAKERY"",""BRUNCH_SPOT""]},{""step"":576,""shops"":[""YARN_STORE"",""BAKERY"",""ICE_CREAM_SHOP"",""BRUNCH_SPOT"",""PET_CAFE"",""BAKERY"",""BRUNCH_SPOT"",""FARMERS_MARKET""]}]",experiments/round10_public_learning_20260924/evaluations/herd_safe_confirmation/replays/herd_safe/melon_threshold/seed_2026092406_seat_0.json.gz,4ed81f7eb1f66775065ad9d4a7b8503279bd509a5cd0fd6e9f989bd3d951d2a6,b6553c296c556aff5b5e2d12b75618e505fa4d852afb5338414ac6d6e039cb02,26e21e006e1d87042709a658c44fd44878f7a6415add558cbd2c71f4f8772b12,0fe077cc65622d6f6828160d90b617595a4aa7ea188e4afc67bfee8e4d290c92,"{""players"":[{""sell_dead_units"":179,""refused_buy_product"":1,""refused_buy_seed"":0,""refused_buy_animal"":0,""refused_hire"":0,""refused_buy_land"":0,""hire_paid"":5659,""sell_zero_fill"":17,""buy_zero_fill"":1,""sell_revenue"":104080.0,""total_spend"":29600.0,""shed_discarded_units"":33,""sold_units"":1543,""feed_no_wheat"":0,""feed_no_animal"":0,""feed_redundant"":0,""water_dead"":1,""harvest_dead"":4,""plant_dead"":0,""animals_escaped"":0,""escape_capital"":0.0,""escape_yield_units"":0,""escape_first_day"":-1,""animal_unfed_days"":75,""plants_dry"":1,""dry_seed_cost"":100.0,""dry_yield_units"":0,""dry_first_day"":21,""plant_unwatered_days"":385,""decay_units"":18,""plants_decayed"":18,""silent_loss_coins"":100.0,""silent_loss_units"":51,""dead_actions"":17,""move_dead"":0,""locked_dead"":0,""pickup_dead"":0,""drop_dead"":0,""place_dead"":1,""build_dead"":0,""dig_dead"":2,""fertilize_dead"":0,""collect_dead"":4,""care_dead"":5,""tile_cap_units"":9,""fertilizer_forgone"":14,""care_unfed"":71,""animal_shed_days"":0,""idle_tile_days"":62,""weed_tile_days"":3,""hand_pass_turns"":629,""farmer_pass_turns"":84,""phantom_hand_actions"":0,""sell_floor_units"":144,""hire_premium"":5377,""shed_units_now"":0,""shed_value_now"":0.0,""animals_in_shed_now"":0,""seeds_unplanted_now"":0,""seeds_unplanted_cost_now"":0.0},{""sell_dead_units"":84084,""refused_buy_product"":0,""refused_buy_seed"":0,""refused_buy_animal"":0,""refused_hire"":0,""refused_buy_land"":0,""hire_paid"":5659,""sell_zero_fill"":110,""buy_zero_fill"":0,""sell_revenue"":103901.0,""total_spend"":32704.0,""shed_discarded_units"":37,""sold_units"":1629,""feed_no_wheat"":0,""feed_no_animal"":0,""feed_redundant"":0,""water_dead"":2,""harvest_dead"":6,""plant_dead"":0,""animals_escaped"":0,""escape_capital"":0.0,""escape_yield_units"":0,""escape_first_day"":-1,""animal_unfed_days"":75,""plants_dry"":1,""dry_seed_cost"":100.0,""dry_yield_units"":0,""dry_first_day"":21,""plant_unwatered_days"":377,""decay_units"":18,""plants_decayed"":18,""silent_loss_coins"":100.0,""silent_loss_units"":55,""dead_actions"":21,""move_dead"":0,""locked_dead"":0,""pickup_dead"":0,""drop_dead"":0,""place_dead"":2,""build_dead"":0,""dig_dead"":2,""fertilize_dead"":0,""collect_dead"":4,""care_dead"":5,""tile_cap_units"":6,""fertilizer_forgone"":14,""care_unfed"":71,""animal_shed_days"":0,""idle_tile_days"":63,""weed_tile_days"":3,""hand_pass_turns"":664,""farmer_pass_turns"":84,""phantom_hand_actions"":0,""sell_floor_units"":163,""hire_premium"":5377,""shed_units_now"":0,""shed_value_now"":0.0,""animals_in_shed_now"":0,""seeds_unplanted_now"":0,""seeds_unplanted_cost_now"":0.0}]}",{},
herd_safe,B1_candidate,melon_threshold,melon_threshold,2026092406,1,77480.0,74197.0,3283.0,W,kagsim,4.879862,0,0,0,0,0,0,0,0,123c15caaac8b39a3589302bb7e21c0d3bad74fd0808c6fc78b42c810fe61e15,"[{""step"":0,""shops"":[]},{""step"":72,""shops"":[""YARN_STORE""]},{""step"":144,""shops"":[""YARN_STORE"",""BAKERY""]},{""step"":216,""shops"":[""YARN_STORE"",""BAKERY"",""ICE_CREAM_SHOP""]},{""step"":288,""shops"":[""YARN_STORE"",""BAKERY"",""ICE_CREAM_SHOP"",""BRUNCH_SPOT""]},{""step"":360,""shops"":[""YARN_STORE"",""BAKERY"",""ICE_CREAM_SHOP"",""BRUNCH_SPOT"",""PET_CAFE""]},{""step"":432,""shops"":[""YARN_STORE"",""BAKERY"",""ICE_CREAM_SHOP"",""BRUNCH_SPOT"",""PET_CAFE"",""BAKERY""]},{""step"":504,""shops"":[""YARN_STORE"",""BAKERY"",""ICE_CREAM_SHOP"",""BRUNCH_SPOT"",""PET_CAFE"",""BAKERY"",""BRUNCH_SPOT""]},{""step"":576,""shops"":[""YARN_STORE"",""BAKERY"",""ICE_CREAM_SHOP"",""BRUNCH_SPOT"",""PET_CAFE"",""BAKERY"",""BRUNCH_SPOT"",""FARMERS_MARKET""]}]",experiments/round10_public_learning_20260924/evaluations/herd_safe_confirmation/replays/herd_safe/melon_threshold/seed_2026092406_seat_1.json.gz,d77942efa7919e8de9c46299c108a4dca8811a91fc7904c671164ebda8c932f7,b6553c296c556aff5b5e2d12b75618e505fa4d852afb5338414ac6d6e039cb02,26e21e006e1d87042709a658c44fd44878f7a6415add558cbd2c71f4f8772b12,0fe077cc65622d6f6828160d90b617595a4aa7ea188e4afc67bfee8e4d290c92,"{""players"":[{""sell_dead_units"":84084,""refused_buy_product"":0,""refused_buy_seed"":0,""refused_buy_animal"":0,""refused_hire"":0,""refused_buy_land"":0,""hire_paid"":5659,""sell_zero_fill"":110,""buy_zero_fill"":0,""sell_revenue"":103901.0,""total_spend"":32704.0,""shed_discarded_units"":37,""sold_units"":1629,""feed_no_wheat"":0,""feed_no_animal"":0,""feed_redundant"":0,""water_dead"":2,""harvest_dead"":6,""plant_dead"":0,""animals_escaped"":0,""escape_capital"":0.0,""escape_yield_units"":0,""escape_first_day"":-1,""animal_unfed_days"":75,""plants_dry"":1,""dry_seed_cost"":100.0,""dry_yield_units"":0,""dry_first_day"":21,""plant_unwatered_days"":377,""decay_units"":18,""plants_decayed"":18,""silent_loss_coins"":100.0,""silent_loss_units"":55,""dead_actions"":21,""move_dead"":0,""locked_dead"":0,""pickup_dead"":0,""drop_dead"":0,""place_dead"":2,""build_dead"":0,""dig_dead"":2,""fertilize_dead"":0,""collect_dead"":4,""care_dead"":5,""tile_cap_units"":6,""fertilizer_forgone"":14,""care_unfed"":71,""animal_shed_days"":0,""idle_tile_days"":63,""weed_tile_days"":3,""hand_pass_turns"":664,""farmer_pass_turns"":84,""phantom_hand_actions"":0,""sell_floor_units"":163,""hire_premium"":5377,""shed_units_now"":0,""shed_value_now"":0.0,""animals_in_shed_now"":0,""seeds_unplanted_now"":0,""seeds_unplanted_cost_now"":0.0},{""sell_dead_units"":179,""refused_buy_product"":1,""refused_buy_seed"":0,""refused_buy_animal"":0,""refused_hire"":0,""refused_buy_land"":0,""hire_paid"":5659,""sell_zero_fill"":17,""buy_zero_fill"":1,""sell_revenue"":104080.0,""total_spend"":29600.0,""shed_discarded_units"":33,""sold_units"":1543,""feed_no_wheat"":0,""feed_no_animal"":0,""feed_redundant"":0,""water_dead"":1,""harvest_dead"":4,""plant_dead"":0,""animals_escaped"":0,""escape_capital"":0.0,""escape_yield_units"":0,""escape_first_day"":-1,""animal_unfed_days"":75,""plants_dry"":1,""dry_seed_cost"":100.0,""dry_yield_units"":0,""dry_first_day"":21,""plant_unwatered_days"":385,""decay_units"":18,""plants_decayed"":18,""silent_loss_coins"":100.0,""silent_loss_units"":51,""dead_actions"":17,""move_dead"":0,""locked_dead"":0,""pickup_dead"":0,""drop_dead"":0,""place_dead"":1,""build_dead"":0,""dig_dead"":2,""fertilize_dead"":0,""collect_dead"":4,""care_dead"":5,""tile_cap_units"":9,""fertilizer_forgone"":14,""care_unfed"":71,""animal_shed_days"":0,""idle_tile_days"":62,""weed_tile_days"":3,""hand_pass_turns"":629,""farmer_pass_turns"":84,""phantom_hand_actions"":0,""sell_floor_units"":144,""hire_premium"":5377,""shed_units_now"":0,""shed_value_now"":0.0,""animals_in_shed_now"":0,""seeds_unplanted_now"":0,""seeds_unplanted_cost_now"":0.0}]}",{},
herd_safe,B1_candidate,metav4,metav4,2026092405,0,124498.0,123385.0,1113.0,W,kagsim,6.388035,0,0,0,0,0,0,0,0,0729bebb66ade57fcb6dff845d6bfae4e139625a294bf1994420529d925a5402,"[{""step"":0,""shops"":[]},{""step"":72,""shops"":[""SMOOTHIE_SHOP""]},{""step"":144,""shops"":[""SMOOTHIE_SHOP"",""SMOOTHIE_SHOP""]},{""step"":216,""shops"":[""SMOOTHIE_SHOP"",""SMOOTHIE_SHOP"",""BRUNCH_SPOT""]},{""step"":288,""shops"":[""SMOOTHIE_SHOP"",""SMOOTHIE_SHOP"",""BRUNCH_SPOT"",""BRUNCH_SPOT""]},{""step"":360,""shops"":[""SMOOTHIE_SHOP"",""SMOOTHIE_SHOP"",""BRUNCH_SPOT"",""BRUNCH_SPOT"",""YARN_STORE""]},{""step"":432,""shops"":[""SMOOTHIE_SHOP"",""SMOOTHIE_SHOP"",""BRUNCH_SPOT"",""BRUNCH_SPOT"",""YARN_STORE"",""YARN_STORE""]},{""step"":504,""shops"":[""SMOOTHIE_SHOP"",""SMOOTHIE_SHOP"",""BRUNCH_SPOT"",""BRUNCH_SPOT"",""YARN_STORE"",""YARN_STORE"",""YARN_STORE""]},{""step"":576,""shops"":[""SMOOTHIE_SHOP"",""SMOOTHIE_SHOP"",""BRUNCH_SPOT"",""BRUNCH_SPOT"",""YARN_STORE"",""YARN_STORE"",""YARN_STORE"",""BRUNCH_SPOT""]}]",experiments/round10_public_learning_20260924/evaluations/herd_safe_confirmation/replays/herd_safe/metav4/seed_2026092405_seat_0.json.gz,0a98a9722356295f1594f609fdbbbedf6a41419f772bb4e6e8ba34aaed44f58c,b6553c296c556aff5b5e2d12b75618e505fa4d852afb5338414ac6d6e039cb02,9d63494603f88219857a3101d7dc19cc750ded04e5886732ee428580326967d9,0fe077cc65622d6f6828160d90b617595a4aa7ea188e4afc67bfee8e4d290c92,"{""players"":[{""sell_dead_units"":2232,""refused_buy_product"":1,""refused_buy_seed"":0,""refused_buy_animal"":0,""refused_hire"":0,""refused_buy_land"":0,""hire_paid"":4075,""sell_zero_fill"":44,""buy_zero_fill"":1,""sell_revenue"":148918.0,""total_spend"":27420.0,""shed_discarded_units"":2,""sold_units"":1591,""feed_no_wheat"":0,""feed_no_animal"":0,""feed_redundant"":0,""water_dead"":11,""harvest_dead"":4,""plant_dead"":0,""animals_escaped"":0,""escape_capital"":0.0,""escape_yield_units"":0,""escape_first_day"":-1,""animal_unfed_days"":58,""plants_dry"":1,""dry_seed_cost"":100.0,""dry_yield_units"":0,""dry_first_day"":21,""plant_unwatered_days"":392,""decay_units"":18,""plants_decayed"":18,""silent_loss_coins"":100.0,""silent_loss_units"":20,""dead_actions"":42,""move_dead"":0,""locked_dead"":0,""pickup_dead"":0,""drop_dead"":0,""place_dead"":2,""build_dead"":0,""dig_dead"":3,""fertilize_dead"":1,""collect_dead"":8,""care_dead"":13,""tile_cap_units"":20,""fertilizer_forgone"":19,""care_unfed"":54,""animal_shed_days"":1,""idle_tile_days"":63,""weed_tile_days"":1,""hand_pass_turns"":375,""farmer_pass_turns"":63,""phantom_hand_actions"":0,""sell_floor_units"":56,""hire_premium"":3810,""shed_units_now"":0,""shed_value_now"":0.0,""animals_in_shed_now"":0,""seeds_unplanted_now"":5,""seeds_unplanted_cost_now"":50.0},{""sell_dead_units"":1191,""refused_buy_product"":1,""refused_buy_seed"":0,""refused_buy_animal"":0,""refused_hire"":0,""refused_buy_land"":0,""hire_paid"":4075,""sell_zero_fill"":34,""buy_zero_fill"":1,""sell_revenue"":148413.0,""total_spend"":28028.0,""shed_discarded_units"":1,""sold_units"":1600,""feed_no_wheat"":0,""feed_no_animal"":0,""feed_redundant"":0,""water_dead"":11,""harvest_dead"":4,""plant_dead"":0,""animals_escaped"":0,""escape_capital"":0.0,""escape_yield_units"":0,""escape_first_day"":-1,""animal_unfed_days"":58,""plants_dry"":1,""dry_seed_cost"":100.0,""dry_yield_units"":0,""dry_first_day"":21,""plant_unwatered_days"":392,""decay_units"":18,""plants_decayed"":18,""silent_loss_coins"":100.0,""silent_loss_units"":19,""dead_actions"":42,""move_dead"":0,""locked_dead"":0,""pickup_dead"":0,""drop_dead"":0,""place_dead"":1,""build_dead"":0,""dig_dead"":3,""fertilize_dead"":2,""collect_dead"":8,""care_dead"":13,""tile_cap_units"":21,""fertilizer_forgone"":19,""care_unfed"":54,""animal_shed_days"":1,""idle_tile_days"":64,""weed_tile_days"":1,""hand_pass_turns"":390,""farmer_pass_turns"":62,""phantom_hand_actions"":0,""sell_floor_units"":45,""hire_premium"":3810,""shed_units_now"":0,""shed_value_now"":0.0,""animals_in_shed_now"":0,""seeds_unplanted_now"":13,""seeds_unplanted_cost_now"":210.0}]}",{},
herd_safe,B1_candidate,metav4,metav4,2026092405,1,124498.0,123385.0,1113.0,W,kagsim,6.564001,0,0,0,0,0,0,0,0,0729bebb66ade57fcb6dff845d6bfae4e139625a294bf1994420529d925a5402,"[{""step"":0,""shops"":[]},{""step"":72,""shops"":[""SMOOTHIE_SHOP""]},{""step"":144,""shops"":[""SMOOTHIE_SHOP"",""SMOOTHIE_SHOP""]},{""step"":216,""shops"":[""SMOOTHIE_SHOP"",""SMOOTHIE_SHOP"",""BRUNCH_SPOT""]},{""step"":288,""shops"":[""SMOOTHIE_SHOP"",""SMOOTHIE_SHOP"",""BRUNCH_SPOT"",""BRUNCH_SPOT""]},{""step"":360,""shops"":[""SMOOTHIE_SHOP"",""SMOOTHIE_SHOP"",""BRUNCH_SPOT"",""BRUNCH_SPOT"",""YARN_STORE""]},{""step"":432,""shops"":[""SMOOTHIE_SHOP"",""SMOOTHIE_SHOP"",""BRUNCH_SPOT"",""BRUNCH_SPOT"",""YARN_STORE"",""YARN_STORE""]},{""step"":504,""shops"":[""SMOOTHIE_SHOP"",""SMOOTHIE_SHOP"",""BRUNCH_SPOT"",""BRUNCH_SPOT"",""YARN_STORE"",""YARN_STORE"",""YARN_STORE""]},{""step"":576,""shops"":[""SMOOTHIE_SHOP"",""SMOOTHIE_SHOP"",""BRUNCH_SPOT"",""BRUNCH_SPOT"",""YARN_STORE"",""YARN_STORE"",""YARN_STORE"",""BRUNCH_SPOT""]}]",experiments/round10_public_learning_20260924/evaluations/herd_safe_confirmation/replays/herd_safe/metav4/seed_2026092405_seat_1.json.gz,edd8acfc61abfca5352dc94d5e18d4fc7d7c15a20bf169881d8d17076eb596c7,b6553c296c556aff5b5e2d12b75618e505fa4d852afb5338414ac6d6e039cb02,9d63494603f88219857a3101d7dc19cc750ded04e5886732ee428580326967d9,0fe077cc65622d6f6828160d90b617595a4aa7ea188e4afc67bfee8e4d290c92,"{""players"":[{""sell_dead_units"":1191,""refused_buy_product"":1,""refused_buy_seed"":0,""refused_buy_animal"":0,""refused_hire"":0,""refused_buy_land"":0,""hire_paid"":4075,""sell_zero_fill"":34,""buy_zero_fill"":1,""sell_revenue"":148413.0,""total_spend"":28028.0,""shed_discarded_units"":1,""sold_units"":1600,""feed_no_wheat"":0,""feed_no_animal"":0,""feed_redundant"":0,""water_dead"":11,""harvest_dead"":4,""plant_dead"":0,""animals_escaped"":0,""escape_capital"":0.0,""escape_yield_units"":0,""escape_first_day"":-1,""animal_unfed_days"":58,""plants_dry"":1,""dry_seed_cost"":100.0,""dry_yield_units"":0,""dry_first_day"":21,""plant_unwatered_days"":392,""decay_units"":18,""plants_decayed"":18,""silent_loss_coins"":100.0,""silent_loss_units"":19,""dead_actions"":42,""move_dead"":0,""locked_dead"":0,""pickup_dead"":0,""drop_dead"":0,""place_dead"":1,""build_dead"":0,""dig_dead"":3,""fertilize_dead"":2,""collect_dead"":8,""care_dead"":13,""tile_cap_units"":21,""fertilizer_forgone"":19,""care_unfed"":54,""animal_shed_days"":1,""idle_tile_days"":64,""weed_tile_days"":1,""hand_pass_turns"":390,""farmer_pass_turns"":62,""phantom_hand_actions"":0,""sell_floor_units"":45,""hire_premium"":3810,""shed_units_now"":0,""shed_value_now"":0.0,""animals_in_shed_now"":0,""seeds_unplanted_now"":13,""seeds_unplanted_cost_now"":210.0},{""sell_dead_units"":2232,""refused_buy_product"":1,""refused_buy_seed"":0,""refused_buy_animal"":0,""refused_hire"":0,""refused_buy_land"":0,""hire_paid"":4075,""sell_zero_fill"":44,""buy_zero_fill"":1,""sell_revenue"":148918.0,""total_spend"":27420.0,""shed_discarded_units"":2,""sold_units"":1591,""feed_no_wheat"":0,""feed_no_animal"":0,""feed_redundant"":0,""water_dead"":11,""harvest_dead"":4,""plant_dead"":0,""animals_escaped"":0,""escape_capital"":0.0,""escape_yield_units"":0,""escape_first_day"":-1,""animal_unfed_days"":58,""plants_dry"":1,""dry_seed_cost"":100.0,""dry_yield_units"":0,""dry_first_day"":21,""plant_unwatered_days"":392,""decay_units"":18,""plants_decayed"":18,""silent_loss_coins"":100.0,""silent_loss_units"":20,""dead_actions"":42,""move_dead"":0,""locked_dead"":0,""pickup_dead"":0,""drop_dead"":0,""place_dead"":2,""build_dead"":0,""dig_dead"":3,""fertilize_dead"":1,""collect_dead"":8,""care_dead"":13,""tile_cap_units"":20,""fertilizer_forgone"":19,""care_unfed"":54,""animal_shed_days"":1,""idle_tile_days"":63,""weed_tile_days"":1,""hand_pass_turns"":375,""farmer_pass_turns"":63,""phantom_hand_actions"":0,""sell_floor_units"":56,""hire_premium"":3810,""shed_units_now"":0,""shed_value_now"":0.0,""animals_in_shed_now"":0,""seeds_unplanted_now"":5,""seeds_unplanted_cost_now"":50.0}]}",{},
herd_safe,B1_candidate,metav4,metav4,2026092406,0,77010.0,76703.0,307.0,W,kagsim,6.410046,0,0,0,0,0,0,0,0,123c15caaac8b39a3589302bb7e21c0d3bad74fd0808c6fc78b42c810fe61e15,"[{""step"":0,""shops"":[]},{""step"":72,""shops"":[""YARN_STORE""]},{""step"":144,""shops"":[""YARN_STORE"",""BAKERY""]},{""step"":216,""shops"":[""YARN_STORE"",""BAKERY"",""ICE_CREAM_SHOP""]},{""step"":288,""shops"":[""YARN_STORE"",""BAKERY"",""ICE_CREAM_SHOP"",""BRUNCH_SPOT""]},{""step"":360,""shops"":[""YARN_STORE"",""BAKERY"",""ICE_CREAM_SHOP"",""BRUNCH_SPOT"",""PET_CAFE""]},{""step"":432,""shops"":[""YARN_STORE"",""BAKERY"",""ICE_CREAM_SHOP"",""BRUNCH_SPOT"",""PET_CAFE"",""BAKERY""]},{""step"":504,""shops"":[""YARN_STORE"",""BAKERY"",""ICE_CREAM_SHOP"",""BRUNCH_SPOT"",""PET_CAFE"",""BAKERY"",""BRUNCH_SPOT""]},{""step"":576,""shops"":[""YARN_STORE"",""BAKERY"",""ICE_CREAM_SHOP"",""BRUNCH_SPOT"",""PET_CAFE"",""BAKERY"",""BRUNCH_SPOT"",""FARMERS_MARKET""]}]",experiments/round10_public_learning_20260924/evaluations/herd_safe_confirmation/replays/herd_safe/metav4/seed_2026092406_seat_0.json.gz,f9c7f4cc2b69865f86eb32211a452d9099d860d711e9d1c27d0c154b8bc6a311,b6553c296c556aff5b5e2d12b75618e505fa4d852afb5338414ac6d6e039cb02,9d63494603f88219857a3101d7dc19cc750ded04e5886732ee428580326967d9,0fe077cc65622d6f6828160d90b617595a4aa7ea188e4afc67bfee8e4d290c92,"{""players"":[{""sell_dead_units"":2228,""refused_buy_product"":1,""refused_buy_seed"":0,""refused_buy_animal"":0,""refused_hire"":0,""refused_buy_land"":0,""hire_paid"":5659,""sell_zero_fill"":24,""buy_zero_fill"":1,""sell_revenue"":103626.0,""total_spend"":29616.0,""shed_discarded_units"":34,""sold_units"":1550,""feed_no_wheat"":0,""feed_no_animal"":0,""feed_redundant"":0,""water_dead"":1,""harvest_dead"":4,""plant_dead"":0,""animals_escaped"":0,""escape_capital"":0.0,""escape_yield_units"":0,""escape_first_day"":-1,""animal_unfed_days"":78,""plants_dry"":1,""dry_seed_cost"":100.0,""dry_yield_units"":0,""dry_first_day"":21,""plant_unwatered_days"":385,""decay_units"":18,""plants_decayed"":18,""silent_loss_coins"":100.0,""silent_loss_units"":52,""dead_actions"":17,""move_dead"":0,""locked_dead"":0,""pickup_dead"":0,""drop_dead"":0,""place_dead"":1,""build_dead"":0,""dig_dead"":2,""fertilize_dead"":0,""collect_dead"":4,""care_dead"":5,""tile_cap_units"":9,""fertilizer_forgone"":14,""care_unfed"":74,""animal_shed_days"":0,""idle_tile_days"":62,""weed_tile_days"":3,""hand_pass_turns"":633,""farmer_pass_turns"":83,""phantom_hand_actions"":0,""sell_floor_units"":154,""hire_premium"":5377,""shed_units_now"":0,""shed_value_now"":0.0,""animals_in_shed_now"":0,""seeds_unplanted_now"":0,""seeds_unplanted_cost_now"":0.0},{""sell_dead_units"":236,""refused_buy_product"":1,""refused_buy_seed"":0,""refused_buy_animal"":0,""refused_hire"":0,""refused_buy_land"":0,""hire_paid"":5659,""sell_zero_fill"":22,""buy_zero_fill"":1,""sell_revenue"":103694.0,""total_spend"":29991.0,""shed_discarded_units"":34,""sold_units"":1558,""feed_no_wheat"":0,""feed_no_animal"":0,""feed_redundant"":0,""water_dead"":1,""harvest_dead"":6,""plant_dead"":0,""animals_escaped"":0,""escape_capital"":0.0,""escape_yield_units"":0,""escape_first_day"":-1,""animal_unfed_days"":78,""plants_dry"":1,""dry_seed_cost"":100.0,""dry_yield_units"":0,""dry_first_day"":21,""plant_unwatered_days"":385,""decay_units"":18,""plants_decayed"":18,""silent_loss_coins"":100.0,""silent_loss_units"":52,""dead_actions"":20,""move_dead"":0,""locked_dead"":0,""pickup_dead"":0,""drop_dead"":0,""place_dead"":2,""build_dead"":0,""dig_dead"":2,""fertilize_dead"":0,""collect_dead"":4,""care_dead"":5,""tile_cap_units"":9,""fertilizer_forgone"":14,""care_unfed"":74,""animal_shed_days"":0,""idle_tile_days"":63,""weed_tile_days"":3,""hand_pass_turns"":649,""farmer_pass_turns"":83,""phantom_hand_actions"":0,""sell_floor_units"":152,""hire_premium"":5377,""shed_units_now"":0,""shed_value_now"":0.0,""animals_in_shed_now"":0,""seeds_unplanted_now"":0,""seeds_unplanted_cost_now"":0.0}]}",{},
herd_safe,B1_candidate,metav4,metav4,2026092406,1,77010.0,76703.0,307.0,W,kagsim,6.327062,0,0,0,0,0,0,0,0,123c15caaac8b39a3589302bb7e21c0d3bad74fd0808c6fc78b42c810fe61e15,"[{""step"":0,""shops"":[]},{""step"":72,""shops"":[""YARN_STORE""]},{""step"":144,""shops"":[""YARN_STORE"",""BAKERY""]},{""step"":216,""shops"":[""YARN_STORE"",""BAKERY"",""ICE_CREAM_SHOP""]},{""step"":288,""shops"":[""YARN_STORE"",""BAKERY"",""ICE_CREAM_SHOP"",""BRUNCH_SPOT""]},{""step"":360,""shops"":[""YARN_STORE"",""BAKERY"",""ICE_CREAM_SHOP"",""BRUNCH_SPOT"",""PET_CAFE""]},{""step"":432,""shops"":[""YARN_STORE"",""BAKERY"",""ICE_CREAM_SHOP"",""BRUNCH_SPOT"",""PET_CAFE"",""BAKERY""]},{""step"":504,""shops"":[""YARN_STORE"",""BAKERY"",""ICE_CREAM_SHOP"",""BRUNCH_SPOT"",""PET_CAFE"",""BAKERY"",""BRUNCH_SPOT""]},{""step"":576,""shops"":[""YARN_STORE"",""BAKERY"",""ICE_CREAM_SHOP"",""BRUNCH_SPOT"",""PET_CAFE"",""BAKERY"",""BRUNCH_SPOT"",""FARMERS_MARKET""]}]",experiments/round10_public_learning_20260924/evaluations/herd_safe_confirmation/replays/herd_safe/metav4/seed_2026092406_seat_1.json.gz,355564b38f0e999cf413990c9728849306d0131a93545ac4ba98e0431546dcfb,b6553c296c556aff5b5e2d12b75618e505fa4d852afb5338414ac6d6e039cb02,9d63494603f88219857a3101d7dc19cc750ded04e5886732ee428580326967d9,0fe077cc65622d6f6828160d90b617595a4aa7ea188e4afc67bfee8e4d290c92,"{""players"":[{""sell_dead_units"":236,""refused_buy_product"":1,""refused_buy_seed"":0,""refused_buy_animal"":0,""refused_hire"":0,""refused_buy_land"":0,""hire_paid"":5659,""sell_zero_fill"":22,""buy_zero_fill"":1,""sell_revenue"":103694.0,""total_spend"":29991.0,""shed_discarded_units"":34,""sold_units"":1558,""feed_no_wheat"":0,""feed_no_animal"":0,""feed_redundant"":0,""water_dead"":1,""harvest_dead"":6,""plant_dead"":0,""animals_escaped"":0,""escape_capital"":0.0,""escape_yield_units"":0,""escape_first_day"":-1,""animal_unfed_days"":78,""plants_dry"":1,""dry_seed_cost"":100.0,""dry_yield_units"":0,""dry_first_day"":21,""plant_unwatered_days"":385,""decay_units"":18,""plants_decayed"":18,""silent_loss_coins"":100.0,""silent_loss_units"":52,""dead_actions"":20,""move_dead"":0,""locked_dead"":0,""pickup_dead"":0,""drop_dead"":0,""place_dead"":2,""build_dead"":0,""dig_dead"":2,""fertilize_dead"":0,""collect_dead"":4,""care_dead"":5,""tile_cap_units"":9,""fertilizer_forgone"":14,""care_unfed"":74,""animal_shed_days"":0,""idle_tile_days"":63,""weed_tile_days"":3,""hand_pass_turns"":649,""farmer_pass_turns"":83,""phantom_hand_actions"":0,""sell_floor_units"":152,""hire_premium"":5377,""shed_units_now"":0,""shed_value_now"":0.0,""animals_in_shed_now"":0,""seeds_unplanted_now"":0,""seeds_unplanted_cost_now"":0.0},{""sell_dead_units"":2228,""refused_buy_product"":1,""refused_buy_seed"":0,""refused_buy_animal"":0,""refused_hire"":0,""refused_buy_land"":0,""hire_paid"":5659,""sell_zero_fill"":24,""buy_zero_fill"":1,""sell_revenue"":103626.0,""total_spend"":29616.0,""shed_discarded_units"":34,""sold_units"":1550,""feed_no_wheat"":0,""feed_no_animal"":0,""feed_redundant"":0,""water_dead"":1,""harvest_dead"":4,""plant_dead"":0,""animals_escaped"":0,""escape_capital"":0.0,""escape_yield_units"":0,""escape_first_day"":-1,""animal_unfed_days"":78,""plants_dry"":1,""dry_seed_cost"":100.0,""dry_yield_units"":0,""dry_first_day"":21,""plant_unwatered_days"":385,""decay_units"":18,""plants_decayed"":18,""silent_loss_coins"":100.0,""silent_loss_units"":52,""dead_actions"":17,""move_dead"":0,""locked_dead"":0,""pickup_dead"":0,""drop_dead"":0,""place_dead"":1,""build_dead"":0,""dig_dead"":2,""fertilize_dead"":0,""collect_dead"":4,""care_dead"":5,""tile_cap_units"":9,""fertilizer_forgone"":14,""care_unfed"":74,""animal_shed_days"":0,""idle_tile_days"":62,""weed_tile_days"":3,""hand_pass_turns"":633,""farmer_pass_turns"":83,""phantom_hand_actions"":0,""sell_floor_units"":154,""hire_premium"":5377,""shed_units_now"":0,""shed_value_now"":0.0,""animals_in_shed_now"":0,""seeds_unplanted_now"":0,""seeds_unplanted_cost_now"":0.0}]}",{},
herd_safe,B1_candidate,order_book,order_book,2026092405,0,124128.0,123574.0,554.0,W,kagsim,7.402564,0,0,0,0,0,0,0,0,0729bebb66ade57fcb6dff845d6bfae4e139625a294bf1994420529d925a5402,"[{""step"":0,""shops"":[]},{""step"":72,""shops"":[""SMOOTHIE_SHOP""]},{""step"":144,""shops"":[""SMOOTHIE_SHOP"",""SMOOTHIE_SHOP""]},{""step"":216,""shops"":[""SMOOTHIE_SHOP"",""SMOOTHIE_SHOP"",""BRUNCH_SPOT""]},{""step"":288,""shops"":[""SMOOTHIE_SHOP"",""SMOOTHIE_SHOP"",""BRUNCH_SPOT"",""BRUNCH_SPOT""]},{""step"":360,""shops"":[""SMOOTHIE_SHOP"",""SMOOTHIE_SHOP"",""BRUNCH_SPOT"",""BRUNCH_SPOT"",""YARN_STORE""]},{""step"":432,""shops"":[""SMOOTHIE_SHOP"",""SMOOTHIE_SHOP"",""BRUNCH_SPOT"",""BRUNCH_SPOT"",""YARN_STORE"",""YARN_STORE""]},{""step"":504,""shops"":[""SMOOTHIE_SHOP"",""SMOOTHIE_SHOP"",""BRUNCH_SPOT"",""BRUNCH_SPOT"",""YARN_STORE"",""YARN_STORE"",""YARN_STORE""]},{""step"":576,""shops"":[""SMOOTHIE_SHOP"",""SMOOTHIE_SHOP"",""BRUNCH_SPOT"",""BRUNCH_SPOT"",""YARN_STORE"",""YARN_STORE"",""YARN_STORE"",""BRUNCH_SPOT""]}]",experiments/round10_public_learning_20260924/evaluations/herd_safe_confirmation/replays/herd_safe/order_book/seed_2026092405_seat_0.json.gz,85b4e2f0bbae11a1ce9e8e8b303b752ab29267de76da3880aed47b01bbe8ebef,b6553c296c556aff5b5e2d12b75618e505fa4d852afb5338414ac6d6e039cb02,a16e0e9b40c489972630a0b9d04f30e9c1cab03159fa78676db74277d84d82ab,0fe077cc65622d6f6828160d90b617595a4aa7ea188e4afc67bfee8e4d290c92,"{""players"":[{""sell_dead_units"":2207,""refused_buy_product"":1,""refused_buy_seed"":0,""refused_buy_animal"":0,""refused_hire"":0,""refused_buy_land"":0,""hire_paid"":4075,""sell_zero_fill"":39,""buy_zero_fill"":1,""sell_revenue"":148543.0,""total_spend"":27415.0,""shed_discarded_units"":3,""sold_units"":1583,""feed_no_wheat"":0,""feed_no_animal"":0,""feed_redundant"":0,""water_dead"":11,""harvest_dead"":4,""plant_dead"":0,""animals_escaped"":0,""escape_capital"":0.0,""escape_yield_units"":0,""escape_first_day"":-1,""animal_unfed_days"":55,""plants_dry"":1,""dry_seed_cost"":100.0,""dry_yield_units"":0,""dry_first_day"":21,""plant_unwatered_days"":392,""decay_units"":18,""plants_decayed"":18,""silent_loss_coins"":100.0,""silent_loss_units"":21,""dead_actions"":42,""move_dead"":0,""locked_dead"":0,""pickup_dead"":0,""drop_dead"":0,""place_dead"":2,""build_dead"":0,""dig_dead"":3,""fertilize_dead"":1,""collect_dead"":8,""care_dead"":13,""tile_cap_units"":20,""fertilizer_forgone"":19,""care_unfed"":51,""animal_shed_days"":1,""idle_tile_days"":63,""weed_tile_days"":1,""hand_pass_turns"":372,""farmer_pass_turns"":63,""phantom_hand_actions"":0,""sell_floor_units"":47,""hire_premium"":3810,""shed_units_now"":0,""shed_value_now"":0.0,""animals_in_shed_now"":0,""seeds_unplanted_now"":5,""seeds_unplanted_cost_now"":50.0},{""sell_dead_units"":1197,""refused_buy_product"":1,""refused_buy_seed"":0,""refused_buy_animal"":0,""refused_hire"":0,""refused_buy_land"":0,""hire_paid"":4075,""sell_zero_fill"":37,""buy_zero_fill"":1,""sell_revenue"":148505.0,""total_spend"":27931.0,""shed_discarded_units"":2,""sold_units"":1592,""feed_no_wheat"":0,""feed_no_animal"":0,""feed_redundant"":0,""water_dead"":11,""harvest_dead"":4,""plant_dead"":0,""animals_escaped"":0,""escape_capital"":0.0,""escape_yield_units"":0,""escape_first_day"":-1,""animal_unfed_days"":55,""plants_dry"":1,""dry_seed_cost"":100.0,""dry_yield_units"":0,""dry_first_day"":21,""plant_unwatered_days"":392,""decay_units"":18,""plants_decayed"":18,""silent_loss_coins"":100.0,""silent_loss_units"":20,""dead_actions"":43,""move_dead"":0,""locked_dead"":0,""pickup_dead"":0,""drop_dead"":0,""place_dead"":2,""build_dead"":0,""dig_dead"":3,""fertilize_dead"":2,""collect_dead"":8,""care_dead"":13,""tile_cap_units"":21,""fertilizer_forgone"":19,""care_unfed"":51,""animal_shed_days"":1,""idle_tile_days"":63,""weed_tile_days"":1,""hand_pass_turns"":370,""farmer_pass_turns"":62,""phantom_hand_actions"":0,""sell_floor_units"":47,""hire_premium"":3810,""shed_units_now"":0,""shed_value_now"":0.0,""animals_in_shed_now"":0,""seeds_unplanted_now"":13,""seeds_unplanted_cost_now"":210.0}]}",{},
herd_safe,B1_candidate,order_book,order_book,2026092405,1,124128.0,123574.0,554.0,W,kagsim,7.722819,0,0,0,0,0,0,0,0,0729bebb66ade57fcb6dff845d6bfae4e139625a294bf1994420529d925a5402,"[{""step"":0,""shops"":[]},{""step"":72,""shops"":[""SMOOTHIE_SHOP""]},{""step"":144,""shops"":[""SMOOTHIE_SHOP"",""SMOOTHIE_SHOP""]},{""step"":216,""shops"":[""SMOOTHIE_SHOP"",""SMOOTHIE_SHOP"",""BRUNCH_SPOT""]},{""step"":288,""shops"":[""SMOOTHIE_SHOP"",""SMOOTHIE_SHOP"",""BRUNCH_SPOT"",""BRUNCH_SPOT""]},{""step"":360,""shops"":[""SMOOTHIE_SHOP"",""SMOOTHIE_SHOP"",""BRUNCH_SPOT"",""BRUNCH_SPOT"",""YARN_STORE""]},{""step"":432,""shops"":[""SMOOTHIE_SHOP"",""SMOOTHIE_SHOP"",""BRUNCH_SPOT"",""BRUNCH_SPOT"",""YARN_STORE"",""YARN_STORE""]},{""step"":504,""shops"":[""SMOOTHIE_SHOP"",""SMOOTHIE_SHOP"",""BRUNCH_SPOT"",""BRUNCH_SPOT"",""YARN_STORE"",""YARN_STORE"",""YARN_STORE""]},{""step"":576,""shops"":[""SMOOTHIE_SHOP"",""SMOOTHIE_SHOP"",""BRUNCH_SPOT"",""BRUNCH_SPOT"",""YARN_STORE"",""YARN_STORE"",""YARN_STORE"",""BRUNCH_SPOT""]}]",experiments/round10_public_learning_20260924/evaluations/herd_safe_confirmation/replays/herd_safe/order_book/seed_2026092405_seat_1.json.gz,03a03f2c3ac64f73a264c56bf3da4b425f80327cbafb73e6b47196439410ef91,b6553c296c556aff5b5e2d12b75618e505fa4d852afb5338414ac6d6e039cb02,a16e0e9b40c489972630a0b9d04f30e9c1cab03159fa78676db74277d84d82ab,0fe077cc65622d6f6828160d90b617595a4aa7ea188e4afc67bfee8e4d290c92,"{""players"":[{""sell_dead_units"":1197,""refused_buy_product"":1,""refused_buy_seed"":0,""refused_buy_animal"":0,""refused_hire"":0,""refused_buy_land"":0,""hire_paid"":4075,""sell_zero_fill"":37,""buy_zero_fill"":1,""sell_revenue"":148505.0,""total_spend"":27931.0,""shed_discarded_units"":2,""sold_units"":1592,""feed_no_wheat"":0,""feed_no_animal"":0,""feed_redundant"":0,""water_dead"":11,""harvest_dead"":4,""plant_dead"":0,""animals_escaped"":0,""escape_capital"":0.0,""escape_yield_units"":0,""escape_first_day"":-1,""animal_unfed_days"":55,""plants_dry"":1,""dry_seed_cost"":100.0,""dry_yield_units"":0,""dry_first_day"":21,""plant_unwatered_days"":392,""decay_units"":18,""plants_decayed"":18,""silent_loss_coins"":100.0,""silent_loss_units"":20,""dead_actions"":43,""move_dead"":0,""locked_dead"":0,""pickup_dead"":0,""drop_dead"":0,""place_dead"":2,""build_dead"":0,""dig_dead"":3,""fertilize_dead"":2,""collect_dead"":8,""care_dead"":13,""tile_cap_units"":21,""fertilizer_forgone"":19,""care_unfed"":51,""animal_shed_days"":1,""idle_tile_days"":63,""weed_tile_days"":1,""hand_pass_turns"":370,""farmer_pass_turns"":62,""phantom_hand_actions"":0,""sell_floor_units"":47,""hire_premium"":3810,""shed_units_now"":0,""shed_value_now"":0.0,""animals_in_shed_now"":0,""seeds_unplanted_now"":13,""seeds_unplanted_cost_now"":210.0},{""sell_dead_units"":2207,""refused_buy_product"":1,""refused_buy_seed"":0,""refused_buy_animal"":0,""refused_hire"":0,""refused_buy_land"":0,""hire_paid"":4075,""sell_zero_fill"":39,""buy_zero_fill"":1,""sell_revenue"":148543.0,""total_spend"":27415.0,""shed_discarded_units"":3,""sold_units"":1583,""feed_no_wheat"":0,""feed_no_animal"":0,""feed_redundant"":0,""water_dead"":11,""harvest_dead"":4,""plant_dead"":0,""animals_escaped"":0,""escape_capital"":0.0,""escape_yield_units"":0,""escape_first_day"":-1,""animal_unfed_days"":55,""plants_dry"":1,""dry_seed_cost"":100.0,""dry_yield_units"":0,""dry_first_day"":21,""plant_unwatered_days"":392,""decay_units"":18,""plants_decayed"":18,""silent_loss_coins"":100.0,""silent_loss_units"":21,""dead_actions"":42,""move_dead"":0,""locked_dead"":0,""pickup_dead"":0,""drop_dead"":0,""place_dead"":2,""build_dead"":0,""dig_dead"":3,""fertilize_dead"":1,""collect_dead"":8,""care_dead"":13,""tile_cap_units"":20,""fertilizer_forgone"":19,""care_unfed"":51,""animal_shed_days"":1,""idle_tile_days"":63,""weed_tile_days"":1,""hand_pass_turns"":372,""farmer_pass_turns"":63,""phantom_hand_actions"":0,""sell_floor_units"":47,""hire_premium"":3810,""shed_units_now"":0,""shed_value_now"":0.0,""animals_in_shed_now"":0,""seeds_unplanted_now"":5,""seeds_unplanted_cost_now"":50.0}]}",{},
herd_safe,B1_candidate,order_book,order_book,2026092406,0,76918.0,76748.0,170.0,W,kagsim,7.277746,0,0,0,0,0,0,0,0,123c15caaac8b39a3589302bb7e21c0d3bad74fd0808c6fc78b42c810fe61e15,"[{""step"":0,""shops"":[]},{""step"":72,""shops"":[""YARN_STORE""]},{""step"":144,""shops"":[""YARN_STORE"",""BAKERY""]},{""step"":216,""shops"":[""YARN_STORE"",""BAKERY"",""ICE_CREAM_SHOP""]},{""step"":288,""shops"":[""YARN_STORE"",""BAKERY"",""ICE_CREAM_SHOP"",""BRUNCH_SPOT""]},{""step"":360,""shops"":[""YARN_STORE"",""BAKERY"",""ICE_CREAM_SHOP"",""BRUNCH_SPOT"",""PET_CAFE""]},{""step"":432,""shops"":[""YARN_STORE"",""BAKERY"",""ICE_CREAM_SHOP"",""BRUNCH_SPOT"",""PET_CAFE"",""BAKERY""]},{""step"":504,""shops"":[""YARN_STORE"",""BAKERY"",""ICE_CREAM_SHOP"",""BRUNCH_SPOT"",""PET_CAFE"",""BAKERY"",""BRUNCH_SPOT""]},{""step"":576,""shops"":[""YARN_STORE"",""BAKERY"",""ICE_CREAM_SHOP"",""BRUNCH_SPOT"",""PET_CAFE"",""BAKERY"",""BRUNCH_SPOT"",""FARMERS_MARKET""]}]",experiments/round10_public_learning_20260924/evaluations/herd_safe_confirmation/replays/herd_safe/order_book/seed_2026092406_seat_0.json.gz,15ab5c7255df93b796f99ead0fc2da867d27fdc413dadd76a62cc128d9e4f49f,b6553c296c556aff5b5e2d12b75618e505fa4d852afb5338414ac6d6e039cb02,a16e0e9b40c489972630a0b9d04f30e9c1cab03159fa78676db74277d84d82ab,0fe077cc65622d6f6828160d90b617595a4aa7ea188e4afc67bfee8e4d290c92,"{""players"":[{""sell_dead_units"":2225,""refused_buy_product"":1,""refused_buy_seed"":0,""refused_buy_animal"":0,""refused_hire"":0,""refused_buy_land"":0,""hire_paid"":5659,""sell_zero_fill"":24,""buy_zero_fill"":1,""sell_revenue"":103524.0,""total_spend"":29606.0,""shed_discarded_units"":34,""sold_units"":1550,""feed_no_wheat"":0,""feed_no_animal"":0,""feed_redundant"":0,""water_dead"":1,""harvest_dead"":4,""plant_dead"":0,""animals_escaped"":0,""escape_capital"":0.0,""escape_yield_units"":0,""escape_first_day"":-1,""animal_unfed_days"":78,""plants_dry"":1,""dry_seed_cost"":100.0,""dry_yield_units"":0,""dry_first_day"":21,""plant_unwatered_days"":385,""decay_units"":18,""plants_decayed"":18,""silent_loss_coins"":100.0,""silent_loss_units"":52,""dead_actions"":17,""move_dead"":0,""locked_dead"":0,""pickup_dead"":0,""drop_dead"":0,""place_dead"":1,""build_dead"":0,""dig_dead"":2,""fertilize_dead"":0,""collect_dead"":4,""care_dead"":5,""tile_cap_units"":9,""fertilizer_forgone"":14,""care_unfed"":74,""animal_shed_days"":0,""idle_tile_days"":62,""weed_tile_days"":3,""hand_pass_turns"":633,""farmer_pass_turns"":83,""phantom_hand_actions"":0,""sell_floor_units"":154,""hire_premium"":5377,""shed_units_now"":0,""shed_value_now"":0.0,""animals_in_shed_now"":0,""seeds_unplanted_now"":0,""seeds_unplanted_cost_now"":0.0},{""sell_dead_units"":1225,""refused_buy_product"":1,""refused_buy_seed"":0,""refused_buy_animal"":0,""refused_hire"":0,""refused_buy_land"":0,""hire_paid"":5659,""sell_zero_fill"":23,""buy_zero_fill"":1,""sell_revenue"":103870.0,""total_spend"":30122.0,""shed_discarded_units"":34,""sold_units"":1560,""feed_no_wheat"":0,""feed_no_animal"":0,""feed_redundant"":0,""water_dead"":1,""harvest_dead"":6,""plant_dead"":0,""animals_escaped"":0,""escape_capital"":0.0,""escape_yield_units"":0,""escape_first_day"":-1,""animal_unfed_days"":78,""plants_dry"":1,""dry_seed_cost"":100.0,""dry_yield_units"":0,""dry_first_day"":21,""plant_unwatered_days"":385,""decay_units"":18,""plants_decayed"":18,""silent_loss_coins"":100.0,""silent_loss_units"":52,""dead_actions"":20,""move_dead"":0,""locked_dead"":0,""pickup_dead"":0,""drop_dead"":0,""place_dead"":2,""build_dead"":0,""dig_dead"":2,""fertilize_dead"":0,""collect_dead"":4,""care_dead"":5,""tile_cap_units"":9,""fertilizer_forgone"":14,""care_unfed"":74,""animal_shed_days"":0,""idle_tile_days"":62,""weed_tile_days"":3,""hand_pass_turns"":632,""farmer_pass_turns"":83,""phantom_hand_actions"":0,""sell_floor_units"":152,""hire_premium"":5377,""shed_units_now"":0,""shed_value_now"":0.0,""animals_in_shed_now"":0,""seeds_unplanted_now"":8,""seeds_unplanted_cost_now"":160.0}]}",{},
herd_safe,B1_candidate,order_book,order_book,2026092406,1,76918.0,76748.0,170.0,W,kagsim,7.681735,0,0,0,0,0,0,0,0,123c15caaac8b39a3589302bb7e21c0d3bad74fd0808c6fc78b42c810fe61e15,"[{""step"":0,""shops"":[]},{""step"":72,""shops"":[""YARN_STORE""]},{""step"":144,""shops"":[""YARN_STORE"",""BAKERY""]},{""step"":216,""shops"":[""YARN_STORE"",""BAKERY"",""ICE_CREAM_SHOP""]},{""step"":288,""shops"":[""YARN_STORE"",""BAKERY"",""ICE_CREAM_SHOP"",""BRUNCH_SPOT""]},{""step"":360,""shops"":[""YARN_STORE"",""BAKERY"",""ICE_CREAM_SHOP"",""BRUNCH_SPOT"",""PET_CAFE""]},{""step"":432,""shops"":[""YARN_STORE"",""BAKERY"",""ICE_CREAM_SHOP"",""BRUNCH_SPOT"",""PET_CAFE"",""BAKERY""]},{""step"":504,""shops"":[""YARN_STORE"",""BAKERY"",""ICE_CREAM_SHOP"",""BRUNCH_SPOT"",""PET_CAFE"",""BAKERY"",""BRUNCH_SPOT""]},{""step"":576,""shops"":[""YARN_STORE"",""BAKERY"",""ICE_CREAM_SHOP"",""BRUNCH_SPOT"",""PET_CAFE"",""BAKERY"",""BRUNCH_SPOT"",""FARMERS_MARKET""]}]",experiments/round10_public_learning_20260924/evaluations/herd_safe_confirmation/replays/herd_safe/order_book/seed_2026092406_seat_1.json.gz,699d72f3bd8e55281ecf012c8bd6826545f11927db55d0853227a542f64c78b4,b6553c296c556aff5b5e2d12b75618e505fa4d852afb5338414ac6d6e039cb02,a16e0e9b40c489972630a0b9d04f30e9c1cab03159fa78676db74277d84d82ab,0fe077cc65622d6f6828160d90b617595a4aa7ea188e4afc67bfee8e4d290c92,"{""players"":[{""sell_dead_units"":1225,""refused_buy_product"":1,""refused_buy_seed"":0,""refused_buy_animal"":0,""refused_hire"":0,""refused_buy_land"":0,""hire_paid"":5659,""sell_zero_fill"":23,""buy_zero_fill"":1,""sell_revenue"":103870.0,""total_spend"":30122.0,""shed_discarded_units"":34,""sold_units"":1560,""feed_no_wheat"":0,""feed_no_animal"":0,""feed_redundant"":0,""water_dead"":1,""harvest_dead"":6,""plant_dead"":0,""animals_escaped"":0,""escape_capital"":0.0,""escape_yield_units"":0,""escape_first_day"":-1,""animal_unfed_days"":78,""plants_dry"":1,""dry_seed_cost"":100.0,""dry_yield_units"":0,""dry_first_day"":21,""plant_unwatered_days"":385,""decay_units"":18,""plants_decayed"":18,""silent_loss_coins"":100.0,""silent_loss_units"":52,""dead_actions"":20,""move_dead"":0,""locked_dead"":0,""pickup_dead"":0,""drop_dead"":0,""place_dead"":2,""build_dead"":0,""dig_dead"":2,""fertilize_dead"":0,""collect_dead"":4,""care_dead"":5,""tile_cap_units"":9,""fertilizer_forgone"":14,""care_unfed"":74,""animal_shed_days"":0,""idle_tile_days"":62,""weed_tile_days"":3,""hand_pass_turns"":632,""farmer_pass_turns"":83,""phantom_hand_actions"":0,""sell_floor_units"":152,""hire_premium"":5377,""shed_units_now"":0,""shed_value_now"":0.0,""animals_in_shed_now"":0,""seeds_unplanted_now"":8,""seeds_unplanted_cost_now"":160.0},{""sell_dead_units"":2225,""refused_buy_product"":1,""refused_buy_seed"":0,""refused_buy_animal"":0,""refused_hire"":0,""refused_buy_land"":0,""hire_paid"":5659,""sell_zero_fill"":24,""buy_zero_fill"":1,""sell_revenue"":103524.0,""total_spend"":29606.0,""shed_discarded_units"":34,""sold_units"":1550,""feed_no_wheat"":0,""feed_no_animal"":0,""feed_redundant"":0,""water_dead"":1,""harvest_dead"":4,""plant_dead"":0,""animals_escaped"":0,""escape_capital"":0.0,""escape_yield_units"":0,""escape_first_day"":-1,""animal_unfed_days"":78,""plants_dry"":1,""dry_seed_cost"":100.0,""dry_yield_units"":0,""dry_first_day"":21,""plant_unwatered_days"":385,""decay_units"":18,""plants_decayed"":18,""silent_loss_coins"":100.0,""silent_loss_units"":52,""dead_actions"":17,""move_dead"":0,""locked_dead"":0,""pickup_dead"":0,""drop_dead"":0,""place_dead"":1,""build_dead"":0,""dig_dead"":2,""fertilize_dead"":0,""collect_dead"":4,""care_dead"":5,""tile_cap_units"":9,""fertilizer_forgone"":14,""care_unfed"":74,""animal_shed_days"":0,""idle_tile_days"":62,""weed_tile_days"":3,""hand_pass_turns"":633,""farmer_pass_turns"":83,""phantom_hand_actions"":0,""sell_floor_units"":154,""hire_premium"":5377,""shed_units_now"":0,""shed_value_now"":0.0,""animals_in_shed_now"":0,""seeds_unplanted_now"":0,""seeds_unplanted_cost_now"":0.0}]}",{},
