episode_id,sid,opponent_submission,opponent_rating,result,margin,nearest_v124_units_samefraction,nearest_v124_units_episode,old_exact_first144_units_exists,opp_first_difference_units,opp_samefraction_units,opp_hash100_units,nearest_v124_market_samefraction,nearest_v124_market_episode,old_exact_first144_market_exists,opp_first_difference_market,opp_samefraction_market,opp_hash100_market,nearest_v124_all_samefraction,nearest_v124_all_episode,old_exact_first144_all_exists,opp_first_difference_all,opp_samefraction_all,opp_hash100_all,opp_same_units_prefix24,opp_same_market_prefix24,opp_same_units_prefix72,opp_same_market_prefix72,opp_same_units_prefix100,opp_same_market_prefix100,opp_same_units_prefix120,opp_same_market_prefix120,opp_same_units_prefix144,opp_same_market_prefix144,opp_same_units_prefix216,opp_same_market_prefix216,opp_same_units_prefix288,opp_same_market_prefix288,opp_portfolio_equal_all30days,opp_portfolio_equal_selected,margin_t72,portfolio_L1_t72,delta_COW_t72,delta_SHEEP_t72,delta_GOOSE_t72,delta_WHEAT_t72,delta_CARROT_t72,delta_TOMATO_t72,delta_STRAWBERRY_t72,delta_MELON_t72,margin_t144,portfolio_L1_t144,delta_COW_t144,delta_SHEEP_t144,delta_GOOSE_t144,delta_WHEAT_t144,delta_CARROT_t144,delta_TOMATO_t144,delta_STRAWBERRY_t144,delta_MELON_t144,margin_t216,portfolio_L1_t216,delta_COW_t216,delta_SHEEP_t216,delta_GOOSE_t216,delta_WHEAT_t216,delta_CARROT_t216,delta_TOMATO_t216,delta_STRAWBERRY_t216,delta_MELON_t216,margin_t288,portfolio_L1_t288,delta_COW_t288,delta_SHEEP_t288,delta_GOOSE_t288,delta_WHEAT_t288,delta_CARROT_t288,delta_TOMATO_t288,delta_STRAWBERRY_t288,delta_MELON_t288,margin_t360,portfolio_L1_t360,delta_COW_t360,delta_SHEEP_t360,delta_GOOSE_t360,delta_WHEAT_t360,delta_CARROT_t360,delta_TOMATO_t360,delta_STRAWBERRY_t360,delta_MELON_t360,margin_t432,portfolio_L1_t432,delta_COW_t432,delta_SHEEP_t432,delta_GOOSE_t432,delta_WHEAT_t432,delta_CARROT_t432,delta_TOMATO_t432,delta_STRAWBERRY_t432,delta_MELON_t432,margin_t480,portfolio_L1_t480,delta_COW_t480,delta_SHEEP_t480,delta_GOOSE_t480,delta_WHEAT_t480,delta_CARROT_t480,delta_TOMATO_t480,delta_STRAWBERRY_t480,delta_MELON_t480,margin_t504,portfolio_L1_t504,delta_COW_t504,delta_SHEEP_t504,delta_GOOSE_t504,delta_WHEAT_t504,delta_CARROT_t504,delta_TOMATO_t504,delta_STRAWBERRY_t504,delta_MELON_t504,margin_t576,portfolio_L1_t576,delta_COW_t576,delta_SHEEP_t576,delta_GOOSE_t576,delta_WHEAT_t576,delta_CARROT_t576,delta_TOMATO_t576,delta_STRAWBERRY_t576,delta_MELON_t576,margin_t648,portfolio_L1_t648,delta_COW_t648,delta_SHEEP_t648,delta_GOOSE_t648,delta_WHEAT_t648,delta_CARROT_t648,delta_TOMATO_t648,delta_STRAWBERRY_t648,delta_MELON_t648,margin_t696,portfolio_L1_t696,delta_COW_t696,delta_SHEEP_t696,delta_GOOSE_t696,delta_WHEAT_t696,delta_CARROT_t696,delta_TOMATO_t696,delta_STRAWBERRY_t696,delta_MELON_t696,margin_t719,portfolio_L1_t719,delta_COW_t719,delta_SHEEP_t719,delta_GOOSE_t719,delta_WHEAT_t719,delta_CARROT_t719,delta_TOMATO_t719,delta_STRAWBERRY_t719,delta_MELON_t719
111215310,56384917,56391698,1659.5518656011288,loss,-6694.0,0.96105702364395,110823403,True,187,0.6481223922114048,0xd46c10da5cc413d9,0.8581363004172462,110856620,True,0,0.5966620305980529,0x1de9b4ce9bfaf96f,0.8289290681502086,110856620,True,0,0.4812239221140473,0x56ba801cd5457b94,True,False,True,False,True,False,True,False,True,False,False,False,False,False,False,False,-23.0,0,0,0,0,0,0,0,0,0,5.0,0,0,0,0,0,0,0,0,0,-60.0,1,0,0,0,-1,0,0,0,0,-1458.0,0,0,0,0,0,0,0,0,0,-1169.0,0,0,0,0,0,0,0,0,0,-1186.0,0,0,0,0,0,0,0,0,0,-2184.0,0,0,0,0,0,0,0,0,0,-2161.0,2,0,0,0,1,-1,0,0,0,-2790.0,34,0,0,0,17,-17,0,0,0,-4435.0,5,0,0,1,2,-2,0,0,0,-5661.0,17,0,0,1,8,-8,0,0,0,-6694.0,1,0,0,1,0,0,0,0,0
111208123,56384917,56249664,1579.4097980833496,win,15313.0,1.0,110856362,True,18,0.7204450625869263,0x8159ad71b9c5cb8,0.885952712100139,110856362,True,0,0.7343532684283728,0xf993e6b9b0ae9196,0.885952712100139,110856362,True,0,0.5632823365785814,0xcb9642d53e1047ba,False,False,False,False,False,False,False,False,False,False,False,False,False,False,False,False,-59.0,1,0,0,0,0,0,0,0,1,-59.0,1,0,0,0,0,0,0,0,1,-59.0,1,0,0,0,0,0,0,0,1,1196.0,0,0,0,0,0,0,0,0,0,443.0,10,0,0,0,5,-5,0,0,0,2287.0,0,0,0,0,0,0,0,0,0,4939.0,0,0,0,0,0,0,0,0,0,5852.0,0,0,0,0,0,0,0,0,0,8640.0,6,0,0,0,3,-3,0,0,0,11779.0,0,0,0,0,0,0,0,0,0,11494.0,0,0,0,0,0,0,0,0,0,15313.0,0,0,0,0,0,0,0,0,0
111206959,56384917,56140646,1555.124556398968,win,773.0,0.9944367176634215,110837769,True,152,0.6842837273991655,0xd46c10da5cc413d9,0.9318497913769124,110837769,True,0,0.6091794158553546,0x9d194d926d174a3e,0.9276773296244785,110837769,True,0,0.47705146036161333,0xc9076897c6a9ab40,True,False,True,False,True,False,True,False,True,False,False,False,False,False,False,False,-10.0,0,0,0,0,0,0,0,0,0,20.0,0,0,0,0,0,0,0,0,0,-12.0,1,0,0,0,1,0,0,0,0,-218.0,0,0,0,0,0,0,0,0,0,-229.0,0,0,0,0,0,0,0,0,0,110.0,0,0,0,0,0,0,0,0,0,-369.0,0,0,0,0,0,0,0,0,0,-856.0,0,0,0,0,0,0,0,0,0,59.0,0,0,0,0,0,0,0,0,0,-430.0,0,0,0,0,0,0,0,0,0,-231.0,0,0,0,0,0,0,0,0,0,773.0,0,0,0,0,0,0,0,0,0
111205847,56384917,56361303,1559.2817901259095,loss,-10983.0,0.9860917941585535,110881767,True,1,0.004172461752433936,0x38b1296f42628b77,0.9916550764951322,110881767,True,0,0.2517385257301808,0x6996f80dead705b3,0.9791376912378303,110881767,True,0,0.0,0xcd31d1b19714f5f9,False,False,False,False,False,False,False,False,False,False,False,False,False,False,False,False,158.0,5,1,-1,0,1,0,0,-2,0,29.0,10,2,-1,0,3,0,0,-4,0,313.0,17,2,-5,0,-2,0,-1,7,0,8150.0,31,0,-5,0,-7,0,-2,15,-2,-2944.0,16,0,-5,0,1,0,-2,8,0,-4576.0,20,0,-5,0,7,0,-3,5,0,-7104.0,22,0,-5,0,6,0,-3,8,0,-6965.0,20,0,-5,0,-1,0,-2,12,0,-7274.0,13,0,-3,0,4,0,-2,4,0,-8433.0,40,0,-2,0,-12,23,-2,-1,0,-11806.0,23,0,2,0,2,6,-2,-11,0,-10983.0,12,0,2,0,-1,0,-1,-8,0
111204739,56384917,56166340,1517.5986047882373,win,1375.0,0.9930458970792768,110847763,True,186,0.6842837273991655,0xd46c10da5cc413d9,0.9874826147426982,110847763,True,0,0.6091794158553546,0xeb6f1a73c2b2a743,0.980528511821975,110847763,True,0,0.5076495132127955,0x67871f0077224920,True,False,True,False,True,False,True,False,True,False,False,False,False,False,False,False,-10.0,0,0,0,0,0,0,0,0,0,20.0,0,0,0,0,0,0,0,0,0,20.0,0,0,0,0,0,0,0,0,0,925.0,2,1,-1,0,0,0,0,0,0,1444.0,2,1,-1,0,0,0,0,0,0,654.0,2,1,-1,0,0,0,0,0,0,1693.0,2,1,-1,0,0,0,0,0,0,2180.0,2,1,-1,0,0,0,0,0,0,650.0,12,1,-1,0,-5,5,0,0,0,248.0,7,1,-1,-1,-2,2,0,0,0,2543.0,21,1,-1,-1,-9,9,0,0,0,1375.0,3,1,-1,-1,0,0,0,0,0
111203616,56384917,56248129,1606.2457991971964,loss,-28406.0,0.7746870653685675,110853291,True,152,0.47705146036161333,0xd46c10da5cc413d9,0.8372739916550765,111007532,True,0,0.5966620305980529,0x72ebab40cb718a44,0.6912378303198887,110853291,True,0,0.37552155771905427,0x327f5f2065edd7ac,True,False,True,False,True,False,True,False,True,False,False,False,False,False,False,False,4.0,0,0,0,0,0,0,0,0,0,33.0,0,0,0,0,0,0,0,0,0,106.0,5,-2,2,0,-1,0,0,0,0,-12280.0,22,-4,-1,-3,-5,0,0,-1,8,-14658.0,12,-4,-1,-3,-2,0,0,-2,0,-21262.0,12,-4,-1,-3,-2,0,0,-2,0,-23466.0,11,-4,-1,-3,0,0,0,-3,0,-25273.0,11,-4,-1,-3,0,0,0,-3,0,-27974.0,9,-4,-1,-3,0,0,0,-1,0,-29970.0,8,-4,-1,-3,0,0,0,0,0,-31834.0,8,-4,-1,-3,0,0,0,0,0,-28406.0,8,-4,-1,-3,0,0,0,0,0
111202491,56384917,56188200,1459.747112357417,win,7164.0,0.9791376912378303,110881767,True,70,0.40751043115438107,0x6000d97688d43c33,0.9401947148817803,110869619,True,0,0.6815020862308763,0x921060b4107731c4,0.9012517385257302,110869619,True,0,0.3157162726008345,0x492208fa55aecd35,True,False,False,False,False,False,False,False,False,False,False,False,False,False,False,False,-10.0,0,0,0,0,0,0,0,0,0,20.0,0,0,0,0,0,0,0,0,0,-41.0,0,0,0,0,0,0,0,0,0,1908.0,1,0,-1,0,0,0,0,0,0,1366.0,1,0,-1,0,0,0,0,0,0,2000.0,1,0,-1,0,0,0,0,0,0,2007.0,1,0,-1,0,0,0,0,0,0,1096.0,1,0,-1,0,0,0,0,0,0,1845.0,1,0,-1,0,0,0,0,0,0,3019.0,1,0,-1,0,0,0,0,0,0,5371.0,1,0,-1,0,0,0,0,0,0,7164.0,1,0,-1,0,0,0,0,0,0
111201362,56384917,56157551,1570.2375980708468,win,2297.0,0.9958275382475661,110856620,True,152,0.9791376912378303,0xd46c10da5cc413d9,0.874826147426982,110883974,True,0,0.7162726008344924,0xeb6f1a73c2b2a743,0.8581363004172462,110883974,True,0,0.7093184979137691,0x67871f0077224920,True,False,True,False,True,False,True,False,True,False,False,False,False,False,True,True,-10.0,0,0,0,0,0,0,0,0,0,20.0,0,0,0,0,0,0,0,0,0,-7.0,0,0,0,0,0,0,0,0,0,-11.0,0,0,0,0,0,0,0,0,0,-706.0,0,0,0,0,0,0,0,0,0,493.0,0,0,0,0,0,0,0,0,0,-677.0,0,0,0,0,0,0,0,0,0,459.0,0,0,0,0,0,0,0,0,0,1137.0,0,0,0,0,0,0,0,0,0,649.0,0,0,0,0,0,0,0,0,0,3303.0,0,0,0,0,0,0,0,0,0,2297.0,0,0,0,0,0,0,0,0,0
111200251,56384917,56142249,1566.874053813492,loss,-3121.0,0.9972183588317107,110850849,True,144,0.41585535465924894,0xd46c10da5cc413d9,0.9388038942976356,110850849,True,0,0.5312934631432545,0xeb6f1a73c2b2a743,0.9360222531293463,110850849,True,0,0.2767732962447844,0x67871f0077224920,True,False,True,False,True,False,True,False,True,False,False,False,False,False,False,False,-10.0,0,0,0,0,0,0,0,0,0,19.0,0,0,0,0,0,0,0,0,0,57.0,1,0,0,0,-1,0,0,0,0,-750.0,4,0,-1,0,-2,0,0,-1,0,416.0,2,0,-1,0,0,0,0,-1,0,-1964.0,2,0,-1,0,0,0,0,-1,0,-2106.0,2,0,-1,0,0,0,0,-1,0,-3361.0,2,0,-1,0,0,0,0,-1,0,-2218.0,2,0,-1,0,0,0,0,-1,0,-2226.0,7,0,-1,0,-3,3,0,0,0,-4942.0,3,0,-1,0,1,-1,0,0,0,-3121.0,1,0,-1,0,0,0,0,0,0
111199130,56384917,56376374,1531.2721390534662,loss,-15967.0,0.9499304589707928,110814566,True,1,0.0027816411682892906,0x4589a790f4ab055c,0.9221140472878998,110814566,True,0,0.2753824756606398,0x7d6413b9f1f9ada6,0.8887343532684284,110814566,True,0,0.0,0xafb08891cee9b4b9,False,False,False,False,False,False,False,False,False,False,False,False,False,False,False,False,170.0,5,1,-1,0,1,0,0,-2,0,21.0,10,2,-1,0,3,0,0,-4,0,173.0,11,2,-4,0,3,0,0,-2,0,6499.0,22,1,-6,0,-3,0,0,10,-2,-3666.0,17,1,-6,0,0,0,0,10,0,-5038.0,32,1,-6,0,9,0,-6,10,0,-12357.0,40,1,-6,0,9,0,-9,15,0,-12446.0,38,1,-6,0,5,0,-9,17,0,-13947.0,36,1,-5,0,5,0,-9,16,0,-17086.0,65,1,-1,0,-17,25,-9,12,0,-21335.0,33,1,3,0,-10,13,-6,0,0,-15967.0,7,1,3,0,0,0,-3,0,0
111197979,56384917,56332387,1691.7440926270783,loss,-1409.0,0.9916550764951322,110870709,True,152,0.7593880389429764,0xd46c10da5cc413d9,0.9485396383866481,110870709,True,0,0.5785813630041725,0xd5ea2fa3195b6ab1,0.9443671766342142,110870709,True,0,0.4965229485396384,0xc356e84257436756,True,False,True,False,True,False,True,False,True,False,False,False,False,False,True,True,-8.0,0,0,0,0,0,0,0,0,0,22.0,0,0,0,0,0,0,0,0,0,-5.0,0,0,0,0,0,0,0,0,0,-284.0,0,0,0,0,0,0,0,0,0,140.0,0,0,0,0,0,0,0,0,0,-730.0,0,0,0,0,0,0,0,0,0,-1180.0,0,0,0,0,0,0,0,0,0,-1124.0,0,0,0,0,0,0,0,0,0,-391.0,0,0,0,0,0,0,0,0,0,-1047.0,0,0,0,0,0,0,0,0,0,-990.0,0,0,0,0,0,0,0,0,0,-1409.0,0,0,0,0,0,0,0,0,0
111196373,56384917,56390378,1602.3057233582851,loss,-6193.0,0.9860917941585535,110887270,True,152,0.6898470097357441,0xd46c10da5cc413d9,0.8122392211404729,111055792,True,0,0.5465924895688457,0x1de9b4ce9bfaf96f,0.7732962447844228,110887270,True,0,0.45897079276773295,0x56ba801cd5457b94,True,False,True,False,True,False,True,False,True,False,False,False,False,False,False,False,-23.0,0,0,0,0,0,0,0,0,0,5.0,0,0,0,0,0,0,0,0,0,-213.0,0,0,0,0,0,0,0,0,0,-822.0,6,0,-3,3,0,0,0,0,0,-716.0,6,0,-3,3,0,0,0,0,0,-3690.0,6,0,-3,3,0,0,0,0,0,-2953.0,6,0,-3,3,0,0,0,0,0,-4246.0,6,0,-3,3,0,0,0,0,0,-4457.0,6,0,-3,3,0,0,0,0,0,-5448.0,6,0,-3,3,0,0,0,0,0,-8641.0,6,0,-3,3,0,0,0,0,0,-6193.0,6,0,-3,3,0,0,0,0,0
111196878,56384917,56184778,1609.0711537052557,loss,-41578.0,0.7927677329624478,110826721,True,144,0.2698191933240612,0xd46c10da5cc413d9,0.799721835883171,110826721,True,0,0.5382475660639777,0xeb6f1a73c2b2a743,0.6968011126564673,110826721,True,0,0.21974965229485396,0x67871f0077224920,True,False,True,False,True,False,True,False,True,False,False,False,False,False,False,False,-10.0,0,0,0,0,0,0,0,0,0,19.0,0,0,0,0,0,0,0,0,0,-365.0,1,0,0,0,-1,0,0,0,0,-13125.0,22,-2,-6,0,-5,0,0,-1,8,-12589.0,11,-2,-6,0,-1,0,0,-2,0,-25971.0,11,-2,-6,0,-1,0,0,-2,0,-28594.0,10,-2,-6,0,0,0,0,-2,0,-32236.0,10,-2,-6,0,0,0,0,-2,0,-36745.0,8,-2,-6,0,0,0,0,0,0,-40134.0,14,-2,-6,0,-3,3,0,0,0,-42521.0,10,-2,-6,0,1,-1,0,0,0,-41578.0,8,-2,-6,0,0,0,0,0,0
111196171,56384917,56304214,1574.0760331545416,win,3470.0,0.9833101529902643,110981978,True,2,0.5674547983310153,0x5f788403407dafa7,0.9304589707927677,110981978,True,0,0.5563282336578581,0x3e344a6860afe0a4,0.9165507649513213,110981978,True,0,0.40751043115438107,0x57acc78ec70f8757,False,False,False,False,False,False,False,False,False,False,False,False,False,False,False,False,1.0,0,0,0,0,0,0,0,0,0,1.0,0,0,0,0,0,0,0,0,0,-170.0,0,0,0,0,0,0,0,0,0,-957.0,0,0,0,0,0,0,0,0,0,-1056.0,0,0,0,0,0,0,0,0,0,-650.0,0,0,0,0,0,0,0,0,0,-5770.0,10,0,0,0,0,0,10,0,0,-5744.0,10,0,0,0,0,0,10,0,0,-6093.0,10,0,0,0,0,0,10,0,0,-3578.0,10,0,0,0,0,0,10,0,0,1141.0,10,0,0,0,0,0,10,0,0,3470.0,10,0,0,0,0,0,10,0,0
111194645,56384917,56159339,1613.996296059514,loss,-4409.0,0.9735744089012517,110832243,True,144,0.3949930458970793,0xd46c10da5cc413d9,0.9694019471488178,110873211,True,0,0.5354659248956884,0xeb6f1a73c2b2a743,0.9429763560500696,110873211,True,0,0.2614742698191933,0x67871f0077224920,True,False,True,False,True,False,True,False,True,False,False,False,False,False,False,False,-10.0,0,0,0,0,0,0,0,0,0,19.0,0,0,0,0,0,0,0,0,0,-222.0,0,0,0,0,0,0,0,0,0,428.0,1,0,-1,0,0,0,0,0,0,1613.0,1,0,-1,0,0,0,0,0,0,-755.0,1,0,-1,0,0,0,0,0,0,-2892.0,1,0,-1,0,0,0,0,0,0,-5378.0,1,0,-1,0,0,0,0,0,0,-4766.0,1,0,-1,0,0,0,0,0,0,-6104.0,7,0,-1,0,-3,3,0,0,0,-4002.0,3,0,-1,0,1,-1,0,0,0,-4409.0,1,0,-1,0,0,0,0,0,0
111193529,56384917,56373325,1548.0443097403522,win,6830.0,0.9443671766342142,110859930,True,144,0.2809457579972184,0xd46c10da5cc413d9,0.9401947148817803,110859930,True,0,0.4728789986091794,0x75b9b38715da8ce6,0.9109874826147427,110859930,True,0,0.2086230876216968,0x51e4a316fc380abf,True,False,True,False,True,False,True,False,True,False,False,False,False,False,False,False,-23.0,0,0,0,0,0,0,0,0,0,5.0,0,0,0,0,0,0,0,0,0,-348.0,0,0,0,0,0,0,0,0,0,70.0,1,0,-1,0,0,0,0,0,0,-2018.0,2,-1,-1,0,0,0,0,0,0,-3551.0,2,-1,-1,0,0,0,0,0,0,-3775.0,2,-1,-1,0,0,0,0,0,0,-4273.0,2,-1,-1,0,0,0,0,0,0,-5690.0,23,-1,-1,0,11,-10,0,0,0,-433.0,14,-1,1,0,7,5,0,0,0,950.0,21,-1,5,0,8,-7,0,0,0,6830.0,10,-1,5,0,-1,-3,0,0,0
111192415,56384917,56162127,1582.5604254615032,loss,-816.0,0.9930458970792768,110880139,True,719,1.0,0xd46c10da5cc413d9,0.8414464534075105,110843156,True,0,0.7496522948539638,0xeb6f1a73c2b2a743,0.8261474269819193,110843156,True,0,0.7496522948539638,0x67871f0077224920,True,False,True,False,True,False,True,False,True,False,True,False,True,False,True,True,-10.0,0,0,0,0,0,0,0,0,0,20.0,0,0,0,0,0,0,0,0,0,17.0,0,0,0,0,0,0,0,0,0,17.0,0,0,0,0,0,0,0,0,0,882.0,0,0,0,0,0,0,0,0,0,-11.0,0,0,0,0,0,0,0,0,0,-124.0,0,0,0,0,0,0,0,0,0,45.0,0,0,0,0,0,0,0,0,0,-65.0,0,0,0,0,0,0,0,0,0,791.0,0,0,0,0,0,0,0,0,0,-205.0,0,0,0,0,0,0,0,0,0,-816.0,0,0,0,0,0,0,0,0,0
111191297,56384917,56182973,1626.6022193927745,loss,-3431.0,0.980528511821975,110880139,True,91,0.7426981919332406,0x70d0f260077fd86b,0.9471488178025035,110810180,True,0,0.7454798331015299,0xeb6f1a73c2b2a743,0.9360222531293463,110810180,True,0,0.5869262865090403,0xd9253a5bcb00c10a,True,False,True,False,False,False,False,False,False,False,False,False,False,False,False,False,-10.0,0,0,0,0,0,0,0,0,0,20.0,0,0,0,0,0,0,0,0,0,20.0,1,0,0,0,-1,0,0,0,0,-360.0,2,1,-1,0,0,0,0,0,0,-654.0,2,1,-1,0,0,0,0,0,0,-329.0,2,1,-1,0,0,0,0,0,0,-74.0,2,1,-1,0,0,0,0,0,0,-50.0,2,1,-1,0,0,0,0,0,0,439.0,16,1,-1,0,7,-7,0,0,0,-230.0,2,1,-1,0,0,0,0,0,0,-2560.0,2,1,1,0,0,0,0,0,0,-3431.0,2,1,1,0,0,0,0,0,0
111190173,56384917,56165057,1574.4788220014016,win,12552.0,0.9680111265646731,110889465,True,152,0.7510431154381085,0xd46c10da5cc413d9,0.8998609179415855,110904914,True,0,0.6230876216968011,0xeb6f1a73c2b2a743,0.885952712100139,110904914,True,0,0.5201668984700973,0x67871f0077224920,True,False,True,False,True,False,True,False,True,False,False,False,False,False,True,True,-10.0,0,0,0,0,0,0,0,0,0,20.0,0,0,0,0,0,0,0,0,0,-125.0,0,0,0,0,0,0,0,0,0,-788.0,0,0,0,0,0,0,0,0,0,-1021.0,0,0,0,0,0,0,0,0,0,1514.0,0,0,0,0,0,0,0,0,0,3706.0,0,0,0,0,0,0,0,0,0,4145.0,0,0,0,0,0,0,0,0,0,5829.0,0,0,0,0,0,0,0,0,0,7939.0,0,0,0,0,0,0,0,0,0,4543.0,0,0,0,0,0,0,0,0,0,12552.0,0,0,0,0,0,0,0,0,0
111189071,56384917,56282222,1601.4515167828142,loss,-1780.0,1.0,110981978,True,186,0.9930458970792768,0xd46c10da5cc413d9,0.9791376912378303,110981978,True,0,0.8358831710709318,0xeb6f1a73c2b2a743,0.9791376912378303,110981978,True,0,0.8289290681502086,0x67871f0077224920,True,False,True,False,True,False,True,False,True,False,False,False,False,False,True,True,-10.0,0,0,0,0,0,0,0,0,0,20.0,0,0,0,0,0,0,0,0,0,27.0,0,0,0,0,0,0,0,0,0,27.0,0,0,0,0,0,0,0,0,0,90.0,0,0,0,0,0,0,0,0,0,-50.0,0,0,0,0,0,0,0,0,0,-188.0,0,0,0,0,0,0,0,0,0,-349.0,0,0,0,0,0,0,0,0,0,-796.0,0,0,0,0,0,0,0,0,0,-1734.0,0,0,0,0,0,0,0,0,0,-1768.0,0,0,0,0,0,0,0,0,0,-1780.0,0,0,0,0,0,0,0,0,0
111187945,56384917,56238058,1592.1758281399173,win,1817.0,0.9930458970792768,110880139,True,712,0.9902642559109874,0xd46c10da5cc413d9,0.8817802503477051,110864082,True,0,0.7454798331015299,0x5d130236ca07be89,0.866481223922114,110864082,True,0,0.7454798331015299,0xc7c26679c8edb8ea,True,False,True,False,True,False,True,False,True,False,True,False,True,False,False,False,-8.0,0,0,0,0,0,0,0,0,0,22.0,0,0,0,0,0,0,0,0,0,22.0,1,0,0,0,0,0,0,1,0,16.0,1,0,0,0,0,0,0,1,0,-165.0,1,0,0,0,0,0,0,1,0,108.0,1,0,0,0,0,0,0,1,0,610.0,1,0,0,0,0,0,0,1,0,110.0,1,0,0,0,0,0,0,1,0,1365.0,0,0,0,0,0,0,0,0,0,561.0,0,0,0,0,0,0,0,0,0,1470.0,0,0,0,0,0,0,0,0,0,1817.0,0,0,0,0,0,0,0,0,0
111186840,56384917,56168161,1592.8749245144404,win,2950.0,0.9833101529902643,110878430,True,217,0.8595271210013908,0xd46c10da5cc413d9,0.9193324061196105,110827826,True,0,0.7273991655076495,0xeb6f1a73c2b2a743,0.9123783031988874,110878430,True,0,0.6717663421418637,0x67871f0077224920,True,False,True,False,True,False,True,False,True,False,True,False,False,False,True,True,-10.0,0,0,0,0,0,0,0,0,0,20.0,0,0,0,0,0,0,0,0,0,22.0,0,0,0,0,0,0,0,0,0,-175.0,0,0,0,0,0,0,0,0,0,-281.0,0,0,0,0,0,0,0,0,0,-109.0,0,0,0,0,0,0,0,0,0,323.0,0,0,0,0,0,0,0,0,0,207.0,0,0,0,0,0,0,0,0,0,359.0,0,0,0,0,0,0,0,0,0,1645.0,0,0,0,0,0,0,0,0,0,2634.0,0,0,0,0,0,0,0,0,0,2950.0,0,0,0,0,0,0,0,0,0
111185739,56384917,56159331,1595.7394610113304,loss,-2954.0,0.9902642559109874,110823403,True,173,0.7190542420027817,0xd46c10da5cc413d9,0.7760778859527121,110834461,True,0,0.7093184979137691,0xc1d7bf8eb1eb9892,0.7677329624478443,110823403,True,0,0.5632823365785814,0x9b2b722c65f57ff4,True,False,True,False,True,False,True,False,True,False,False,False,False,False,False,False,-10.0,0,0,0,0,0,0,0,0,0,19.0,0,0,0,0,0,0,0,0,0,-78.0,0,0,0,0,0,0,0,0,0,-1050.0,0,0,0,0,0,0,0,0,0,-1927.0,0,0,0,0,0,0,0,0,0,-1350.0,0,0,0,0,0,0,0,0,0,2626.0,10,0,0,0,0,0,-10,0,0,2621.0,10,0,0,0,0,0,-10,0,0,3179.0,10,0,0,0,0,0,-10,0,0,1492.0,10,0,0,0,0,0,-10,0,0,2023.0,10,0,0,0,0,0,-10,0,0,-2954.0,10,0,0,0,0,0,-10,0,0
111184614,56384917,56258472,1645.4845077758011,loss,-3175.0,0.9874826147426982,110877591,True,152,0.7593880389429764,0xd46c10da5cc413d9,0.9151599443671766,110885069,True,0,0.7148817802503477,0xb6121975680a2445,0.9040333796940194,110885069,True,0,0.5910987482614742,0x2ff9d7885969c8b,True,False,True,False,True,False,True,False,True,False,False,False,False,False,True,True,-8.0,0,0,0,0,0,0,0,0,0,22.0,0,0,0,0,0,0,0,0,0,-8.0,0,0,0,0,0,0,0,0,0,-206.0,0,0,0,0,0,0,0,0,0,-447.0,0,0,0,0,0,0,0,0,0,-401.0,0,0,0,0,0,0,0,0,0,-62.0,0,0,0,0,0,0,0,0,0,59.0,0,0,0,0,0,0,0,0,0,283.0,0,0,0,0,0,0,0,0,0,-6449.0,0,0,0,0,0,0,0,0,0,-7131.0,0,0,0,0,0,0,0,0,0,-3175.0,0,0,0,0,0,0,0,0,0
111183504,56384917,56282222,1596.7046920280811,loss,-215.0,0.9972183588317107,110832243,True,683,0.9958275382475661,0xd46c10da5cc413d9,0.9777468706536857,110832243,True,0,0.7885952712100139,0xeb6f1a73c2b2a743,0.9749652294853964,110832243,True,0,0.7885952712100139,0x67871f0077224920,True,False,True,False,True,False,True,False,True,False,True,False,True,False,True,True,-10.0,0,0,0,0,0,0,0,0,0,20.0,0,0,0,0,0,0,0,0,0,30.0,0,0,0,0,0,0,0,0,0,30.0,0,0,0,0,0,0,0,0,0,125.0,0,0,0,0,0,0,0,0,0,150.0,0,0,0,0,0,0,0,0,0,250.0,0,0,0,0,0,0,0,0,0,-326.0,0,0,0,0,0,0,0,0,0,-812.0,0,0,0,0,0,0,0,0,0,-1492.0,0,0,0,0,0,0,0,0,0,-786.0,0,0,0,0,0,0,0,0,0,-215.0,0,0,0,0,0,0,0,0,0
111182387,56384917,56300869,1582.933012271418,win,4264.0,0.9735744089012517,110827826,True,2,0.8025034770514604,0x5f788403407dafa7,0.8831710709318498,110827826,True,0,0.5855354659248957,0x3e344a6860afe0a4,0.8678720445062587,110827826,True,0,0.5299026425591099,0x57acc78ec70f8757,False,False,False,False,False,False,False,False,False,False,False,False,False,False,True,True,1.0,0,0,0,0,0,0,0,0,0,1.0,0,0,0,0,0,0,0,0,0,-227.0,0,0,0,0,0,0,0,0,0,-406.0,0,0,0,0,0,0,0,0,0,301.0,0,0,0,0,0,0,0,0,0,1022.0,0,0,0,0,0,0,0,0,0,1066.0,0,0,0,0,0,0,0,0,0,1312.0,0,0,0,0,0,0,0,0,0,1690.0,0,0,0,0,0,0,0,0,0,2326.0,0,0,0,0,0,0,0,0,0,4477.0,0,0,0,0,0,0,0,0,0,4264.0,0,0,0,0,0,0,0,0,0
111181280,56384917,56189471,1693.90941017669,loss,-9385.0,0.9485396383866481,110862981,True,152,0.6175243393602226,0xd46c10da5cc413d9,0.8873435326842837,110862981,True,0,0.6578581363004172,0xb6121975680a2445,0.8539638386648123,110862981,True,0,0.5146036161335188,0x2ff9d7885969c8b,True,False,True,False,True,False,True,False,True,False,False,False,False,False,False,False,-8.0,0,0,0,0,0,0,0,0,0,22.0,0,0,0,0,0,0,0,0,0,-126.0,0,0,0,0,0,0,0,0,0,-126.0,0,0,0,0,0,0,0,0,0,-126.0,0,0,0,0,0,0,0,0,0,1240.0,0,0,0,0,0,0,0,0,0,5357.0,10,0,0,0,0,0,-10,0,0,5530.0,10,0,0,0,0,0,-10,0,0,6206.0,10,0,0,0,0,0,-10,0,0,2766.0,68,0,0,0,29,-29,-10,0,0,-6672.0,30,0,0,0,10,-10,-10,0,0,-9385.0,10,0,0,0,0,0,-10,0,0
111180189,56384917,56143061,1647.149301724182,loss,-4820.0,0.8400556328233658,110836675,True,2,0.27399165507649514,0x41a4c8495dca03f2,0.8720445062586927,110832243,True,0,0.41863699582753827,0x2685e8ba9701a0ce,0.7524339360222532,110836675,True,0,0.14186369958275383,0xde2b635511759dbf,False,False,False,False,False,False,False,False,False,False,False,False,False,False,False,False,12.0,0,0,0,0,0,0,0,0,0,10.0,0,0,0,0,0,0,0,0,0,58.0,4,2,-2,0,0,0,0,0,0,1651.0,5,2,-2,-1,0,0,0,0,0,-988.0,5,2,-2,-1,0,0,0,0,0,2080.0,5,2,-2,-1,0,0,0,0,0,1401.0,5,2,-2,-1,0,0,0,0,0,871.0,5,2,-2,-1,0,0,0,0,0,-5012.0,5,2,-2,-1,0,0,0,0,0,-5451.0,5,2,-2,-1,0,0,0,0,0,-5500.0,5,2,-2,-1,0,0,0,0,0,-4820.0,5,2,-2,-1,0,0,0,0,0
111179061,56384917,56203741,1632.4358723323862,win,1224.0,0.9735744089012517,110854151,True,170,0.8567454798331016,0xd46c10da5cc413d9,0.8887343532684284,110865488,True,0,0.7079276773296245,0xb6121975680a2445,0.8595271210013908,110865488,True,0,0.6342141863699583,0x2ff9d7885969c8b,True,False,True,False,True,False,True,False,True,False,False,False,False,False,False,False,-8.0,0,0,0,0,0,0,0,0,0,21.0,0,0,0,0,0,0,0,0,0,-243.0,4,-2,2,0,0,0,0,0,0,-896.0,4,-2,2,0,0,0,0,0,0,-1677.0,4,-2,2,0,0,0,0,0,0,-1101.0,4,-2,2,0,0,0,0,0,0,469.0,4,-2,2,0,0,0,0,0,0,2014.0,4,-2,2,0,0,0,0,0,0,1139.0,4,-2,2,0,0,0,0,0,0,-413.0,4,-2,2,0,0,0,0,0,0,-549.0,4,-2,2,0,0,0,0,0,0,1224.0,4,-2,2,0,0,0,0,0,0
111178246,56384917,56111307,1449.404912258083,win,4029.0,0.9582753824756607,110834461,True,70,0.8998609179415855,0x6000d97688d43c33,0.8901251738525731,110904914,True,0,0.6606397774687065,0x921060b4107731c4,0.8511821974965229,110904914,True,0,0.6175243393602226,0x492208fa55aecd35,True,False,False,False,False,False,False,False,False,False,False,False,False,False,False,False,-10.0,0,0,0,0,0,0,0,0,0,21.0,0,0,0,0,0,0,0,0,0,21.0,1,0,0,0,-1,0,0,0,0,140.0,0,0,0,0,0,0,0,0,0,646.0,0,0,0,0,0,0,0,0,0,1415.0,0,0,0,0,0,0,0,0,0,1354.0,0,0,0,0,0,0,0,0,0,1788.0,0,0,0,0,0,0,0,0,0,2107.0,0,0,0,0,0,0,0,0,0,2953.0,0,0,0,0,0,0,0,0,0,3703.0,0,0,0,0,0,0,0,0,0,4029.0,0,0,0,0,0,0,0,0,0
111177947,56384917,56188337,1591.8662876425594,win,6303.0,0.9916550764951322,110847763,True,2,0.6522948539638387,0x5f788403407dafa7,0.9944367176634215,110851086,True,0,0.6328233657858137,0xd02433aca9d10cdf,0.9847009735744089,110851086,True,0,0.4909596662030598,0xf3816a702db8a556,False,False,False,False,False,False,False,False,False,False,False,False,False,False,False,False,1.0,0,0,0,0,0,0,0,0,0,2.0,0,0,0,0,0,0,0,0,0,-92.0,0,0,0,0,0,0,0,0,0,861.0,2,1,-1,0,0,0,0,0,0,1353.0,2,1,-1,0,0,0,0,0,0,441.0,2,1,-1,0,0,0,0,0,0,1134.0,2,1,-1,0,0,0,0,0,0,1982.0,2,1,-1,0,0,0,0,0,0,2604.0,12,1,-1,0,-5,5,0,0,0,3693.0,7,1,-1,-1,-2,2,0,0,0,6349.0,21,1,-1,-1,-9,9,0,0,0,6303.0,3,1,-1,-1,0,0,0,0,0
111176827,56384917,56386470,1584.8963005097726,loss,-12305.0,0.9972183588317107,110862152,True,151,0.627260083449235,0xd46c10da5cc413d9,0.9888734353268428,110862152,True,0,0.5855354659248957,0x1de9b4ce9bfaf96f,0.9860917941585535,110862152,True,0,0.46453407510431155,0x56ba801cd5457b94,True,False,True,False,True,False,True,False,True,False,False,False,False,False,False,False,-23.0,0,0,0,0,0,0,0,0,0,7.0,0,0,0,0,0,0,0,0,0,-311.0,4,2,0,-2,0,0,0,0,0,-1564.0,4,2,0,-2,0,0,0,0,0,-1530.0,4,2,0,-2,0,0,0,0,0,-1637.0,4,2,0,-2,0,0,0,0,0,-1658.0,6,2,0,-2,1,-1,0,0,0,-2479.0,8,2,0,-2,2,-2,0,0,0,-4340.0,38,2,0,-2,17,-17,0,0,0,-7990.0,7,2,0,-1,2,-2,0,0,0,-10890.0,13,2,0,-1,5,-5,0,0,0,-12305.0,3,2,0,-1,0,0,0,0,0
111175700,56384917,56178498,1591.522000828363,win,7676.0,0.894297635605007,110933372,True,152,0.3337969401947149,0xd46c10da5cc413d9,0.8845618915159944,110933372,True,0,0.5187760778859527,0xb6121975680a2445,0.847009735744089,110933372,True,0,0.2698191933240612,0x2ff9d7885969c8b,True,False,True,False,True,False,True,False,True,False,False,False,False,False,False,False,-8.0,0,0,0,0,0,0,0,0,0,21.0,0,0,0,0,0,0,0,0,0,-230.0,4,-2,2,0,0,0,0,0,0,1043.0,9,-2,4,-3,0,0,0,0,0,-1472.0,9,-2,4,-3,0,0,0,0,0,3800.0,9,-2,4,-3,0,0,0,0,0,4689.0,9,-2,4,-3,0,0,0,0,0,6621.0,9,-2,4,-3,0,0,0,0,0,5401.0,28,-2,4,-3,-10,9,0,0,0,6773.0,17,-2,4,-3,3,-5,0,0,0,6319.0,27,-2,4,-3,-9,9,0,0,0,7676.0,9,-2,4,-3,0,0,0,0,0
111174605,56384917,56155248,1570.6342191201388,win,4248.0,0.9944367176634215,110869864,True,189,0.9680111265646731,0xd46c10da5cc413d9,0.9513212795549374,110850849,True,0,0.799721835883171,0xeb6f1a73c2b2a743,0.9346314325452016,110850849,True,0,0.7816411682892906,0x67871f0077224920,True,False,True,False,True,False,True,False,True,False,False,False,False,False,False,False,-10.0,0,0,0,0,0,0,0,0,0,19.0,0,0,0,0,0,0,0,0,0,19.0,1,0,0,0,-1,0,0,0,0,-382.0,3,0,1,0,1,0,0,-1,0,-748.0,2,0,1,0,0,0,0,-1,0,767.0,2,0,1,0,0,0,0,-1,0,863.0,2,0,1,0,0,0,0,-1,0,1786.0,2,0,1,0,0,0,0,-1,0,2625.0,2,0,1,0,0,0,0,-1,0,3401.0,1,0,1,0,0,0,0,0,0,4151.0,1,0,1,0,0,0,0,0,0,4248.0,1,0,1,0,0,0,0,0,0
111173507,56384917,56256865,1570.663546895296,win,895.0,0.9860917941585535,110835574,True,438,0.9082058414464534,0xd46c10da5cc413d9,0.9541029207232267,110835574,True,0,0.7649513212795549,0xeb6f1a73c2b2a743,0.9499304589707928,110835574,True,0,0.7260083449235049,0x67871f0077224920,True,False,True,False,True,False,True,False,True,False,True,False,True,False,True,True,-10.0,0,0,0,0,0,0,0,0,0,20.0,0,0,0,0,0,0,0,0,0,17.0,0,0,0,0,0,0,0,0,0,17.0,0,0,0,0,0,0,0,0,0,46.0,0,0,0,0,0,0,0,0,0,170.0,0,0,0,0,0,0,0,0,0,-360.0,0,0,0,0,0,0,0,0,0,939.0,0,0,0,0,0,0,0,0,0,713.0,0,0,0,0,0,0,0,0,0,564.0,0,0,0,0,0,0,0,0,0,3124.0,0,0,0,0,0,0,0,0,0,895.0,0,0,0,0,0,0,0,0,0
111172393,56384917,56371565,1681.218084526815,loss,-4650.0,0.9860917941585535,110850849,True,144,0.44089012517385257,0xd46c10da5cc413d9,0.980528511821975,110888363,True,0,0.5048678720445062,0x11a90295ca620d36,0.9568845618915159,110888363,True,0,0.3101529902642559,0x36d6f43386599bf3,True,False,True,False,True,False,True,False,True,False,False,False,False,False,False,False,-10.0,0,0,0,0,0,0,0,0,0,19.0,0,0,0,0,0,0,0,0,0,544.0,7,2,-3,0,-1,0,0,1,0,901.0,6,2,-1,0,3,0,0,0,0,-1901.0,3,2,-1,0,0,0,0,0,0,-1650.0,3,2,-1,0,0,0,0,0,0,-4122.0,3,2,-1,0,0,0,0,0,0,-3785.0,3,2,-1,0,0,0,0,0,0,-3260.0,3,2,-1,0,0,0,0,0,0,-3437.0,13,2,-1,0,-3,7,0,0,0,-4364.0,5,2,-1,0,1,-1,0,0,0,-4650.0,3,2,-1,0,0,0,0,0,0
111171254,56384917,56322537,1514.8917748397494,loss,-9120.0,0.9791376912378303,110852197,True,1,0.0027816411682892906,0x303cf1312d27c209,0.9429763560500696,110862152,True,0,0.005563282336578581,0x2d6339f01b3accc4,0.9054242002781642,110852197,True,0,0.0,0x11d98caeca69531a,False,False,False,False,False,False,False,False,False,False,False,False,False,False,False,False,207.0,5,0,0,-2,-1,0,0,0,2,742.0,9,1,0,-4,2,0,0,0,2,1089.0,39,2,2,-7,-19,0,0,8,-1,-2629.0,44,0,4,-6,-8,-7,0,16,-3,-741.0,30,0,-2,-6,0,-4,0,15,-3,-3942.0,29,0,-2,-6,5,-6,0,10,0,-3842.0,40,0,-2,-6,8,-11,0,13,0,-2355.0,40,0,-2,-6,6,-12,0,14,0,-33.0,43,0,-1,-6,13,-14,0,9,0,-5467.0,26,0,-1,-6,-5,7,0,7,0,-8274.0,23,0,5,-6,-2,4,0,-6,0,-9120.0,17,0,5,-6,0,0,0,-6,0
111170142,56384917,56352608,1642.7201105073204,loss,-4653.0,0.9833101529902643,110839970,True,21,0.6954102920723226,0xfec03fa1f30b4338,0.8831710709318498,110827826,True,0,0.6606397774687065,0x955e46142fc50582,0.8734353268428373,110827826,True,0,0.5159944367176634,0xe6b75597e410a5ce,False,False,False,False,False,False,False,False,False,False,False,False,False,False,False,False,-2.0,1,0,0,0,1,0,0,0,0,28.0,0,0,0,0,0,0,0,0,0,131.0,1,0,0,0,1,0,0,0,0,-669.0,0,0,0,0,0,0,0,0,0,-710.0,0,0,0,0,0,0,0,0,0,-694.0,0,0,0,0,0,0,0,0,0,-1208.0,0,0,0,0,0,0,0,0,0,-959.0,0,0,0,0,0,0,0,0,0,-2482.0,0,0,0,0,0,0,0,0,0,-3723.0,0,0,0,0,0,0,0,0,0,-4032.0,0,0,0,0,0,0,0,0,0,-4653.0,0,0,0,0,0,0,0,0,0
111169014,56384917,56152429,1617.30125160813,win,2158.0,0.9763560500695411,110981978,True,152,0.6091794158553546,0xd46c10da5cc413d9,0.885952712100139,110841067,True,0,0.6787204450625869,0x6368206d1ebd1c3a,0.8678720445062587,110841067,True,0,0.48400556328233657,0x1b9d4b82cb9b2463,True,False,True,False,True,False,True,False,True,False,False,False,False,False,False,False,-8.0,0,0,0,0,0,0,0,0,0,22.0,0,0,0,0,0,0,0,0,0,-124.0,1,0,0,0,1,0,0,0,0,-759.0,0,0,0,0,0,0,0,0,0,198.0,0,0,0,0,0,0,0,0,0,-310.0,0,0,0,0,0,0,0,0,0,-4804.0,10,0,0,0,0,0,10,0,0,-5182.0,10,0,0,0,0,0,10,0,0,-4790.0,10,0,0,0,0,0,10,0,0,-4444.0,10,0,0,0,0,0,10,0,0,-3565.0,10,0,0,0,0,0,10,0,0,2158.0,10,0,0,0,0,0,10,0,0
111167907,56384917,56152429,1612.9574967511471,loss,-1978.0,0.9874826147426982,110872911,True,152,0.885952712100139,0xd46c10da5cc413d9,0.9068150208623088,110872911,True,0,0.6425591098748261,0x6368206d1ebd1c3a,0.9026425591098748,110872911,True,0,0.6036161335187761,0x1b9d4b82cb9b2463,True,False,True,False,True,False,True,False,True,False,False,False,False,False,False,False,-8.0,0,0,0,0,0,0,0,0,0,22.0,0,0,0,0,0,0,0,0,0,-124.0,1,0,0,0,1,0,0,0,0,-322.0,0,0,0,0,0,0,0,0,0,-637.0,0,0,0,0,0,0,0,0,0,-761.0,0,0,0,0,0,0,0,0,0,-174.0,0,0,0,0,0,0,0,0,0,-314.0,0,0,0,0,0,0,0,0,0,-105.0,0,0,0,0,0,0,0,0,0,-1817.0,0,0,0,0,0,0,0,0,0,-4093.0,0,0,0,0,0,0,0,0,0,-1978.0,0,0,0,0,0,0,0,0,0
111166796,56384917,56385038,1540.70384164773,loss,-3122.0,0.9860917941585535,110864082,True,33,0.6995827538247567,0x54a3c74fe7862a04,0.9276773296244785,110857714,True,119,0.7162726008344924,0xb8574f927bdbba9,0.913769123783032,110857714,True,33,0.5744089012517385,0xc152fe413393cd32,True,True,False,True,False,True,False,False,False,False,False,False,False,False,False,False,0.0,1,1,0,0,0,0,0,0,0,191.0,1,1,0,0,0,0,0,0,0,450.0,1,1,0,0,0,0,0,0,0,1576.0,1,1,0,0,0,0,0,0,0,1711.0,1,1,0,0,0,0,0,0,0,1863.0,1,1,0,0,0,0,0,0,0,1082.0,1,1,0,0,0,0,0,0,0,1626.0,1,1,0,0,0,0,0,0,0,727.0,1,1,0,0,0,0,0,0,0,-1941.0,1,1,0,0,0,0,0,0,0,-3479.0,1,1,0,0,0,0,0,0,0,-3122.0,1,1,0,0,0,0,0,0,0
111165700,56384917,56300982,1604.436946651501,win,4458.0,0.9958275382475661,110869864,True,189,0.9735744089012517,0xd46c10da5cc413d9,0.9429763560500696,110978058,True,0,0.7844228094575799,0xeb6f1a73c2b2a743,0.9346314325452016,110978058,True,0,0.7691237830319889,0x67871f0077224920,True,False,True,False,True,False,True,False,True,False,False,False,False,False,False,False,-10.0,0,0,0,0,0,0,0,0,0,19.0,0,0,0,0,0,0,0,0,0,19.0,1,0,0,0,-1,0,0,0,0,-382.0,3,0,1,0,1,0,0,-1,0,-475.0,2,0,1,0,0,0,0,-1,0,1132.0,2,0,1,0,0,0,0,-1,0,1165.0,2,0,1,0,0,0,0,-1,0,1841.0,2,0,1,0,0,0,0,-1,0,3546.0,2,0,1,0,0,0,0,-1,0,4211.0,1,0,1,0,0,0,0,0,0,4693.0,1,0,1,0,0,0,0,0,0,4458.0,1,0,1,0,0,0,0,0,0
111164613,56384917,56217935,1574.6179613350655,win,2212.0,0.9749652294853964,110979990,True,152,0.7093184979137691,0xd46c10da5cc413d9,0.9262865090403338,110851086,True,0,0.6564673157162726,0x53fa4157a07b7204,0.9040333796940194,110979990,True,0,0.5479833101529903,0x47e865d71b4e56d4,True,False,True,False,True,False,True,False,True,False,False,False,False,False,False,False,-10.0,0,0,0,0,0,0,0,0,0,20.0,0,0,0,0,0,0,0,0,0,-7.0,0,0,0,0,0,0,0,0,0,97.0,2,1,-1,0,0,0,0,0,0,189.0,2,1,-1,0,0,0,0,0,0,-83.0,2,1,-1,0,0,0,0,0,0,492.0,2,1,-1,0,0,0,0,0,0,268.0,2,1,-1,0,0,0,0,0,0,233.0,12,1,-1,0,-5,5,0,0,0,1860.0,7,1,-1,-1,-2,2,0,0,0,2435.0,21,1,-1,-1,-9,9,0,0,0,2212.0,3,1,-1,-1,0,0,0,0,0
111163490,56384917,56241510,1738.3005418875111,loss,-3976.0,0.96105702364395,110848865,True,347,0.7162726008344924,0xd46c10da5cc413d9,0.9109874826147427,111019687,True,0,0.7746870653685675,0xb6121975680a2445,0.8776077885952712,111019687,True,0,0.6050069541029207,0x2ff9d7885969c8b,True,False,True,False,True,False,True,False,True,False,True,False,True,False,True,True,-8.0,0,0,0,0,0,0,0,0,0,21.0,0,0,0,0,0,0,0,0,0,18.0,0,0,0,0,0,0,0,0,0,-489.0,0,0,0,0,0,0,0,0,0,-569.0,0,0,0,0,0,0,0,0,0,-587.0,0,0,0,0,0,0,0,0,0,-391.0,0,0,0,0,0,0,0,0,0,-555.0,0,0,0,0,0,0,0,0,0,-1445.0,0,0,0,0,0,0,0,0,0,-2507.0,0,0,0,0,0,0,0,0,0,-4317.0,0,0,0,0,0,0,0,0,0,-3976.0,0,0,0,0,0,0,0,0,0
111162406,56384917,56171467,1585.8099354810288,win,876.0,0.9860917941585535,110981978,True,152,0.9763560500695411,0xd46c10da5cc413d9,0.9221140472878998,110981978,True,0,0.8344923504867872,0xeb6f1a73c2b2a743,0.9123783031988874,110981978,True,0,0.8233657858136301,0x67871f0077224920,True,False,True,False,True,False,True,False,True,False,False,False,False,False,True,True,-10.0,0,0,0,0,0,0,0,0,0,19.0,0,0,0,0,0,0,0,0,0,-7.0,0,0,0,0,0,0,0,0,0,-12.0,0,0,0,0,0,0,0,0,0,-185.0,0,0,0,0,0,0,0,0,0,-324.0,0,0,0,0,0,0,0,0,0,-324.0,0,0,0,0,0,0,0,0,0,-324.0,0,0,0,0,0,0,0,0,0,-324.0,0,0,0,0,0,0,0,0,0,-328.0,0,0,0,0,0,0,0,0,0,-122.0,0,0,0,0,0,0,0,0,0,876.0,0,0,0,0,0,0,0,0,0
111161231,56384917,56164428,1632.2463859574498,loss,-2261.0,0.9847009735744089,110810180,True,222,0.8442280945757997,0xd46c10da5cc413d9,0.9318497913769124,110810180,True,0,0.6884561891515995,0xb6121975680a2445,0.9207232267037552,110810180,True,0,0.6300417246175244,0x2ff9d7885969c8b,True,False,True,False,True,False,True,False,True,False,True,False,False,False,False,False,-8.0,0,0,0,0,0,0,0,0,0,22.0,0,0,0,0,0,0,0,0,0,86.0,1,0,0,0,1,0,0,0,0,176.0,3,1,-1,0,1,0,0,0,0,-142.0,3,1,-1,0,1,0,0,0,0,53.0,3,1,-1,0,1,0,0,0,0,650.0,3,1,-1,0,1,0,0,0,0,630.0,3,1,-1,0,1,0,0,0,0,-743.0,3,1,-1,0,1,0,0,0,0,-1545.0,3,1,-1,0,1,0,0,0,0,-2227.0,3,1,-1,0,1,0,0,0,0,-2261.0,2,1,-1,0,0,0,0,0,0
111160174,56384917,56124533,1555.9102108859536,win,10802.0,0.9888734353268428,110844461,True,434,0.6342141863699583,0xd46c10da5cc413d9,0.9471488178025035,110844461,True,0,0.7121001390820584,0xeb6f1a73c2b2a743,0.9401947148817803,110844461,True,0,0.5493741307371349,0x67871f0077224920,True,False,True,False,True,False,True,False,True,False,True,False,True,False,False,False,-10.0,0,0,0,0,0,0,0,0,0,20.0,0,0,0,0,0,0,0,0,0,17.0,0,0,0,0,0,0,0,0,0,-953.0,0,0,0,0,0,0,0,0,0,-1281.0,0,0,0,0,0,0,0,0,0,-1089.0,0,0,0,0,0,0,0,0,0,-5822.0,10,0,0,0,0,0,10,0,0,-5672.0,10,0,0,0,0,0,10,0,0,-6224.0,10,0,0,0,0,0,10,0,0,-2343.0,10,0,0,0,0,0,10,0,0,6304.0,10,0,0,0,0,0,10,0,0,10802.0,10,0,0,0,0,0,10,0,0
111159037,56384917,56178720,1663.0197247251904,loss,-6457.0,0.9833101529902643,110881767,True,144,0.3337969401947149,0xd46c10da5cc413d9,0.9554937413073713,110937716,True,0,0.5257301808066759,0xb6121975680a2445,0.9415855354659249,110881767,True,0,0.23226703755215578,0x2ff9d7885969c8b,True,False,True,False,True,False,True,False,True,False,False,False,False,False,False,False,-8.0,0,0,0,0,0,0,0,0,0,21.0,0,0,0,0,0,0,0,0,0,-220.0,0,0,0,0,0,0,0,0,0,430.0,1,0,-1,0,0,0,0,0,0,1506.0,1,0,-1,0,0,0,0,0,0,-571.0,1,0,-1,0,0,0,0,0,0,-2403.0,1,0,-1,0,0,0,0,0,0,-4978.0,1,0,-1,0,0,0,0,0,0,-4337.0,1,0,-1,0,0,0,0,0,0,-5034.0,7,0,-1,0,-3,3,0,0,0,-6786.0,3,0,-1,0,1,-1,0,0,0,-6457.0,1,0,-1,0,0,0,0,0,0
111157938,56384917,56361263,1476.4360260532126,win,199.0,0.9401947148817803,111051413,True,151,0.6119610570236439,0xd46c10da5cc413d9,0.8636995827538247,110856620,True,0,0.5716272600834492,0x75b9b38715da8ce6,0.8233657858136301,110856620,True,0,0.4325452016689847,0x51e4a316fc380abf,True,False,True,False,True,False,True,False,True,False,False,False,False,False,False,False,-23.0,0,0,0,0,0,0,0,0,0,7.0,0,0,0,0,0,0,0,0,0,-275.0,4,2,0,-2,0,0,0,0,0,-1526.0,4,2,0,-2,0,0,0,0,0,-998.0,4,2,0,-2,0,0,0,0,0,-1224.0,4,2,0,-2,0,0,0,0,0,854.0,4,2,0,-2,0,0,0,0,0,1356.0,4,2,0,-2,0,0,0,0,0,2052.0,4,2,0,-2,0,0,0,0,0,514.0,9,2,0,-2,1,4,0,0,0,-1082.0,9,2,0,-2,1,4,0,0,0,199.0,6,2,0,-2,-2,0,0,0,0
111156843,56384917,56131066,1532.5873973806877,win,2108.0,0.9930458970792768,110822302,True,2,0.18636995827538247,0xe763b73def49a431,0.8984700973574409,110867399,True,0,0.5104311543810849,0x695925e4f2a433b6,0.8873435326842837,110865488,True,0,0.12934631432545202,0x6b50b212b93d5bfc,False,False,False,False,False,False,False,False,False,False,False,False,False,False,False,False,73.0,0,0,0,0,0,0,0,0,0,517.0,0,0,0,0,0,0,0,0,0,537.0,4,2,0,-2,0,0,0,0,0,1076.0,4,2,0,-2,0,0,0,0,0,1465.0,4,2,0,-2,0,0,0,0,0,786.0,4,2,0,-2,0,0,0,0,0,477.0,4,2,0,-2,0,0,0,0,0,1018.0,4,2,0,-2,0,0,0,0,0,767.0,4,2,0,-2,0,0,0,0,0,800.0,4,2,0,-2,0,0,0,0,0,1149.0,10,2,3,-2,2,1,0,0,0,2108.0,7,2,3,-2,0,0,0,0,0
111155713,56384917,56247714,1603.629895563611,win,1371.0,0.9930458970792768,110898287,True,257,0.799721835883171,0xd46c10da5cc413d9,0.8929068150208623,110895238,True,0,0.717663421418637,0x72ebab40cb718a44,0.885952712100139,110898287,True,0,0.6439499304589708,0x327f5f2065edd7ac,True,False,True,False,True,False,True,False,True,False,True,False,False,False,False,False,4.0,0,0,0,0,0,0,0,0,0,34.0,0,0,0,0,0,0,0,0,0,102.0,1,0,0,0,0,0,0,1,0,74.0,1,0,0,0,0,0,0,1,0,120.0,1,0,0,0,0,0,0,1,0,43.0,1,0,0,0,0,0,0,1,0,431.0,1,0,0,0,0,0,0,1,0,10.0,1,0,0,0,0,0,0,1,0,-793.0,0,0,0,0,0,0,0,0,0,-848.0,0,0,0,0,0,0,0,0,0,416.0,1,0,0,0,-1,0,0,0,0,1371.0,0,0,0,0,0,0,0,0,0
111154609,56384917,56373477,1514.7899457956692,loss,-11515.0,0.9638386648122392,110845563,True,144,0.26842837273991654,0xd46c10da5cc413d9,0.8734353268428373,110823403,True,1,0.47844228094575797,0xaf4b1b8f083f5c6,0.8136300417246175,110823403,True,1,0.21974965229485396,0xdd46d4ba01dfea4d,True,False,True,False,True,False,True,False,True,False,False,False,False,False,False,False,19.0,0,0,0,0,0,0,0,0,0,-10.0,0,0,0,0,0,0,0,0,0,-363.0,0,0,0,0,0,0,0,0,0,-1300.0,6,0,-3,3,0,0,0,0,0,-1365.0,6,0,-3,3,0,0,0,0,0,-5585.0,6,0,-3,3,0,0,0,0,0,-5184.0,6,0,-3,3,0,0,0,0,0,-7532.0,6,0,-3,3,0,0,0,0,0,-5978.0,6,0,-3,3,0,0,0,0,0,-8440.0,12,0,-3,3,-3,3,0,0,0,-12462.0,8,0,-3,3,1,-1,0,0,0,-11515.0,6,0,-3,3,0,0,0,0,0
111153486,56384917,56146313,1502.41843563383,win,1155.0,0.9972183588317107,110865195,True,186,0.9666203059805285,0xd46c10da5cc413d9,0.9235048678720446,110865195,True,0,0.7093184979137691,0xeb6f1a73c2b2a743,0.9221140472878998,110865195,True,0,0.694019471488178,0x67871f0077224920,True,False,True,False,True,False,True,False,True,False,False,False,False,False,True,True,-10.0,0,0,0,0,0,0,0,0,0,20.0,0,0,0,0,0,0,0,0,0,28.0,0,0,0,0,0,0,0,0,0,1034.0,0,0,0,0,0,0,0,0,0,1101.0,0,0,0,0,0,0,0,0,0,1088.0,0,0,0,0,0,0,0,0,0,545.0,0,0,0,0,0,0,0,0,0,940.0,0,0,0,0,0,0,0,0,0,415.0,0,0,0,0,0,0,0,0,0,739.0,0,0,0,0,0,0,0,0,0,1536.0,0,0,0,0,0,0,0,0,0,1155.0,0,0,0,0,0,0,0,0,0
111152357,56384917,56316341,1622.9652649410275,loss,-5656.0,0.9819193324061196,110877591,False,18,0.8650904033379694,0xd46c10da5cc413d9,0.8762169680111266,110877591,True,0,0.5118219749652295,0x82b74cfab1c14d1,0.8678720445062587,110877591,False,0,0.4673157162726008,0x8e53d429aa0f11a0,False,False,False,False,False,False,False,False,False,False,False,False,False,False,False,False,-30.0,1,0,0,0,0,0,0,0,-1,-30.0,1,0,0,0,0,0,0,0,-1,-217.0,1,0,0,0,0,0,0,0,-1,-1582.0,0,0,0,0,0,0,0,0,0,-2331.0,0,0,0,0,0,0,0,0,0,-1463.0,0,0,0,0,0,0,0,0,0,-2131.0,0,0,0,0,0,0,0,0,0,-2199.0,0,0,0,0,0,0,0,0,0,-3149.0,0,0,0,0,0,0,0,0,0,-3933.0,0,0,0,0,0,0,0,0,0,-5473.0,0,0,0,0,0,0,0,0,0,-5656.0,0,0,0,0,0,0,0,0,0
111151304,56384917,56132647,1530.0357294386738,win,7994.0,0.9888734353268428,110967571,True,222,0.7232267037552156,0xd46c10da5cc413d9,0.9513212795549374,110967571,True,0,0.6439499304589708,0xeb6f1a73c2b2a743,0.9429763560500696,110967571,True,0,0.5535465924895688,0x67871f0077224920,True,False,True,False,True,False,True,False,True,False,True,False,False,False,False,False,-10.0,0,0,0,0,0,0,0,0,0,19.0,0,0,0,0,0,0,0,0,0,16.0,0,0,0,0,0,0,0,0,0,126.0,2,1,-1,0,0,0,0,0,0,286.0,2,1,-1,0,0,0,0,0,0,864.0,2,1,-1,0,0,0,0,0,0,1857.0,2,1,-1,0,0,0,0,0,0,1930.0,2,1,-1,0,0,0,0,0,0,2262.0,12,1,-1,0,-5,5,0,0,0,3753.0,7,1,-1,-1,-2,2,0,0,0,7639.0,21,1,-1,-1,-9,9,0,0,0,7994.0,3,1,-1,-1,0,0,0,0,0
111150115,56384917,56084975,1373.8947223980497,win,13172.0,0.8956884561891516,110836675,True,2,0.17941585535465926,0x1e2a4b7b32dc746,0.9054242002781642,110836675,True,0,0.41585535465924894,0x8a6ac1f31e640345,0.8317107093184979,110836675,True,0,0.0584144645340751,0xd472094e2013d8f1,False,False,False,False,False,False,False,False,False,False,False,False,False,False,False,False,49.0,0,0,0,0,0,0,0,0,0,583.0,0,0,0,0,0,0,0,0,0,291.0,5,-3,2,0,0,0,0,0,0,1818.0,5,-3,2,0,0,0,0,0,0,1269.0,5,-3,2,0,0,0,0,0,0,3584.0,5,-3,2,0,0,0,0,0,0,5831.0,6,-3,2,0,1,0,0,0,0,7258.0,5,-3,2,0,0,0,0,0,0,8159.0,7,-3,2,0,1,0,0,-1,0,10521.0,52,-3,2,0,-23,24,0,0,0,10890.0,28,-3,2,0,-12,11,0,0,0,13172.0,5,-3,2,0,0,0,0,0,0
111149012,56384917,55939308,1154.2436783033438,win,32662.0,0.9833101529902643,110848604,True,1,0.004172461752433936,0x821081d2e1742083,0.9582753824756607,110848604,True,0,0.26564673157162727,0xa3d705b7d0e1bfbd,0.9485396383866481,110848604,True,0,0.0,0x1d90de48eff59936,False,False,False,False,False,False,False,False,False,False,False,False,False,False,False,False,-97.0,13,3,-2,0,1,0,0,-2,5,651.0,14,3,-2,0,-2,0,0,-2,5,1216.0,12,-1,0,2,-4,0,0,0,5,10569.0,37,-3,2,5,14,-8,0,-2,-3,17414.0,28,-3,2,5,12,-1,0,-2,-3,18248.0,25,-3,2,5,10,0,0,-2,-3,14934.0,34,-3,2,5,10,0,10,-1,-3,15324.0,31,-3,2,5,7,0,10,-1,-3,15579.0,34,-3,2,5,9,0,10,-5,0,19781.0,67,-3,2,5,-24,17,10,6,0,26508.0,41,-3,2,5,-21,0,10,0,0,32662.0,32,-3,2,5,-12,0,10,0,0
111147876,56384917,56261783,1697.6344980950114,loss,-1415.0,0.9763560500695411,110836675,True,144,0.3129346314325452,0xd46c10da5cc413d9,0.9471488178025035,110886175,True,0,0.5285118219749653,0xb6121975680a2445,0.9221140472878998,110886175,True,0,0.2239221140472879,0x2ff9d7885969c8b,True,False,True,False,True,False,True,False,True,False,False,False,False,False,False,False,-8.0,0,0,0,0,0,0,0,0,0,21.0,0,0,0,0,0,0,0,0,0,-363.0,0,0,0,0,0,0,0,0,0,59.0,1,0,-1,0,0,0,0,0,0,230.0,1,0,-1,0,0,0,0,0,0,-1642.0,1,0,-1,0,0,0,0,0,0,-2468.0,1,0,-1,0,0,0,0,0,0,-4068.0,1,0,-1,0,0,0,0,0,0,-2346.0,1,0,-1,0,0,0,0,0,0,-563.0,7,0,-1,0,-3,3,0,0,0,-523.0,3,0,-1,0,1,-1,0,0,0,-1415.0,1,0,-1,0,0,0,0,0,0
111146791,56384917,56343492,1254.912280173112,win,996.0,0.827538247566064,110875120,True,0,0.0027816411682892906,0x8ced2dc77c9db0c4,0.8581363004172462,110925497,True,0,0.36439499304589706,0xdd3440d8b1c7cb87,0.7524339360222532,110875120,True,0,0.0,0xf5c86c3022c388c6,False,False,False,False,False,False,False,False,False,False,False,False,False,False,False,False,40.0,6,1,0,0,5,0,0,0,0,702.0,6,0,0,0,3,0,0,-3,0,992.0,5,2,0,0,1,0,0,-2,0,4237.0,20,2,-4,0,4,0,0,10,0,6126.0,12,2,-4,0,3,0,0,3,0,5976.0,14,2,-4,0,5,0,0,3,0,6732.0,19,2,-4,0,5,0,-3,5,0,4617.0,16,2,-4,0,2,0,-2,6,0,1065.0,21,2,-4,0,9,0,-2,4,0,2656.0,24,2,-4,0,8,2,-2,6,0,748.0,14,2,-2,0,0,1,-2,-7,0,996.0,7,2,-2,0,0,-1,-2,0,0
111145700,56384917,55631215,1090.5067404840358,win,31238.0,1.0,111051413,True,0,0.005563282336578581,0x9e965a98bd81ae61,0.9082058414464534,110893876,True,0,0.2545201668984701,0x2d70d79c922eede6,0.9082058414464534,110893876,True,0,0.0027816411682892906,0x86881d4e33931adf,False,False,False,False,False,False,False,False,False,False,False,False,False,False,False,False,165.0,1,1,0,0,0,0,0,0,0,758.0,0,0,0,0,0,0,0,0,0,592.0,19,2,0,0,0,0,0,9,-8,6208.0,24,-2,2,3,3,0,0,6,-8,11288.0,23,-2,2,3,8,0,0,0,-8,17134.0,8,-2,2,3,1,0,0,0,0,21159.0,8,-2,2,3,-1,0,0,0,0,25250.0,8,-2,2,3,1,0,0,0,0,25659.0,30,-2,2,3,14,-3,0,-6,0,29618.0,57,-2,2,3,-15,26,0,-9,0,30555.0,27,-2,2,3,-2,12,0,-6,0,31238.0,8,-2,2,3,-1,0,0,0,0
111144594,56384917,56311891,1181.2989486575068,win,14139.0,0.9902642559109874,110843364,True,2,0.030598052851182198,0x179641e533a5f3f5,0.9388038942976356,110843364,True,0,0.3240611961057024,0xaf869461d5185e47,0.9304589707927677,110843364,True,0,0.012517385257301807,0xc5953bc76fbb894f,False,False,False,False,False,False,False,False,False,False,False,False,False,False,False,False,14.0,0,0,0,0,0,0,0,0,0,-35.0,0,0,0,0,0,0,0,0,0,316.0,1,0,0,0,1,0,0,0,0,-561.0,10,0,2,3,0,0,0,-5,0,1383.0,9,0,0,3,1,0,0,-5,0,5378.0,11,0,0,3,3,0,0,-5,0,7105.0,10,0,0,3,2,0,0,-5,0,6292.0,10,0,0,3,2,0,0,-5,0,7920.0,12,0,0,3,3,0,0,-6,0,8598.0,56,0,0,3,-23,25,0,-5,0,12559.0,25,0,0,3,-12,10,0,0,0,14139.0,3,0,0,3,0,0,0,0,0
111143515,56384917,55837289,991.6456888413732,win,21938.0,0.9819193324061196,110898287,True,1,0.0027816411682892906,0x2e75ca63759b7021,0.8901251738525731,110895238,True,0,0.30737134909596664,0x49e5a2287393f942,0.8720445062586927,110895238,True,0,0.0,0x6b01de54236c977c,False,False,False,False,False,False,False,False,False,False,False,False,False,False,False,False,211.0,13,2,-2,0,2,0,0,0,7,795.0,18,2,-2,0,-4,0,0,-3,7,1099.0,15,0,0,0,-8,0,0,0,7,12024.0,27,0,2,3,7,0,0,-3,-12,16810.0,31,0,2,3,11,0,0,-3,-12,22592.0,32,0,2,3,12,0,0,-3,-12,21094.0,26,0,2,3,9,0,0,0,-12,14217.0,6,0,2,3,1,0,0,0,0,16201.0,13,0,2,3,-6,0,0,2,0,14338.0,82,0,2,3,-40,29,0,8,0,18210.0,34,0,2,3,-17,12,0,0,0,21938.0,5,0,2,3,0,0,0,0,0
111142420,56384917,55439941,932.0517013191654,win,17060.0,0.9847009735744089,110907562,True,1,0.0027816411682892906,0xdde9ab1dc25bba5,0.8066759388038943,110899382,True,0,0.26842837273991654,0xf8fadc01f75a38a0,0.7969401947148818,110899382,True,0,0.0,0x3e031a3f6420cf1a,False,False,False,False,False,False,False,False,False,False,False,False,False,False,False,False,-49.0,14,2,-2,0,2,0,0,0,8,218.0,19,2,-2,0,-4,0,0,-3,8,1673.0,16,0,0,0,-8,0,0,0,8,12433.0,29,0,2,3,7,0,0,-3,-14,16743.0,33,0,2,3,11,0,0,-3,-14,24448.0,34,0,2,3,12,0,0,-3,-14,23185.0,28,0,2,3,9,0,0,0,-14,17088.0,8,0,2,3,1,0,0,0,-2,14416.0,11,-1,1,3,-3,0,0,3,0,14580.0,80,-1,1,3,-38,29,0,8,0,12286.0,31,-1,1,3,-14,12,0,0,0,17060.0,7,-1,1,3,-2,0,0,0,0
111141355,56384917,55289102,753.1105767597932,win,53365.0,0.9763560500695411,110890568,True,1,0.005563282336578581,0x30868135f20d83a9,0.9179415855354659,110825605,True,0,0.2267037552155772,0x9121bebdbdfbd931,0.9012517385257302,110825605,True,0,0.0027816411682892906,0x20d810743e21e9a0,False,False,False,False,False,False,False,False,False,False,False,False,False,False,False,False,37.0,1,1,0,0,0,0,0,0,0,-144.0,8,0,0,0,-4,0,0,4,0,401.0,14,2,0,0,-2,0,0,10,0,10500.0,32,0,0,3,13,0,0,-4,-12,15395.0,39,0,0,3,17,0,0,-7,-12,29087.0,40,0,0,3,18,0,0,-7,-12,20881.0,50,0,0,3,18,0,10,-7,-12,25184.0,50,0,0,3,18,0,10,-7,-12,25959.0,48,0,0,3,19,0,10,-16,0,37457.0,71,0,0,3,-19,29,10,-10,0,46203.0,25,0,0,3,0,12,10,0,0,53365.0,13,0,0,3,0,0,10,0,0
111140258,56384917,55918156,639.3372126334359,win,15204.0,0.9680111265646731,110827826,True,1,0.004172461752433936,0xe2719cd4e30889d9,0.9262865090403338,110844225,True,0,0.38386648122392214,0xf245f9ef7b1e0a4d,0.8929068150208623,110844225,True,0,0.0013908205841446453,0x5cf848b9c7a347d0,False,False,False,False,False,False,False,False,False,False,False,False,False,False,False,False,-142.0,4,0,1,0,-1,0,0,0,2,306.0,9,0,1,0,-2,0,0,4,2,1038.0,39,4,2,-2,0,-8,0,20,-3,-2034.0,60,4,4,-1,7,-8,0,31,-5,3444.0,59,4,4,-1,6,-8,0,31,-5,6134.0,53,2,4,-2,-6,-8,0,31,0,7317.0,65,2,4,-3,-17,-8,0,31,0,6871.0,61,2,4,-3,-13,-8,0,31,0,6936.0,36,2,4,-3,-1,-8,0,18,0,7633.0,67,2,4,-3,-26,21,0,11,0,9650.0,30,2,4,-3,9,12,0,0,0,15204.0,9,2,4,-3,0,0,0,0,0
111139195,56384917,55279839,622.9353992097807,win,73545.0,0.9902642559109874,110847763,True,0,0.0013908205841446453,0x6fbb92ff722f6597,0.9888734353268428,110847763,True,0,0.26286509040333794,0xad761337b78d466f,0.980528511821975,110847763,True,0,0.0,0x3e35a5ebc6ea38ad,False,False,False,False,False,False,False,False,False,False,False,False,False,False,False,False,0.0,22,1,1,0,7,-11,0,0,2,10.0,21,2,1,0,3,-10,0,4,1,1323.0,37,4,1,0,5,-5,0,16,-6,8479.0,53,3,-1,3,16,-1,0,20,-9,19526.0,51,2,-2,3,24,0,0,11,-9,31553.0,40,2,-2,3,25,0,0,6,-2,39866.0,40,2,-2,3,25,0,0,6,-2,43788.0,37,2,-2,3,24,0,0,6,0,51942.0,49,2,-2,3,30,5,0,-7,0,58615.0,50,2,-2,2,9,31,0,-4,0,64090.0,43,2,-2,2,-8,21,0,-8,0,73545.0,9,2,-2,2,0,0,0,-3,0
111208826,56384919,56390670,1534.3606644455344,loss,-6620.0,0.9986091794158554,110907562,True,217,0.6453407510431154,0xd46c10da5cc413d9,0.8595271210013908,110907562,True,0,0.5924895688456189,0x1de9b4ce9bfaf96f,0.8595271210013908,110907562,True,0,0.47426981919332406,0x56ba801cd5457b94,True,False,True,False,True,False,True,False,True,False,True,False,False,False,False,False,-23.0,0,0,0,0,0,0,0,0,0,7.0,0,0,0,0,0,0,0,0,0,-64.0,0,0,0,0,0,0,0,0,0,-1556.0,0,0,0,0,0,0,0,0,0,-1230.0,0,0,0,0,0,0,0,0,0,-1270.0,0,0,0,0,0,0,0,0,0,-1391.0,0,0,0,0,0,0,0,0,0,-2191.0,0,0,0,0,0,0,0,0,0,-3281.0,0,0,0,0,0,0,0,0,0,-6497.0,4,0,0,0,2,-2,0,0,0,-7640.0,18,0,0,0,9,-9,0,0,0,-6620.0,0,0,0,0,0,0,0,0,0
111203660,56384919,56120560,1509.2841561793225,win,5344.0,0.9888734353268428,110882874,True,217,0.6286509040333796,0xd46c10da5cc413d9,0.9401947148817803,110868497,True,0,0.7273991655076495,0xeb6f1a73c2b2a743,0.9304589707927677,110868497,True,0,0.5438108484005564,0x67871f0077224920,True,False,True,False,True,False,True,False,True,False,True,False,False,False,False,False,-10.0,0,0,0,0,0,0,0,0,0,20.0,0,0,0,0,0,0,0,0,0,20.0,0,0,0,0,0,0,0,0,0,-171.0,0,0,0,0,0,0,0,0,0,504.0,0,0,0,0,0,0,0,0,0,422.0,0,0,0,0,0,0,0,0,0,-4122.0,10,0,0,0,0,0,10,0,0,-4025.0,10,0,0,0,0,0,10,0,0,-4556.0,10,0,0,0,0,0,10,0,0,-2526.0,10,0,0,0,0,0,10,0,0,2779.0,10,0,0,0,0,0,10,0,0,5344.0,10,0,0,0,0,0,10,0,0
111202543,56384919,56170617,1485.2661825115013,loss,-1444.0,0.9972183588317107,110822302,True,278,0.9415855354659249,0xd46c10da5cc413d9,0.972183588317107,110867399,True,0,0.7273991655076495,0xeb6f1a73c2b2a743,0.9596662030598053,110867399,True,0,0.6884561891515995,0x67871f0077224920,True,False,True,False,True,False,True,False,True,False,True,False,False,False,False,False,-10.0,0,0,0,0,0,0,0,0,0,19.0,0,0,0,0,0,0,0,0,0,29.0,0,0,0,0,0,0,0,0,0,-443.0,0,0,0,0,0,0,0,0,0,-296.0,0,0,0,0,0,0,0,0,0,-199.0,0,0,0,0,0,0,0,0,0,-535.0,0,0,0,0,0,0,0,0,0,-113.0,0,0,0,0,0,0,0,0,0,-52.0,0,0,0,0,0,0,0,0,0,-2658.0,2,0,2,0,0,0,0,0,0,-3257.0,2,0,2,0,0,0,0,0,0,-1444.0,2,0,2,0,0,0,0,0,0
111201403,56384919,56254244,1641.582265516342,loss,-3592.0,0.9513212795549374,110885069,False,21,0.8150208623087621,0xd46c10da5cc413d9,0.9054242002781642,110872835,False,0,0.6828929068150209,0xe6288cbcf95cce1d,0.8567454798331016,110872835,False,0,0.588317107093185,0xa20df89137f2db6f,False,False,False,False,False,False,False,False,False,False,False,False,False,False,False,False,-20.0,1,0,0,0,-1,0,0,0,0,-234.0,1,-1,0,0,0,0,0,0,0,-631.0,1,-1,0,0,0,0,0,0,0,-578.0,1,-1,0,0,0,0,0,0,0,-1252.0,1,-1,0,0,0,0,0,0,0,-1299.0,1,-1,0,0,0,0,0,0,0,-1745.0,1,-1,0,0,0,0,0,0,0,-1310.0,1,-1,0,0,0,0,0,0,0,-1547.0,1,-1,0,0,0,0,0,0,0,-3696.0,1,-1,0,0,0,0,0,0,0,-6234.0,1,-1,0,0,0,0,0,0,0,-3592.0,1,-1,0,0,0,0,0,0,0
111200809,56384919,56390690,1659.5607591287023,loss,-21570.0,0.9833101529902643,110891878,True,151,0.3616133518776078,0xd46c10da5cc413d9,0.9290681502086231,110891878,True,0,0.5827538247566064,0x89116ff41c7e638c,0.9179415855354659,110891878,True,0,0.3031988873435327,0x3b4ecba1def599dd,True,False,True,False,True,False,True,False,True,False,False,False,False,False,False,False,-23.0,0,0,0,0,0,0,0,0,0,7.0,0,0,0,0,0,0,0,0,0,-271.0,4,2,0,-2,0,0,0,0,0,4785.0,7,2,-3,-2,0,0,0,0,0,4621.0,8,2,-4,-2,0,0,0,0,0,3498.0,86,5,-4,-2,15,-23,-24,13,0,2055.0,83,5,-4,-2,3,-23,-24,22,0,-1212.0,84,5,-4,-2,-16,-5,-24,28,0,-2976.0,77,6,-4,-2,5,-19,-24,17,0,-13174.0,68,8,-4,-2,-10,8,-24,12,0,-19579.0,50,8,-1,-2,-30,9,0,0,0,-21570.0,14,8,-1,-2,-3,0,0,0,0
111200278,56384919,56094428,1434.4338577658468,win,1394.0,0.9972183588317107,110826721,True,2,0.14603616133518776,0xa09688806daf9abc,0.9930458970792768,110826721,True,0,0.46453407510431155,0x921060b4107731c4,0.9902642559109874,110826721,True,0,0.13212795549374132,0x22ca9648a0f1126a,False,False,False,False,False,False,False,False,False,False,False,False,False,False,False,False,-10.0,0,0,0,0,0,0,0,0,0,26.0,0,0,0,0,0,0,0,0,0,80.0,8,3,0,-4,1,0,0,0,0,-198.0,7,3,-2,-1,1,0,0,0,0,6641.0,10,3,-2,-1,2,0,-1,0,-1,4899.0,11,3,-2,-1,3,0,-1,0,-1,3751.0,22,3,-2,-1,9,0,-6,0,-1,1202.0,23,3,-2,-1,9,-1,-6,0,-1,1477.0,57,3,-2,-1,30,-14,-6,-1,0,4074.0,22,3,-2,-1,1,10,-5,0,0,2846.0,24,3,-2,-1,3,-10,-5,0,0,1394.0,17,3,-2,-1,0,-6,-5,0,0
111199167,56384919,56351904,1483.963321971842,win,1658.0,1.0,110852459,True,152,0.9735744089012517,0xd46c10da5cc413d9,0.9471488178025035,110852459,True,0,0.7148817802503477,0xeb6f1a73c2b2a743,0.9471488178025035,110852459,True,0,0.7051460361613352,0x67871f0077224920,True,False,True,False,True,False,True,False,True,False,False,False,False,False,True,True,-10.0,0,0,0,0,0,0,0,0,0,20.0,0,0,0,0,0,0,0,0,0,-10.0,0,0,0,0,0,0,0,0,0,-201.0,0,0,0,0,0,0,0,0,0,-121.0,0,0,0,0,0,0,0,0,0,179.0,0,0,0,0,0,0,0,0,0,295.0,0,0,0,0,0,0,0,0,0,426.0,0,0,0,0,0,0,0,0,0,626.0,0,0,0,0,0,0,0,0,0,1069.0,0,0,0,0,0,0,0,0,0,1495.0,0,0,0,0,0,0,0,0,0,1658.0,0,0,0,0,0,0,0,0,0
111198038,56384919,56165701,1562.8897907413564,loss,-830.0,0.9944367176634215,110850849,True,144,0.43115438108484005,0xd46c10da5cc413d9,0.9986091794158554,110888363,True,0,0.47983310152990266,0x535f30deb5316158,0.9833101529902643,110888363,True,0,0.2906815020862309,0x17472e647af03821,True,False,True,False,True,False,True,False,True,False,False,False,False,False,False,False,-8.0,0,0,0,0,0,0,0,0,0,21.0,0,0,0,0,0,0,0,0,0,546.0,7,2,-3,0,-1,0,0,1,0,908.0,6,2,-1,0,3,0,0,0,0,-2116.0,3,2,-1,0,0,0,0,0,0,-299.0,3,2,-1,0,0,0,0,0,0,-1589.0,3,2,-1,0,0,0,0,0,0,-1218.0,3,2,-1,0,0,0,0,0,0,-789.0,3,2,-1,0,0,0,0,0,0,-773.0,13,2,-1,0,-3,7,0,0,0,-653.0,5,2,-1,0,1,-1,0,0,0,-830.0,3,2,-1,0,0,0,0,0,0
111196929,56384919,56212527,1542.039006807128,win,2742.0,1.0,110941017,True,217,0.8372739916550765,0xd46c10da5cc413d9,0.9735744089012517,110941017,True,0,0.7121001390820584,0xeb6f1a73c2b2a743,0.9735744089012517,110941017,True,0,0.6425591098748261,0x67871f0077224920,True,False,True,False,True,False,True,False,True,False,True,False,False,False,True,True,-10.0,0,0,0,0,0,0,0,0,0,20.0,0,0,0,0,0,0,0,0,0,-104.0,0,0,0,0,0,0,0,0,0,-293.0,0,0,0,0,0,0,0,0,0,-508.0,0,0,0,0,0,0,0,0,0,-261.0,0,0,0,0,0,0,0,0,0,-141.0,0,0,0,0,0,0,0,0,0,-260.0,0,0,0,0,0,0,0,0,0,139.0,0,0,0,0,0,0,0,0,0,1062.0,0,0,0,0,0,0,0,0,0,2792.0,0,0,0,0,0,0,0,0,0,2742.0,0,0,0,0,0,0,0,0,0
111196134,56384919,56305566,1512.004275503595,win,7636.0,0.9944367176634215,110871815,True,434,0.6342141863699583,0xd46c10da5cc413d9,0.9248956884561892,110844461,True,0,0.7107093184979137,0xeb6f1a73c2b2a743,0.9109874826147427,111057969,True,0,0.5340751043115438,0x67871f0077224920,True,False,True,False,True,False,True,False,True,False,True,False,True,False,False,False,-10.0,0,0,0,0,0,0,0,0,0,20.0,0,0,0,0,0,0,0,0,0,31.0,0,0,0,0,0,0,0,0,0,-920.0,0,0,0,0,0,0,0,0,0,-1500.0,0,0,0,0,0,0,0,0,0,-1026.0,0,0,0,0,0,0,0,0,0,-6418.0,10,0,0,0,0,0,10,0,0,-6012.0,10,0,0,0,0,0,10,0,0,-6051.0,10,0,0,0,0,0,10,0,0,-7400.0,10,0,0,0,0,0,10,0,0,-684.0,10,0,0,0,0,0,10,0,0,7636.0,10,0,0,0,0,0,10,0,0
111194701,56384919,56202148,1505.7092515178651,win,5742.0,0.9443671766342142,110872911,True,152,0.9193324061196105,0xd46c10da5cc413d9,0.8831710709318498,110830032,True,0,0.7162726008344924,0xeb6f1a73c2b2a743,0.8331015299026425,110830032,True,0,0.6717663421418637,0x67871f0077224920,True,False,True,False,True,False,True,False,True,False,False,False,False,False,False,True,-10.0,0,0,0,0,0,0,0,0,0,20.0,0,0,0,0,0,0,0,0,0,-10.0,0,0,0,0,0,0,0,0,0,-218.0,0,0,0,0,0,0,0,0,0,435.0,0,0,0,0,0,0,0,0,0,1180.0,0,0,0,0,0,0,0,0,0,2437.0,0,0,0,0,0,0,0,0,0,1855.0,0,0,0,0,0,0,0,0,0,2614.0,0,0,0,0,0,0,0,0,0,3711.0,0,0,0,0,0,0,0,0,0,6226.0,0,0,0,0,0,0,0,0,0,5742.0,0,0,0,0,0,0,0,0,0
111193584,56384919,56137064,1575.9780064703468,win,1801.0,0.9847009735744089,110886175,True,144,0.31154381084840055,0xd46c10da5cc413d9,0.9735744089012517,110886175,True,0,0.5312934631432545,0xeb6f1a73c2b2a743,0.9638386648122392,110886175,True,0,0.22809457579972184,0x67871f0077224920,True,False,True,False,True,False,True,False,True,False,False,False,False,False,False,False,-10.0,0,0,0,0,0,0,0,0,0,19.0,0,0,0,0,0,0,0,0,0,-222.0,0,0,0,0,0,0,0,0,0,254.0,1,0,-1,0,0,0,0,0,0,1094.0,1,0,-1,0,0,0,0,0,0,-1247.0,1,0,-1,0,0,0,0,0,0,-1716.0,1,0,-1,0,0,0,0,0,0,-3094.0,1,0,-1,0,0,0,0,0,0,-2635.0,1,0,-1,0,0,0,0,0,0,-1360.0,7,0,-1,0,-3,3,0,0,0,1205.0,3,0,-1,0,1,-1,0,0,0,1801.0,1,0,-1,0,0,0,0,0,0
111192458,56384919,56182891,1632.457030877286,loss,-1462.0,1.0,110872911,True,2,0.8066759388038943,0x488e602749848978,0.9652294853963839,110872911,True,0,0.5924895688456189,0x60644c874f9dbb0d,0.9652294853963839,110872911,True,0,0.47705146036161333,0x48c4fe0739c46237,False,False,False,False,False,False,False,False,False,False,False,False,False,False,False,False,3.0,2,0,0,0,2,0,0,0,0,130.0,0,0,0,0,0,0,0,0,0,336.0,0,0,0,0,0,0,0,0,0,-6.0,0,0,0,0,0,0,0,0,0,-696.0,0,0,0,0,0,0,0,0,0,-776.0,0,0,0,0,0,0,0,0,0,-878.0,0,0,0,0,0,0,0,0,0,-636.0,0,0,0,0,0,0,0,0,0,-755.0,0,0,0,0,0,0,0,0,0,-1172.0,2,0,0,0,1,-1,0,0,0,-2323.0,2,0,0,0,1,-1,0,0,0,-1462.0,0,0,0,0,0,0,0,0,0
111191342,56384919,56144248,1498.150805760058,loss,-3887.0,0.9944367176634215,110937716,True,144,0.36995827538247567,0xd46c10da5cc413d9,0.9944367176634215,110937716,True,0,0.5271210013908206,0xeb6f1a73c2b2a743,0.9888734353268428,110937716,True,0,0.25869262865090403,0x67871f0077224920,True,False,True,False,True,False,True,False,True,False,False,False,False,False,False,False,-10.0,0,0,0,0,0,0,0,0,0,19.0,0,0,0,0,0,0,0,0,0,-222.0,0,0,0,0,0,0,0,0,0,258.0,1,0,-1,0,0,0,0,0,0,1086.0,1,0,-1,0,0,0,0,0,0,-831.0,1,0,-1,0,0,0,0,0,0,-2132.0,1,0,-1,0,0,0,0,0,0,-4230.0,1,0,-1,0,0,0,0,0,0,-3059.0,1,0,-1,0,0,0,0,0,0,-5677.0,7,0,-1,0,-3,3,0,0,0,-4257.0,3,0,-1,0,1,-1,0,0,0,-3887.0,1,0,-1,0,0,0,0,0,0
111190235,56384919,56375602,1625.5329021237606,loss,-9478.0,0.980528511821975,110822302,True,151,0.8025034770514604,0xd46c10da5cc413d9,0.9346314325452016,110831138,True,0,0.60778859527121,0x3082848c02d00e65,0.9165507649513213,110831138,True,0,0.5312934631432545,0x6bf9a3e840ea566f,True,False,True,False,True,False,True,False,True,False,False,False,False,False,False,False,-8.0,0,0,0,0,0,0,0,0,0,22.0,0,0,0,0,0,0,0,0,0,-171.0,4,2,0,-2,0,0,0,0,0,-787.0,4,2,0,-2,0,0,0,0,0,-1495.0,4,2,0,-2,0,0,0,0,0,-2070.0,4,2,0,-2,0,0,0,0,0,-2801.0,4,2,0,-2,0,0,0,0,0,-3114.0,4,2,0,-2,0,0,0,0,0,-3356.0,4,2,0,-2,0,0,0,0,0,-5843.0,4,2,0,-2,0,0,0,0,0,-8475.0,4,2,0,-2,0,0,0,0,0,-9478.0,4,2,0,-2,0,0,0,0,0
111189110,56384919,56125642,1519.0519328959354,win,2667.0,0.9958275382475661,110842248,True,152,0.96105702364395,0xd46c10da5cc413d9,0.9554937413073713,110842248,True,0,0.6968011126564673,0xeb6f1a73c2b2a743,0.9541029207232267,110842248,True,0,0.6828929068150209,0x67871f0077224920,True,False,True,False,True,False,True,False,True,False,False,False,False,False,True,True,-10.0,0,0,0,0,0,0,0,0,0,20.0,0,0,0,0,0,0,0,0,0,-128.0,0,0,0,0,0,0,0,0,0,-328.0,0,0,0,0,0,0,0,0,0,-254.0,0,0,0,0,0,0,0,0,0,-174.0,0,0,0,0,0,0,0,0,0,568.0,0,0,0,0,0,0,0,0,0,331.0,0,0,0,0,0,0,0,0,0,512.0,0,0,0,0,0,0,0,0,0,1421.0,0,0,0,0,0,0,0,0,0,2442.0,0,0,0,0,0,0,0,0,0,2667.0,0,0,0,0,0,0,0,0,0
111187768,56384919,56387597,1612.3725812765424,loss,-20306.0,0.9374130737134909,110817855,False,18,0.6425591098748261,0xd46c10da5cc413d9,0.8692628650904033,110817855,False,0,0.5841446453407511,0xbf34b2d6033fc54c,0.8261474269819193,110817855,False,0,0.44923504867872044,0x3fb1c18ae93fbffb,False,False,False,False,False,False,False,False,False,False,False,False,False,False,False,False,-122.0,3,0,0,0,-2,0,0,0,-1,-457.0,2,-1,0,0,0,0,0,0,-1,-872.0,4,-1,0,0,-2,0,0,0,-1,-4882.0,3,-2,1,0,0,0,0,0,0,-5870.0,3,-2,1,0,0,0,0,0,0,-5916.0,3,-2,1,0,0,0,0,0,0,-8457.0,3,-2,1,0,0,0,0,0,0,-10219.0,3,-2,1,0,0,0,0,0,0,-11867.0,3,-2,1,0,0,0,0,0,0,-18414.0,3,-2,1,0,0,0,0,0,0,-23950.0,3,-2,1,0,0,0,0,0,0,-20306.0,3,-2,1,0,0,0,0,0,0
111187999,56384919,56135135,1492.6958105251367,win,2659.0,0.9735744089012517,110898287,True,218,0.808066759388039,0xd46c10da5cc413d9,0.8734353268428373,110895238,True,0,0.7009735744089013,0xeb6f1a73c2b2a743,0.8581363004172462,110898287,True,0,0.6244784422809457,0x67871f0077224920,True,False,True,False,True,False,True,False,True,False,True,False,False,False,True,True,-10.0,0,0,0,0,0,0,0,0,0,20.0,0,0,0,0,0,0,0,0,0,-105.0,0,0,0,0,0,0,0,0,0,1101.0,0,0,0,0,0,0,0,0,0,1157.0,0,0,0,0,0,0,0,0,0,1200.0,0,0,0,0,0,0,0,0,0,1637.0,0,0,0,0,0,0,0,0,0,1185.0,0,0,0,0,0,0,0,0,0,1148.0,0,0,0,0,0,0,0,0,0,6042.0,0,0,0,0,0,0,0,0,0,3023.0,0,0,0,0,0,0,0,0,0,2659.0,0,0,0,0,0,0,0,0,0
111186891,56384919,56121231,1476.451730322051,win,5671.0,0.9735744089012517,110849706,True,70,0.6008344923504868,0x6000d97688d43c33,0.8915159944367177,110981978,True,0,0.6717663421418637,0x921060b4107731c4,0.8720445062586927,110981978,True,0,0.48400556328233657,0x492208fa55aecd35,True,False,False,False,False,False,False,False,False,False,False,False,False,False,False,False,-10.0,0,0,0,0,0,0,0,0,0,20.0,0,0,0,0,0,0,0,0,0,36.0,0,0,0,0,0,0,0,0,0,-84.0,0,0,0,0,0,0,0,0,0,442.0,0,0,0,0,0,0,0,0,0,1156.0,0,0,0,0,0,0,0,0,0,-3719.0,10,0,0,0,0,0,10,0,0,-3771.0,10,0,0,0,0,0,10,0,0,-4738.0,10,0,0,0,0,0,10,0,0,-2166.0,10,0,0,0,0,0,10,0,0,512.0,10,0,0,0,0,0,10,0,0,5671.0,10,0,0,0,0,0,10,0,0
111185783,56384919,56370795,1482.8387200651755,win,17594.0,0.9888734353268428,110844461,True,434,0.6342141863699583,0xd46c10da5cc413d9,0.9791376912378303,111057969,True,0,0.7343532684283728,0xeb6f1a73c2b2a743,0.9680111265646731,111057969,True,0,0.5507649513212796,0x67871f0077224920,True,False,True,False,True,False,True,False,True,False,True,False,True,False,False,False,-10.0,0,0,0,0,0,0,0,0,0,20.0,0,0,0,0,0,0,0,0,0,-5.0,0,0,0,0,0,0,0,0,0,54.0,0,0,0,0,0,0,0,0,0,128.0,0,0,0,0,0,0,0,0,0,206.0,0,0,0,0,0,0,0,0,0,-4718.0,10,0,0,0,0,0,10,0,0,-4828.0,10,0,0,0,0,0,10,0,0,-5611.0,10,0,0,0,0,0,10,0,0,-1465.0,10,0,0,0,0,0,10,0,0,10968.0,10,0,0,0,0,0,10,0,0,17594.0,10,0,0,0,0,0,10,0,0
111184660,56384919,56124615,1505.774340996326,win,1971.0,0.9833101529902643,111057969,True,217,0.6258692628650904,0xd46c10da5cc413d9,0.9179415855354659,111057969,True,0,0.7107093184979137,0xeb6f1a73c2b2a743,0.9095966620305981,111057969,True,0,0.5312934631432545,0x67871f0077224920,True,False,True,False,True,False,True,False,True,False,True,False,False,False,False,False,-10.0,0,0,0,0,0,0,0,0,0,20.0,0,0,0,0,0,0,0,0,0,23.0,0,0,0,0,0,0,0,0,0,-177.0,0,0,0,0,0,0,0,0,0,-104.0,0,0,0,0,0,0,0,0,0,272.0,0,0,0,0,0,0,0,0,0,-3899.0,10,0,0,0,0,0,10,0,0,-3427.0,10,0,0,0,0,0,10,0,0,-3316.0,10,0,0,0,0,0,10,0,0,-1903.0,10,0,0,0,0,0,10,0,0,770.0,10,0,0,0,0,0,10,0,0,1971.0,10,0,0,0,0,0,10,0,0
111183561,56384919,56118384,1471.129145263469,win,4043.0,1.0,111031799,True,313,0.8372739916550765,0xd46c10da5cc413d9,0.9819193324061196,111031799,True,0,0.7079276773296245,0xeb6f1a73c2b2a743,0.9819193324061196,111031799,True,0,0.6467315716272601,0x67871f0077224920,True,False,True,False,True,False,True,False,True,False,True,False,True,False,True,True,-10.0,0,0,0,0,0,0,0,0,0,20.0,0,0,0,0,0,0,0,0,0,31.0,0,0,0,0,0,0,0,0,0,52.0,0,0,0,0,0,0,0,0,0,-226.0,0,0,0,0,0,0,0,0,0,22.0,0,0,0,0,0,0,0,0,0,388.0,0,0,0,0,0,0,0,0,0,620.0,0,0,0,0,0,0,0,0,0,904.0,0,0,0,0,0,0,0,0,0,1069.0,0,0,0,0,0,0,0,0,0,3406.0,0,0,0,0,0,0,0,0,0,4043.0,0,0,0,0,0,0,0,0,0
111183131,56384919,56389267,1481.994566638829,loss,-42356.0,0.8970792767732962,110833348,False,21,0.22253129346314326,0xd46c10da5cc413d9,0.9012517385257302,110833348,False,0,0.4951321279554937,0x301873d52bd7a0a3,0.8066759388038943,110833348,False,0,0.1474269819193324,0x5ab2c2d8a9beca15,False,False,False,False,False,False,False,False,False,False,False,False,False,False,False,False,135.0,3,-2,0,0,-1,0,0,0,0,-439.0,3,-3,0,0,0,0,0,0,0,-1027.0,18,-3,-2,0,1,0,0,-12,0,-4810.0,18,-3,-3,0,0,0,0,-12,0,-9907.0,18,-3,-3,0,0,0,0,-12,0,-15430.0,18,-3,-3,0,0,0,0,-12,0,-22805.0,18,-3,-3,0,0,0,0,-12,0,-26957.0,18,-3,-3,0,0,0,0,-12,0,-33124.0,10,-3,-3,0,0,0,0,-4,0,-39101.0,6,-3,-3,0,0,0,0,0,0,-41997.0,24,-3,-3,0,9,-9,0,0,0,-42356.0,6,-3,-3,0,0,0,0,0,0
111182435,56384919,56345082,1480.3201501215742,loss,-4248.0,0.9958275382475661,110846656,True,267,0.7635605006954103,0xd46c10da5cc413d9,0.9972183588317107,110880660,True,0,0.8595271210013908,0x1ad8ecce883d7b48,0.9958275382475661,110880660,True,0,0.6870653685674548,0x659f99ab43239003,True,False,True,False,True,False,True,False,True,False,True,False,False,False,False,False,0.0,0,0,0,0,0,0,0,0,0,0.0,0,0,0,0,0,0,0,0,0,3.0,0,0,0,0,0,0,0,0,0,-606.0,10,0,0,0,0,0,0,5,-5,-608.0,10,0,0,0,0,0,0,5,-5,-336.0,10,0,0,0,0,0,0,5,-5,-336.0,10,0,0,0,0,0,0,5,-5,-441.0,10,0,0,0,0,0,0,5,-5,-144.0,23,0,0,0,9,-9,0,5,0,-1472.0,7,0,0,0,1,-1,0,5,0,-2636.0,18,0,0,0,9,-9,0,0,0,-4248.0,0,0,0,0,0,0,0,0,0
111181330,56384919,56141076,1542.9070825839715,loss,-537.0,1.0,110847763,True,25,0.5952712100139083,0xca2ba1bf65b01bfe,1.0,110847763,True,0,0.6453407510431154,0x1201e06174dd0661,1.0,110847763,True,0,0.4381084840055633,0xbd11156eb8fb5dde,True,False,False,False,False,False,False,False,False,False,False,False,False,False,False,False,-15.0,0,0,0,0,0,0,0,0,0,10.0,0,0,0,0,0,0,0,0,0,-120.0,0,0,0,0,0,0,0,0,0,922.0,2,1,-1,0,0,0,0,0,0,1410.0,2,1,-1,0,0,0,0,0,0,698.0,2,1,-1,0,0,0,0,0,0,1464.0,2,1,-1,0,0,0,0,0,0,1448.0,2,1,-1,0,0,0,0,0,0,-705.0,12,1,-1,0,-5,5,0,0,0,1857.0,7,1,-1,-1,-2,2,0,0,0,1758.0,21,1,-1,-1,-9,9,0,0,0,-537.0,3,1,-1,-1,0,0,0,0,0
111180222,56384919,56281269,1481.2165054975071,win,4785.0,0.9874826147426982,110878430,True,218,0.8484005563282336,0xd46c10da5cc413d9,0.9415855354659249,110878430,True,0,0.6091794158553546,0x75b9b38715da8ce6,0.9374130737134909,110878430,True,0,0.5535465924895688,0x51e4a316fc380abf,True,False,True,False,True,False,True,False,True,False,True,False,False,False,False,False,-23.0,0,0,0,0,0,0,0,0,0,7.0,0,0,0,0,0,0,0,0,0,56.0,0,0,0,0,0,0,0,0,0,-1210.0,6,-3,0,3,0,0,0,0,0,-759.0,6,-3,0,3,0,0,0,0,0,816.0,6,-3,0,3,0,0,0,0,0,996.0,6,-3,0,3,0,0,0,0,0,1284.0,6,-3,0,3,0,0,0,0,0,2321.0,6,-3,0,3,0,0,0,0,0,3172.0,6,-3,0,3,0,0,0,0,0,3715.0,6,-3,0,3,0,0,0,0,0,4785.0,6,-3,0,3,0,0,0,0,0
111179102,56384919,56097904,1477.996563516282,win,7479.0,0.9930458970792768,110847763,True,2,0.04450625869262865,0x1e2a4b7b32dc746,0.9930458970792768,110847763,True,0,0.40751043115438107,0xf09eb53072155385,0.9888734353268428,110847763,True,0,0.019471488178025034,0xa58ae23a27d2d0fc,False,False,False,False,False,False,False,False,False,False,False,False,False,False,False,False,51.0,0,0,0,0,0,0,0,0,0,585.0,0,0,0,0,0,0,0,0,0,722.0,0,0,0,0,0,0,0,0,0,1566.0,1,1,0,0,0,0,0,0,0,2812.0,1,1,0,0,0,0,0,0,0,4773.0,1,1,0,0,0,0,0,0,0,4802.0,2,1,0,0,1,0,0,0,0,4888.0,1,1,0,0,0,0,0,0,0,2918.0,11,1,0,0,-4,5,0,-1,0,5619.0,29,1,0,-1,-13,14,0,0,0,5661.0,5,1,0,-1,0,-3,0,0,0,7479.0,2,1,0,-1,0,0,0,0,0
111177982,56384919,56253867,1480.240778874669,win,4171.0,0.96105702364395,110870709,True,152,0.7691237830319889,0xd46c10da5cc413d9,0.9596662030598053,110870709,True,0,0.6912378303198887,0xeb6f1a73c2b2a743,0.9290681502086231,110870709,True,0,0.5897079276773296,0x67871f0077224920,True,False,True,False,True,False,True,False,True,False,False,False,False,False,True,True,-10.0,0,0,0,0,0,0,0,0,0,20.0,0,0,0,0,0,0,0,0,0,-128.0,0,0,0,0,0,0,0,0,0,-321.0,0,0,0,0,0,0,0,0,0,-279.0,0,0,0,0,0,0,0,0,0,923.0,0,0,0,0,0,0,0,0,0,1108.0,0,0,0,0,0,0,0,0,0,1550.0,0,0,0,0,0,0,0,0,0,1953.0,0,0,0,0,0,0,0,0,0,6334.0,0,0,0,0,0,0,0,0,0,7950.0,0,0,0,0,0,0,0,0,0,4171.0,0,0,0,0,0,0,0,0,0
111176885,56384919,56086648,1399.9762406722311,win,2065.0,0.9874826147426982,110877591,True,2,0.0458970792767733,0x1e2a4b7b32dc746,0.9179415855354659,110854412,True,0,0.4144645340751043,0x9ba7e6d2baed766a,0.9054242002781642,110828917,True,0,0.019471488178025034,0x9400407857130d18,False,False,False,False,False,False,False,False,False,False,False,False,False,False,False,False,19.0,0,0,0,0,0,0,0,0,0,582.0,0,0,0,0,0,0,0,0,0,740.0,1,-1,0,0,0,0,0,0,0,936.0,4,-2,2,0,0,0,0,0,0,-539.0,4,-2,2,0,0,0,0,0,0,2137.0,4,-2,2,0,0,0,0,0,0,2026.0,5,-2,2,0,1,0,0,0,0,2006.0,4,-2,2,0,0,0,0,0,0,152.0,6,-2,2,0,1,0,0,-1,0,-2400.0,31,6,2,0,-11,12,0,0,0,-3417.0,35,8,6,0,9,-12,0,0,0,2065.0,14,8,6,0,0,0,0,0,0
111175763,56384919,56211203,1411.019846858907,win,4906.0,0.9916550764951322,110822302,True,1,0.009735744089012517,0x6a9f54b9fa8ca7cf,0.8595271210013908,110823403,True,0,0.37830319888734354,0x49d764f6c9933671,0.8539638386648123,110823403,True,0,0.0,0x23ed518951eb8870,False,False,False,False,False,False,False,False,False,False,False,False,False,False,False,False,-833.0,25,-2,1,0,-11,0,0,0,11,385.0,29,-2,0,-1,-12,-1,0,-6,7,-1666.0,22,-1,1,-3,-6,0,0,-5,6,8234.0,33,-2,2,-1,12,0,0,-7,-9,10327.0,47,-2,2,-1,21,0,0,-11,-10,5033.0,38,-2,2,-1,17,0,0,-11,-5,6180.0,36,-2,2,-1,16,-1,0,-11,-3,-2055.0,34,-2,2,-1,15,-2,0,-11,-1,-1914.0,38,-2,2,-1,20,-5,0,-8,0,1651.0,37,-2,2,-1,-10,17,0,5,0,3511.0,14,-2,2,-1,-4,-1,0,-4,0,4906.0,8,-2,2,-1,0,0,0,-3,0
111174656,56384919,56386756,1440.0656406130488,loss,-2732.0,0.9860917941585535,110837769,True,217,0.7858136300417247,0xd46c10da5cc413d9,0.9429763560500696,110837769,True,0,0.5966620305980529,0x6c0fbd5c674cd72b,0.933240611961057,110837769,True,0,0.521557719054242,0xae3ef0dacd9279e8,True,False,True,False,True,False,True,False,True,False,True,False,False,False,False,False,0.0,0,0,0,0,0,0,0,0,0,-2.0,0,0,0,0,0,0,0,0,0,-81.0,0,0,0,0,0,0,0,0,0,-1333.0,0,0,0,0,0,0,0,0,0,-1272.0,0,0,0,0,0,0,0,0,0,-1726.0,0,0,0,0,0,0,0,0,0,-2050.0,0,0,0,0,0,0,0,0,0,-2684.0,0,0,0,0,0,0,0,0,0,-1836.0,26,0,0,0,13,-13,0,0,0,-1960.0,5,0,0,1,2,-2,0,0,0,-2451.0,17,0,0,1,8,-8,0,0,0,-2732.0,1,0,0,1,0,0,0,0,0
111173552,56384919,56230346,1518.4035581875896,win,4898.0,0.9958275382475661,110872911,True,15,0.9847009735744089,0x30e0a07f31d8449f,0.9193324061196105,110893876,True,0,0.7065368567454798,0xc21e6ea566ecf743,0.9165507649513213,110893876,True,0,0.6968011126564673,0xe38b659d5669a112,False,False,False,False,False,False,False,False,False,False,False,False,False,False,False,False,44.0,1,0,0,0,0,0,0,0,1,74.0,1,0,0,0,0,0,0,0,1,-170.0,2,1,0,0,0,0,0,0,1,544.0,1,1,0,0,0,0,0,0,0,1797.0,1,1,0,0,0,0,0,0,0,2862.0,1,1,0,0,0,0,0,0,0,3159.0,1,1,0,0,0,0,0,0,0,3565.0,1,1,0,0,0,0,0,0,0,3908.0,1,1,0,0,0,0,0,0,0,4461.0,1,1,0,0,0,0,0,0,0,4887.0,1,1,0,0,0,0,0,0,0,4898.0,1,1,0,0,0,0,0,0,0
111172434,56384919,56266187,1383.0213224515674,win,15900.0,0.9276773296244785,110832243,True,2,0.26425591098748263,0x6312cc26930651a9,0.9082058414464534,110832243,True,0,0.5577190542420027,0x9867f1e444e40280,0.8623087621696801,110832243,True,0,0.1905424200278164,0x81ba14cfaf93b5e0,False,False,False,False,False,False,False,False,False,False,False,False,False,False,False,False,-29.0,0,0,0,0,0,0,0,0,0,2.0,0,0,0,0,0,0,0,0,0,-275.0,4,-2,2,0,0,0,0,0,0,1094.0,9,-2,4,-3,0,0,0,0,0,-339.0,9,-2,4,-3,0,0,0,0,0,4581.0,9,-2,4,-3,0,0,0,0,0,5842.0,9,-2,4,-3,0,0,0,0,0,8005.0,10,0,4,-3,2,0,0,1,0,9883.0,12,0,4,-3,2,0,0,3,0,15761.0,10,0,4,-2,0,4,0,0,0,15019.0,6,0,4,-2,0,0,0,0,0,15900.0,6,0,4,-2,0,0,0,0,0
111171320,56384919,56387302,1563.7442845078365,loss,-17369.0,0.9791376912378303,110833348,True,1,0.0027816411682892906,0xc2f27af8fd317511,0.9666203059805285,110886175,True,0,0.26564673157162727,0xb03ba016ca26083f,0.9485396383866481,110886175,True,0,0.0,0x69851b49d663c9c1,False,False,False,False,False,False,False,False,False,False,False,False,False,False,False,False,173.0,5,1,-1,0,1,0,0,-2,0,-11.0,10,2,-1,0,3,0,0,-4,0,776.0,7,0,-3,0,3,0,0,-1,0,8282.0,14,-3,1,0,-5,0,0,3,-2,-1372.0,8,-3,1,0,-1,0,-1,2,0,-4311.0,14,-3,1,0,4,0,-4,2,0,-8300.0,21,-3,1,0,-2,0,-6,9,0,-9037.0,23,-3,1,0,0,-3,-6,10,0,-11307.0,57,-1,4,0,11,-22,-6,13,0,-14685.0,31,-1,5,0,-6,-5,-4,10,0,-18311.0,33,2,10,0,-8,10,-2,-1,0,-17369.0,14,2,10,0,0,0,-2,0,0
111170199,56384919,56120608,1406.6095895413748,win,4228.0,0.9972183588317107,110822302,True,2,0.04172461752433936,0x1e2a4b7b32dc746,0.866481223922114,110843156,True,0,0.3671766342141864,0xb6c06b58c9b2e330,0.8581363004172462,110843156,True,0,0.016689847009735744,0x52d0458137aa024b,False,False,False,False,False,False,False,False,False,False,False,False,False,False,False,False,73.0,0,0,0,0,0,0,0,0,0,578.0,0,0,0,0,0,0,0,0,0,803.0,0,0,0,0,0,0,0,0,0,747.0,1,0,1,0,0,0,0,0,0,1308.0,1,0,1,0,0,0,0,0,0,4154.0,1,0,1,0,0,0,0,0,0,3385.0,2,0,1,0,1,0,0,0,0,2318.0,1,0,1,0,0,0,0,0,0,1925.0,3,0,1,0,1,0,0,-1,0,3161.0,24,0,1,0,-11,12,0,0,0,-1087.0,21,0,1,0,9,-11,0,0,0,4228.0,1,0,1,0,0,0,0,0,0
111169085,56384919,56128629,1371.021225607948,win,305.0,0.9666203059805285,110937716,True,2,0.18219749652294853,0x1e2a4b7b32dc746,0.972183588317107,110814569,True,0,0.3963838664812239,0xb6c06b58c9b2e330,0.9401947148817803,110937716,True,0,0.0584144645340751,0x52d0458137aa024b,False,False,False,False,False,False,False,False,False,False,False,False,False,False,False,False,73.0,0,0,0,0,0,0,0,0,0,578.0,0,0,0,0,0,0,0,0,0,102.0,2,-1,0,0,0,0,0,1,0,1563.0,2,-1,0,0,0,0,0,1,0,1126.0,2,-1,0,0,0,0,0,1,0,138.0,2,-1,0,0,0,0,0,1,0,215.0,3,-1,0,0,1,0,0,1,0,511.0,2,-1,0,0,0,0,0,1,0,-627.0,2,-1,0,0,1,0,0,0,0,-3644.0,47,-1,0,0,-23,23,0,0,0,-4396.0,34,-1,2,0,-22,9,0,0,0,305.0,3,-1,2,0,0,0,0,0,0
111167976,56384919,56062250,1381.7391659829973,win,10261.0,0.9151599443671766,110876240,True,2,0.1780250347705146,0x1e2a4b7b32dc746,0.913769123783032,110836675,True,0,0.41585535465924894,0x8a6ac1f31e640345,0.8456189151599444,110832243,True,0,0.0584144645340751,0xd472094e2013d8f1,False,False,False,False,False,False,False,False,False,False,False,False,False,False,False,False,49.0,0,0,0,0,0,0,0,0,0,583.0,0,0,0,0,0,0,0,0,0,613.0,5,-3,2,0,0,0,0,0,0,2240.0,5,-3,2,0,0,0,0,0,0,1130.0,6,-3,2,0,1,0,0,0,0,2783.0,5,-3,2,0,0,0,0,0,0,3762.0,6,-3,2,0,1,0,0,0,0,4734.0,5,-3,2,0,0,0,0,0,0,5895.0,7,-3,2,0,1,0,0,-1,0,6692.0,52,-3,2,0,-23,24,0,0,0,7334.0,28,-3,2,0,-12,11,0,0,0,10261.0,5,-3,2,0,0,0,0,0,0
111166839,56384919,56385038,1529.32171031507,loss,-6111.0,0.9958275382475661,110822302,True,151,0.6968011126564673,0xd46c10da5cc413d9,0.9582753824756607,110867399,True,119,0.627260083449235,0xb8574f927bdbba9,0.9457579972183588,110862152,True,119,0.5201668984700973,0x771b4ab81c93a820,True,True,True,True,True,True,True,False,True,False,False,False,False,False,False,False,0.0,0,0,0,0,0,0,0,0,0,0.0,0,0,0,0,0,0,0,0,0,-203.0,4,2,0,-2,0,0,0,0,0,-613.0,4,2,0,-2,0,0,0,0,0,-442.0,4,2,0,-2,0,0,0,0,0,-1124.0,4,2,0,-2,0,0,0,0,0,-2097.0,4,2,0,-2,0,0,0,0,0,-2248.0,4,2,0,-2,0,0,0,0,0,-2935.0,4,2,0,-2,0,0,0,0,0,-4135.0,4,2,0,-2,0,0,0,0,0,-5771.0,4,2,0,-2,0,0,0,0,0,-6111.0,4,2,0,-2,0,0,0,0,0
111166862,56384919,56270905,1387.7916660167498,win,6516.0,0.9944367176634215,111031799,True,2,0.04728789986091794,0x1e2a4b7b32dc746,0.9652294853963839,111031799,True,0,0.46870653685674546,0x9efb7ad1f89c6d78,0.9624478442280946,111031799,True,0,0.022253129346314324,0xfbff64728cafefcc,False,False,False,False,False,False,False,False,False,False,False,False,False,False,False,False,29.0,0,0,0,0,0,0,0,0,0,34.0,0,0,0,0,0,0,0,0,0,330.0,2,-1,0,0,0,0,0,1,0,65.0,3,-1,1,0,0,0,0,1,0,741.0,3,-1,1,0,0,0,0,1,0,1111.0,3,-1,1,0,0,0,0,1,0,2169.0,4,-1,1,0,1,0,0,1,0,2557.0,3,-1,1,0,0,0,0,1,0,3312.0,3,-1,1,0,1,0,0,0,0,3906.0,32,8,1,0,-11,12,0,0,0,5697.0,35,8,6,0,9,-12,0,0,0,6516.0,14,8,6,0,0,0,0,0,0
111165760,56384919,56116662,1351.9854217976158,win,437.0,0.9401947148817803,110870969,True,2,0.04172461752433936,0x1e2a4b7b32dc746,0.8678720445062587,111051413,True,0,0.42141863699582754,0x8a6ac1f31e640345,0.8303198887343533,110870969,True,0,0.015299026425591099,0xd472094e2013d8f1,False,False,False,False,False,False,False,False,False,False,False,False,False,False,False,False,49.0,0,0,0,0,0,0,0,0,0,583.0,0,0,0,0,0,0,0,0,0,205.0,1,-1,0,0,0,0,0,0,0,774.0,6,-1,-2,3,0,0,0,0,0,2485.0,7,-1,-2,3,1,0,0,0,0,-468.0,6,-1,-2,3,0,0,0,0,0,-139.0,7,-1,-2,3,1,0,0,0,0,-252.0,6,-1,-2,3,0,0,0,0,0,-756.0,8,-1,-2,3,1,0,0,-1,0,-5095.0,53,-1,-2,3,-23,24,0,0,0,-5743.0,29,-1,-2,3,-12,11,0,0,0,437.0,6,-1,-2,3,0,0,0,0,0
111164639,56384919,56091814,1400.7296519634854,win,90095.0,0.9930458970792768,110847763,True,2,0.031988873435326845,0x319b66fb6366447,0.9902642559109874,110847763,True,0,0.37830319888734354,0x2565fef7a4680a95,0.9833101529902643,110847763,True,0,0.012517385257301807,0xffa19f3dd6a080d,False,False,False,False,False,False,False,False,False,False,False,False,False,False,False,False,326.0,3,2,0,0,0,0,0,0,1,460.0,12,3,0,0,0,0,0,3,6,1700.0,22,5,2,0,-2,0,0,7,6,11336.0,21,6,3,0,5,0,0,7,0,19802.0,17,6,3,0,1,0,0,7,0,30127.0,16,6,3,0,0,0,0,7,0,39325.0,17,6,3,0,1,0,0,7,0,44488.0,16,6,3,0,0,0,0,7,0,55623.0,21,6,3,0,-4,5,0,3,0,73788.0,37,6,3,-1,-13,14,0,0,0,82906.0,13,6,3,-1,0,-3,0,0,0,90095.0,10,6,3,-1,0,0,0,0,0
111163534,56384919,56077160,1360.992321784129,win,13309.0,0.9346314325452016,110901579,True,2,0.04450625869262865,0x1e2a4b7b32dc746,0.9554937413073713,110901579,True,0,0.41168289290681503,0x8a6ac1f31e640345,0.9193324061196105,110901579,True,0,0.019471488178025034,0xd472094e2013d8f1,False,False,False,False,False,False,False,False,False,False,False,False,False,False,False,False,49.0,0,0,0,0,0,0,0,0,0,583.0,0,0,0,0,0,0,0,0,0,719.0,1,0,0,0,-1,0,0,0,0,1576.0,1,1,0,0,0,0,0,0,0,2783.0,1,1,0,0,0,0,0,0,0,5038.0,1,1,0,0,0,0,0,0,0,5406.0,2,1,0,0,1,0,0,0,0,5591.0,1,1,0,0,0,0,0,0,0,4855.0,11,1,0,0,-4,5,0,-1,0,6549.0,27,1,0,-1,-12,13,0,0,0,8421.0,23,1,0,-1,9,-12,0,0,0,13309.0,2,1,0,-1,0,0,0,0,0
111162430,56384919,56112320,1462.6930342711055,loss,-636.0,0.9986091794158554,110902679,True,2,0.12100139082058414,0x1e2a4b7b32dc746,0.9304589707927677,110881767,True,0,0.34492350486787204,0xb6c06b58c9b2e330,0.9221140472878998,110925497,True,0,0.02642559109874826,0x52d0458137aa024b,False,False,False,False,False,False,False,False,False,False,False,False,False,False,False,False,73.0,0,0,0,0,0,0,0,0,0,578.0,0,0,0,0,0,0,0,0,0,-418.0,2,0,0,0,0,0,0,2,0,1684.0,3,0,-1,0,0,0,0,2,0,60.0,3,0,-1,0,0,0,0,2,0,-546.0,3,0,-1,0,0,0,0,2,0,-1286.0,3,0,-1,0,0,0,0,2,0,335.0,3,0,-1,0,0,0,0,2,0,-2729.0,1,0,-1,0,0,0,0,0,0,-597.0,47,0,-1,0,-23,23,0,0,0,-2494.0,20,0,-1,0,-10,9,0,0,0,-636.0,1,0,-1,0,0,0,0,0,0
111161295,56384919,56288185,1480.9620956665124,loss,-471.0,0.9860917941585535,110869619,False,1,0.17663421418636996,0xca3c74494929ce39,0.9666203059805285,110869619,True,0,0.5159944367176634,0xac0adfe53c882339,0.952712100139082,110869619,False,0,0.09735744089012517,0x9180d02e7774665c,False,False,False,False,False,False,False,False,False,False,False,False,False,False,False,False,-20.0,1,0,0,0,-1,0,0,0,0,-24.0,0,0,0,0,0,0,0,0,0,-279.0,0,0,0,0,0,0,0,0,0,177.0,1,0,-1,0,0,0,0,0,0,545.0,1,0,-1,0,0,0,0,0,0,-1568.0,1,0,-1,0,0,0,0,0,0,-2572.0,1,0,-1,0,0,0,0,0,0,-3703.0,1,0,-1,0,0,0,0,0,0,-1974.0,1,0,-1,0,0,0,0,0,0,-1450.0,7,0,-1,0,-3,3,0,0,0,-1123.0,18,0,-1,0,9,-8,0,0,0,-471.0,1,0,-1,0,0,0,0,0,0
111160200,56384919,56119364,1480.4886574174498,loss,-734.0,0.9888734353268428,110865488,True,235,0.980528511821975,0xd46c10da5cc413d9,0.8901251738525731,110897185,True,0,0.7399165507649513,0xeb6f1a73c2b2a743,0.8428372739916551,110862152,True,0,0.7301808066759388,0x67871f0077224920,True,False,True,False,True,False,True,False,True,False,True,False,False,False,True,True,-10.0,0,0,0,0,0,0,0,0,0,19.0,0,0,0,0,0,0,0,0,0,29.0,0,0,0,0,0,0,0,0,0,49.0,0,0,0,0,0,0,0,0,0,122.0,0,0,0,0,0,0,0,0,0,220.0,0,0,0,0,0,0,0,0,0,819.0,0,0,0,0,0,0,0,0,0,1010.0,0,0,0,0,0,0,0,0,0,764.0,0,0,0,0,0,0,0,0,0,-105.0,0,0,0,0,0,0,0,0,0,434.0,0,0,0,0,0,0,0,0,0,-734.0,0,0,0,0,0,0,0,0,0
111159080,56384919,56230346,1514.735277452915,loss,-6432.0,0.7371349095966621,111007532,True,15,0.6648122392211405,0x30e0a07f31d8449f,0.866481223922114,110823089,True,0,0.6856745479833102,0xc21e6ea566ecf743,0.6759388038942976,110823089,True,0,0.4909596662030598,0xe38b659d5669a112,False,False,False,False,False,False,False,False,False,False,False,False,False,False,False,False,44.0,1,0,0,0,0,0,0,0,1,73.0,1,0,0,0,0,0,0,0,1,145.0,4,-1,0,2,0,0,0,0,1,1935.0,3,-1,0,2,0,0,0,0,0,1955.0,3,-1,0,2,0,0,0,0,0,3020.0,6,-1,-3,2,0,0,0,0,0,-104.0,6,-1,-3,2,0,0,0,0,0,393.0,6,-1,-3,2,0,0,0,0,0,-2706.0,6,-1,-3,2,0,0,0,0,0,-5141.0,6,-1,-3,2,0,0,0,0,0,-6090.0,6,-1,-3,2,0,0,0,0,0,-6432.0,6,-1,-3,2,0,0,0,0,0
111157986,56384919,56143774,1451.8794243648074,loss,-1513.0,0.9944367176634215,110886175,True,144,0.31154381084840055,0xd46c10da5cc413d9,0.9791376912378303,110886175,True,0,0.5271210013908206,0xeb6f1a73c2b2a743,0.9763560500695411,110886175,True,0,0.22948539638386647,0x67871f0077224920,True,False,True,False,True,False,True,False,True,False,False,False,False,False,False,False,-10.0,0,0,0,0,0,0,0,0,0,19.0,0,0,0,0,0,0,0,0,0,-222.0,0,0,0,0,0,0,0,0,0,254.0,1,0,-1,0,0,0,0,0,0,1101.0,1,0,-1,0,0,0,0,0,0,-1058.0,1,0,-1,0,0,0,0,0,0,-2009.0,1,0,-1,0,0,0,0,0,0,-3617.0,1,0,-1,0,0,0,0,0,0,-4210.0,1,0,-1,0,0,0,0,0,0,-4062.0,7,0,-1,0,-3,3,0,0,0,473.0,3,0,-1,0,1,-1,0,0,0,-1513.0,1,0,-1,0,0,0,0,0,0
111156861,56384919,56251148,1535.7795618177731,loss,-959.0,0.9443671766342142,110861891,True,152,0.8706536856745479,0xd46c10da5cc413d9,0.8052851182197497,110870709,True,0,0.6383866481223922,0xeb6f1a73c2b2a743,0.7468706536856745,110870709,True,0,0.5660639777468707,0x67871f0077224920,True,False,True,False,True,False,True,False,True,False,False,False,False,False,True,True,-10.0,0,0,0,0,0,0,0,0,0,19.0,0,0,0,0,0,0,0,0,0,-126.0,0,0,0,0,0,0,0,0,0,-312.0,0,0,0,0,0,0,0,0,0,88.0,0,0,0,0,0,0,0,0,0,213.0,0,0,0,0,0,0,0,0,0,288.0,0,0,0,0,0,0,0,0,0,425.0,0,0,0,0,0,0,0,0,0,292.0,0,0,0,0,0,0,0,0,0,2519.0,0,0,0,0,0,0,0,0,0,-233.0,0,0,0,0,0,0,0,0,0,-959.0,0,0,0,0,0,0,0,0,0
111155755,56384919,56236772,1496.036575459222,win,4277.0,0.9958275382475661,110857464,True,0,0.9554937413073713,0x6808de75584368f4,0.9165507649513213,110857464,True,0,0.7454798331015299,0x1f2534a083b26199,0.9151599443671766,110857464,True,0,0.7385257301808067,0xfa2a7ca0e1e43b91,False,False,False,False,False,False,False,False,False,False,False,False,False,False,True,True,15.0,0,0,0,0,0,0,0,0,0,-15.0,0,0,0,0,0,0,0,0,0,-12.0,0,0,0,0,0,0,0,0,0,-212.0,0,0,0,0,0,0,0,0,0,-259.0,0,0,0,0,0,0,0,0,0,30.0,0,0,0,0,0,0,0,0,0,535.0,0,0,0,0,0,0,0,0,0,194.0,0,0,0,0,0,0,0,0,0,1376.0,0,0,0,0,0,0,0,0,0,3244.0,0,0,0,0,0,0,0,0,0,4309.0,0,0,0,0,0,0,0,0,0,4277.0,0,0,0,0,0,0,0,0,0
111154636,56384919,56288473,1450.341668824639,win,13713.0,0.9930458970792768,110904914,True,1,0.004172461752433936,0x9ed4015228a350f3,0.9763560500695411,110904914,True,0,0.25869262865090403,0x2a649dcda1aff490,0.972183588317107,110904914,True,0,0.0,0xf8b34a4f112932cc,False,False,False,False,False,False,False,False,False,False,False,False,False,False,False,False,168.0,5,1,-1,0,1,0,0,-2,0,-436.0,10,2,-1,0,3,0,0,-4,0,-1916.0,17,4,1,-4,3,0,-1,-4,0,4476.0,13,0,3,-1,-3,0,-1,3,-2,6664.0,7,0,-1,-1,1,0,-1,3,0,4691.0,21,-1,-1,-1,8,0,-7,3,0,4341.0,31,-1,-1,-1,12,0,-11,5,0,2760.0,31,-1,-1,-1,8,0,-11,9,0,4348.0,46,-1,-1,-1,10,-9,-11,13,0,6889.0,34,-1,-1,-1,3,6,-10,12,0,9160.0,28,0,0,-1,9,-10,-8,0,0,13713.0,7,0,0,-1,0,0,-6,0,0
111153518,56384919,56122224,1534.779939735536,win,4320.0,0.9360222531293463,110907562,True,186,0.933240611961057,0xd46c10da5cc413d9,0.8581363004172462,110823403,True,0,0.6356050069541029,0x617f8a9188195e2c,0.8150208623087621,110823403,True,0,0.6036161335187761,0x9ebde2553853bb1f,True,False,True,False,True,False,True,False,True,False,False,False,False,False,False,True,-10.0,0,0,0,0,0,0,0,0,0,18.0,0,0,0,0,0,0,0,0,0,23.0,0,0,0,0,0,0,0,0,0,-171.0,0,0,0,0,0,0,0,0,0,-49.0,0,0,0,0,0,0,0,0,0,320.0,0,0,0,0,0,0,0,0,0,1593.0,0,0,0,0,0,0,0,0,0,610.0,0,0,0,0,0,0,0,0,0,1284.0,0,0,0,0,0,0,0,0,0,2173.0,0,0,0,0,0,0,0,0,0,4520.0,0,0,0,0,0,0,0,0,0,4320.0,0,0,0,0,0,0,0,0,0
111151335,56384919,56329443,1299.7279080017026,win,22484.0,0.9707927677329624,110872085,True,1,0.004172461752433936,0x107aafb399c3bdc8,0.9221140472878998,110866288,True,0,0.2517385257301808,0x39d00a9eae3aee53,0.8984700973574409,110866288,True,0,0.0,0x7b678dfcda505132,False,False,False,False,False,False,False,False,False,False,False,False,False,False,False,False,171.0,6,1,-1,0,2,0,0,-2,0,129.0,10,2,-1,0,3,0,0,-4,0,335.0,13,1,1,0,5,0,0,-6,0,9783.0,20,-1,2,3,-5,0,-1,6,-2,12270.0,21,-1,0,3,4,0,-8,5,0,16433.0,26,-1,0,3,6,0,-11,5,0,6110.0,20,1,1,3,5,0,-2,8,0,8305.0,21,1,1,3,1,0,-3,12,0,12867.0,29,1,1,3,2,-6,-2,14,0,13999.0,29,1,1,3,-7,3,4,10,0,18358.0,26,3,6,3,3,5,5,-1,0,22484.0,19,3,6,3,0,0,6,-1,0
111152412,56384919,56356362,1314.8105791414314,win,220.0,0.9972183588317107,110856362,True,2,0.04450625869262865,0x1e2a4b7b32dc746,0.980528511821975,110879542,True,0,0.3810848400556328,0xa79a4b571636ac59,0.9791376912378303,110879542,True,0,0.01808066759388039,0xd1f78b19286fc1b0,False,False,False,False,False,False,False,False,False,False,False,False,False,False,False,False,51.0,0,0,0,0,0,0,0,0,0,586.0,0,0,0,0,0,0,0,0,0,728.0,0,0,0,0,0,0,0,0,0,1064.0,7,-3,1,3,0,0,0,0,0,1895.0,7,-3,1,3,0,0,0,0,0,4334.0,7,-3,1,3,0,0,0,0,0,7273.0,8,-3,1,3,1,0,0,0,0,3786.0,7,-3,1,3,0,0,0,0,0,243.0,9,-3,1,3,1,0,0,-1,0,-893.0,54,-3,1,3,-23,24,0,0,0,-1612.0,36,-3,1,3,-18,11,0,0,0,220.0,13,-3,1,3,-6,0,0,0,0
111150205,56384919,55894423,1222.2769917073836,win,16702.0,0.9401947148817803,110869864,True,2,0.14603616133518776,0xce369ae60dccd35d,0.8678720445062587,110914648,True,0,0.44367176634214184,0xd4674fe98418e41a,0.847009735744089,110914648,True,0,0.06954102920723226,0x8df7836ea0b5b941,False,False,False,False,False,False,False,False,False,False,False,False,False,False,False,False,-18.0,0,0,0,0,0,0,0,0,0,468.0,0,0,0,0,0,0,0,0,0,341.0,5,-2,2,0,-1,0,0,0,0,1004.0,5,-2,2,0,0,0,0,-1,0,101.0,5,-2,2,0,0,0,0,-1,0,4360.0,5,-2,2,0,0,0,0,-1,0,5569.0,6,-2,2,0,1,0,0,-1,0,7472.0,5,-2,2,0,0,0,0,-1,0,7993.0,7,-2,2,0,1,0,0,-2,0,10832.0,50,-2,2,0,-23,23,0,0,0,10021.0,30,-2,2,0,-18,8,0,0,0,16702.0,10,-2,2,0,-6,0,0,0,0
111149074,56384919,56160853,1223.8378320087047,win,170832.0,0.6981919332406119,110836675,True,2,0.022253129346314324,0x378cb6f7067ef86d,0.7955493741307371,110873211,True,0,0.502086230876217,0x8ae4069dbce2fca0,0.6105702364394993,110832243,True,0,0.019471488178025034,0x2dfdb72fff55b6ef,False,False,False,False,False,False,False,False,False,False,False,False,False,False,False,False,220.0,24,3,2,0,7,0,0,0,12,867.0,25,4,2,0,3,0,0,4,12,1882.0,48,8,4,0,4,0,0,20,12,19974.0,68,7,8,0,20,0,0,33,0,31592.0,72,7,8,0,24,0,0,33,0,57413.0,73,7,8,0,25,0,0,33,0,72626.0,65,7,8,0,22,0,0,28,0,80041.0,65,7,8,0,22,0,0,28,0,107135.0,69,7,8,0,36,0,0,18,0,134733.0,71,7,8,0,19,24,0,13,0,159137.0,36,7,8,0,8,13,0,0,0,170832.0,15,7,8,0,0,0,0,0,0
111147932,56384919,55715067,959.5601760352477,win,17931.0,0.9944367176634215,110822302,True,1,0.0027816411682892906,0x2e75ca63759b7021,0.8817802503477051,110865488,True,0,0.3045897079276773,0x49e5a2287393f942,0.874826147426982,110865488,True,0,0.0,0x6b01de54236c977c,False,False,False,False,False,False,False,False,False,False,False,False,False,False,False,False,211.0,13,2,-2,0,2,0,0,0,7,796.0,18,2,-2,0,-4,0,0,-3,7,1139.0,15,0,0,0,-8,0,0,0,7,11749.0,27,0,2,3,7,0,0,-3,-12,17281.0,31,0,2,3,11,0,0,-3,-12,21781.0,32,0,2,3,12,0,0,-3,-12,20845.0,26,0,2,3,9,0,0,0,-12,12622.0,6,0,2,3,1,0,0,0,0,18185.0,13,0,2,3,-6,0,0,2,0,18529.0,82,0,2,3,-40,29,0,8,0,17611.0,34,0,2,3,-17,12,0,0,0,17931.0,5,0,2,3,0,0,0,0,0
111146822,56384919,56164286,1085.030483582555,win,28409.0,0.9916550764951322,110822302,True,0,0.005563282336578581,0x7943a44561a10926,0.9388038942976356,110896084,True,0,0.2726008344923505,0xc61e508a5d59d8b1,0.9304589707927677,110896084,True,0,0.0027816411682892906,0xf9041d361fcd1a48,False,False,False,False,False,False,False,False,False,False,False,False,False,False,False,False,165.0,1,1,0,0,0,0,0,0,0,518.0,0,0,0,0,0,0,0,0,0,936.0,5,2,0,0,2,0,0,1,0,6363.0,10,0,0,3,3,0,0,-4,0,9319.0,16,0,0,3,8,0,0,-5,0,15537.0,17,0,0,3,9,0,0,-5,0,18223.0,10,0,0,3,2,0,0,-5,0,19920.0,12,0,0,3,4,0,0,-5,0,20293.0,32,0,0,3,17,-2,0,-10,0,22801.0,53,0,0,3,-19,26,0,-5,0,25092.0,19,0,0,3,-1,12,0,-3,0,28409.0,7,0,0,3,-1,0,0,-3,0
111145704,56384919,55752070,1067.2381100734394,win,33912.0,0.9888734353268428,110844461,True,0,0.005563282336578581,0x7943a44561a10926,0.9360222531293463,110868497,True,0,0.2670375521557719,0xc61e508a5d59d8b1,0.9262865090403338,110844461,True,0,0.0027816411682892906,0xf9041d361fcd1a48,False,False,False,False,False,False,False,False,False,False,False,False,False,False,False,False,165.0,1,1,0,0,0,0,0,0,0,517.0,0,0,0,0,0,0,0,0,0,393.0,5,2,0,0,2,0,0,1,0,6591.0,14,-2,2,3,3,0,0,-4,0,10084.0,19,-2,2,3,7,0,0,-5,0,17325.0,22,-2,2,3,10,0,0,-5,0,14370.0,25,-2,2,3,3,0,10,-5,0,14504.0,26,-2,2,3,4,0,10,-5,0,15820.0,46,-2,2,3,17,-2,10,-10,0,21232.0,67,-2,2,3,-19,26,10,-5,0,28645.0,33,-2,2,3,-1,12,10,-3,0,33912.0,21,-2,2,3,-1,0,10,-3,0
111144597,56384919,56384727,1284.998685734673,loss,-6023.0,0.9958275382475661,110876240,True,184,0.7454798331015299,0xd46c10da5cc413d9,0.9290681502086231,110881767,True,96,0.6675938803894298,0x4581c85d8baea5f1,0.9262865090403338,110876240,True,96,0.5938803894297635,0x8f14ab2bbbd533dc,True,True,True,True,True,False,True,False,True,False,False,False,False,False,False,False,0.0,0,0,0,0,0,0,0,0,0,0.0,0,0,0,0,0,0,0,0,0,-114.0,0,0,0,0,0,0,0,0,0,1532.0,1,0,-1,0,0,0,0,0,0,596.0,1,0,-1,0,0,0,0,0,0,-1054.0,1,0,-1,0,0,0,0,0,0,-2082.0,1,0,-1,0,0,0,0,0,0,-2139.0,1,0,-1,0,0,0,0,0,0,-2812.0,1,0,-1,0,0,0,0,0,0,-2976.0,5,0,-1,0,2,-2,0,0,0,-6032.0,19,0,-1,0,9,-9,0,0,0,-6023.0,1,0,-1,0,0,0,0,0,0
111143509,56384919,55484884,965.6154425221322,win,18213.0,0.9429763560500696,110901579,True,1,0.0027816411682892906,0x2e75ca63759b7021,0.952712100139082,110901579,True,0,0.30598052851182195,0x49e5a2287393f942,0.9262865090403338,110901579,True,0,0.0,0x6b01de54236c977c,False,False,False,False,False,False,False,False,False,False,False,False,False,False,False,False,211.0,13,2,-2,0,2,0,0,0,7,796.0,18,2,-2,0,-4,0,0,-3,7,1129.0,15,0,0,0,-8,0,0,0,7,12746.0,27,1,1,3,7,0,0,-3,-12,18014.0,31,1,1,3,11,0,0,-3,-12,23075.0,32,1,1,3,12,0,0,-3,-12,22819.0,26,1,1,3,9,0,0,0,-12,16746.0,6,1,1,3,1,0,0,0,0,15389.0,23,1,1,3,-11,5,0,2,0,11245.0,83,1,1,2,-41,30,0,8,0,17163.0,33,1,1,2,-17,12,0,0,0,18213.0,4,1,1,2,0,0,0,0,0
111142914,56384919,55501510,815.233969769048,win,36242.0,0.9777468706536857,110845309,True,1,0.0027816411682892906,0x73b2335a297706f2,0.8178025034770514,110957591,True,0,0.24339360222531292,0x1682cc4dfaab1d8c,0.7941585535465925,110864082,True,0,0.0,0xeae5ad3bf8f42ccf,False,False,False,False,False,False,False,False,False,False,False,False,False,False,False,False,66.0,1,1,0,0,0,0,0,0,0,-880.0,10,2,0,0,-4,0,0,4,0,1826.0,6,3,2,0,0,0,0,1,0,7795.0,37,0,0,3,13,0,-12,-9,0,16561.0,41,0,0,3,17,0,-12,-9,0,31053.0,42,0,0,3,18,0,-12,-9,0,27429.0,42,0,0,3,18,0,-12,-9,0,27727.0,27,0,0,3,11,0,-4,-9,0,30235.0,17,0,0,3,6,0,0,-8,0,31782.0,57,0,0,3,-15,29,0,-10,0,36971.0,36,0,0,3,-21,12,0,0,0,36242.0,8,0,0,3,-5,0,0,0,0
111142439,56384919,55871204,869.7439434062015,win,34602.0,0.9930458970792768,110810180,True,1,0.004172461752433936,0x39f862efe55f974f,0.9248956884561892,110810180,True,0,0.30737134909596664,0x8f8d80c3261429e4,0.9207232267037552,110810180,True,0,0.0,0x470341951f130109,False,False,False,False,False,False,False,False,False,False,False,False,False,False,False,False,38.0,13,2,-2,0,2,0,0,0,7,295.0,18,2,-2,0,-4,0,0,-3,7,1451.0,16,0,0,0,-8,0,0,1,7,12058.0,28,1,1,3,7,0,0,-2,-14,16344.0,32,1,1,3,11,0,0,-2,-14,22191.0,33,1,1,3,12,0,0,-2,-14,23200.0,29,1,1,3,9,0,0,1,-14,17485.0,9,1,1,3,1,0,0,1,-2,21960.0,12,0,1,3,-6,0,0,2,0,22712.0,82,0,1,3,-41,29,0,8,0,25053.0,34,0,1,3,-18,12,0,0,0,34602.0,5,0,1,3,-1,0,0,0,0
111141379,56384919,55442861,651.062461544185,win,51620.0,0.9680111265646731,110845309,True,1,0.004172461752433936,0xe9e590091f019cb9,0.8553546592489569,110809121,True,0,0.26286509040333794,0x1ed349e5d410cd2a,0.8122392211404729,110809121,True,0,0.0013908205841446453,0xaf1cf7fe5ffdec26,False,False,False,False,False,False,False,False,False,False,False,False,False,False,False,False,-118.0,5,2,0,0,-3,0,0,0,0,638.0,13,3,0,-2,2,-1,0,3,-2,671.0,37,4,2,-2,-2,-1,0,13,-13,15701.0,38,-2,2,1,11,-1,0,8,-13,25059.0,36,-4,1,1,11,-3,0,-3,-13,35205.0,23,-4,1,1,7,-2,0,-3,-5,42828.0,20,-4,1,1,5,-6,0,-3,0,47036.0,20,-4,1,1,3,-8,0,-3,0,50132.0,55,-4,1,1,19,-15,0,-15,0,43778.0,38,-4,1,1,9,8,0,-15,0,44559.0,38,-4,1,1,9,12,0,-11,0,51620.0,6,-4,1,1,0,0,0,0,0
111140292,56384919,55826702,527.2280199983164,win,104676.0,0.9791376912378303,110843156,True,1,0.005563282336578581,0xcee07287e6a0f9bd,0.8595271210013908,110809121,True,0,0.15438108484005564,0x9ff594244aecd779,0.7969401947148818,110809121,True,0,0.0,0x80f6a209d5b9483c,False,False,False,False,False,False,False,False,False,False,False,False,False,False,False,False,177.0,20,3,-1,0,7,0,0,0,9,462.0,26,4,-1,0,-8,0,0,4,9,1396.0,37,4,1,0,-8,0,0,20,-4,16594.0,75,0,3,3,12,0,0,33,-24,25869.0,81,-3,3,3,14,0,0,33,-25,38456.0,82,-5,3,3,14,0,0,33,-24,46008.0,80,-5,3,3,13,0,0,33,-23,48011.0,73,-5,3,3,10,0,0,33,-19,64763.0,55,-5,3,3,13,0,0,20,-11,74501.0,72,-5,3,3,-12,29,0,13,-7,88659.0,52,-5,3,3,-29,12,0,0,0,104676.0,49,-5,3,3,-38,0,0,0,0
