bank,arm,opponent_family,requested_seed,seat,score,our_cash,opponent_cash,margin,paired_score_delta_vs_c0,paired_margin_delta_vs_c0,action_differences_vs_c0,first_action_difference,stored_states,statuses,shop_history_sha256,replay_path
regression,a2,qeinstein_moev2,2026092301,0,1.0,86247.0,65831.0,20416.0,0.0,0.0,2,254,720,DONE/DONE,7d785712861c7a19a3fec324a27d83b40d41d99878c3e244ef7acbb85f932a14,experiments\learning_round2_20260921\regression_bank\replays\a2\qeinstein_moev2\seed_2026092301_seat_0.json.gz
regression,a2,qeinstein_moev2,2026092301,1,1.0,86247.0,65831.0,20416.0,0.0,0.0,2,254,720,DONE/DONE,7d785712861c7a19a3fec324a27d83b40d41d99878c3e244ef7acbb85f932a14,experiments\learning_round2_20260921\regression_bank\replays\a2\qeinstein_moev2\seed_2026092301_seat_1.json.gz
regression,a2_keep,qeinstein_moev2,2026092301,0,1.0,86247.0,65831.0,20416.0,0.0,0.0,0,,720,DONE/DONE,7d785712861c7a19a3fec324a27d83b40d41d99878c3e244ef7acbb85f932a14,experiments\learning_round2_20260921\regression_bank\replays\a2_keep\qeinstein_moev2\seed_2026092301_seat_0.json.gz
regression,a2_keep,qeinstein_moev2,2026092301,1,1.0,86247.0,65831.0,20416.0,0.0,0.0,0,,720,DONE/DONE,7d785712861c7a19a3fec324a27d83b40d41d99878c3e244ef7acbb85f932a14,experiments\learning_round2_20260921\regression_bank\replays\a2_keep\qeinstein_moev2\seed_2026092301_seat_1.json.gz
regression,a2_nonlearned,qeinstein_moev2,2026092301,0,1.0,83811.0,68898.0,14913.0,0.0,-5503.0,34,242,720,DONE/DONE,7d785712861c7a19a3fec324a27d83b40d41d99878c3e244ef7acbb85f932a14,experiments\learning_round2_20260921\regression_bank\replays\a2_nonlearned\qeinstein_moev2\seed_2026092301_seat_0.json.gz
regression,a2_nonlearned,qeinstein_moev2,2026092301,1,1.0,83811.0,68898.0,14913.0,0.0,-5503.0,34,242,720,DONE/DONE,7d785712861c7a19a3fec324a27d83b40d41d99878c3e244ef7acbb85f932a14,experiments\learning_round2_20260921\regression_bank\replays\a2_nonlearned\qeinstein_moev2\seed_2026092301_seat_1.json.gz
regression,b1,qeinstein_moev2,2026092301,0,1.0,86243.0,65831.0,20412.0,0.0,-4.0,2,409,720,DONE/DONE,7d785712861c7a19a3fec324a27d83b40d41d99878c3e244ef7acbb85f932a14,experiments\learning_round2_20260921\regression_bank\replays\b1\qeinstein_moev2\seed_2026092301_seat_0.json.gz
regression,b1,qeinstein_moev2,2026092301,1,1.0,86243.0,65831.0,20412.0,0.0,-4.0,2,409,720,DONE/DONE,7d785712861c7a19a3fec324a27d83b40d41d99878c3e244ef7acbb85f932a14,experiments\learning_round2_20260921\regression_bank\replays\b1\qeinstein_moev2\seed_2026092301_seat_1.json.gz
regression,b2,qeinstein_moev2,2026092301,0,1.0,86082.0,65965.0,20117.0,0.0,-299.0,2,264,720,DONE/DONE,7d785712861c7a19a3fec324a27d83b40d41d99878c3e244ef7acbb85f932a14,experiments\learning_round2_20260921\regression_bank\replays\b2\qeinstein_moev2\seed_2026092301_seat_0.json.gz
regression,b2,qeinstein_moev2,2026092301,1,1.0,86078.0,65965.0,20113.0,0.0,-303.0,3,264,720,DONE/DONE,7d785712861c7a19a3fec324a27d83b40d41d99878c3e244ef7acbb85f932a14,experiments\learning_round2_20260921\regression_bank\replays\b2\qeinstein_moev2\seed_2026092301_seat_1.json.gz
regression,b2_frequency,qeinstein_moev2,2026092301,0,1.0,86082.0,65965.0,20117.0,0.0,-299.0,1,264,720,DONE/DONE,7d785712861c7a19a3fec324a27d83b40d41d99878c3e244ef7acbb85f932a14,experiments\learning_round2_20260921\regression_bank\replays\b2_frequency\qeinstein_moev2\seed_2026092301_seat_0.json.gz
regression,b2_frequency,qeinstein_moev2,2026092301,1,1.0,86082.0,65965.0,20117.0,0.0,-299.0,1,264,720,DONE/DONE,7d785712861c7a19a3fec324a27d83b40d41d99878c3e244ef7acbb85f932a14,experiments\learning_round2_20260921\regression_bank\replays\b2_frequency\qeinstein_moev2\seed_2026092301_seat_1.json.gz
regression,b2_history_shuffle,qeinstein_moev2,2026092301,0,1.0,86078.0,65965.0,20113.0,0.0,-303.0,3,264,720,DONE/DONE,7d785712861c7a19a3fec324a27d83b40d41d99878c3e244ef7acbb85f932a14,experiments\learning_round2_20260921\regression_bank\replays\b2_history_shuffle\qeinstein_moev2\seed_2026092301_seat_0.json.gz
regression,b2_history_shuffle,qeinstein_moev2,2026092301,1,1.0,86078.0,65965.0,20113.0,0.0,-303.0,3,264,720,DONE/DONE,7d785712861c7a19a3fec324a27d83b40d41d99878c3e244ef7acbb85f932a14,experiments\learning_round2_20260921\regression_bank\replays\b2_history_shuffle\qeinstein_moev2\seed_2026092301_seat_1.json.gz
regression,b_simple,qeinstein_moev2,2026092301,0,1.0,86082.0,65965.0,20117.0,0.0,-299.0,1,264,720,DONE/DONE,7d785712861c7a19a3fec324a27d83b40d41d99878c3e244ef7acbb85f932a14,experiments\learning_round2_20260921\regression_bank\replays\b_simple\qeinstein_moev2\seed_2026092301_seat_0.json.gz
regression,b_simple,qeinstein_moev2,2026092301,1,1.0,86082.0,65965.0,20117.0,0.0,-299.0,1,264,720,DONE/DONE,7d785712861c7a19a3fec324a27d83b40d41d99878c3e244ef7acbb85f932a14,experiments\learning_round2_20260921\regression_bank\replays\b_simple\qeinstein_moev2\seed_2026092301_seat_1.json.gz
regression,c0,qeinstein_moev2,2026092301,0,1.0,86247.0,65831.0,20416.0,0.0,0.0,0,,720,DONE/DONE,7d785712861c7a19a3fec324a27d83b40d41d99878c3e244ef7acbb85f932a14,experiments\learning_round2_20260921\regression_bank\replays\c0\qeinstein_moev2\seed_2026092301_seat_0.json.gz
regression,c0,qeinstein_moev2,2026092301,1,1.0,86247.0,65831.0,20416.0,0.0,0.0,0,,720,DONE/DONE,7d785712861c7a19a3fec324a27d83b40d41d99878c3e244ef7acbb85f932a14,experiments\learning_round2_20260921\regression_bank\replays\c0\qeinstein_moev2\seed_2026092301_seat_1.json.gz
known_failure,b1,mooman_e052a,2026092307,1,0.0,98042.0,105494.0,-7452.0,0.0,0.0,0,,720,DONE/DONE,8f37b24d7598c448601c51720a1735102d0f50b31baabc5cf13b6e13cf5e5994,experiments\learning_round2_20260921\known_failure_bank\replays\b1\mooman_e052a\seed_2026092307_seat_1.json.gz
known_failure,b1,qeinstein_moev2,2026092307,1,0.0,81976.0,82130.0,-154.0,0.0,16.0,2,504,720,DONE/DONE,3cfe19461023c707f3081520681161ae28506edcb87ea09ae60ff3b8bd071869,experiments\learning_round2_20260921\known_failure_bank\replays\b1\qeinstein_moev2\seed_2026092307_seat_1.json.gz
known_failure,b1,smart_farm,2026092307,0,0.0,106774.0,107235.0,-461.0,0.0,0.0,1,504,720,DONE/DONE,44cd34d6eae3995f7fefef1765158c6e50827f952c71e4cdc060c7c07b8bb2ca,experiments\learning_round2_20260921\known_failure_bank\replays\b1\smart_farm\seed_2026092307_seat_0.json.gz
known_failure,b1,smart_farm,2026092307,1,0.0,106774.0,107235.0,-461.0,0.0,0.0,1,504,720,DONE/DONE,44cd34d6eae3995f7fefef1765158c6e50827f952c71e4cdc060c7c07b8bb2ca,experiments\learning_round2_20260921\known_failure_bank\replays\b1\smart_farm\seed_2026092307_seat_1.json.gz
known_failure,b2,mooman_e052a,2026092307,1,0.0,97891.0,105616.0,-7725.0,0.0,-273.0,3,264,720,DONE/DONE,8f37b24d7598c448601c51720a1735102d0f50b31baabc5cf13b6e13cf5e5994,experiments\learning_round2_20260921\known_failure_bank\replays\b2\mooman_e052a\seed_2026092307_seat_1.json.gz
known_failure,b2,qeinstein_moev2,2026092307,1,0.0,81832.0,82247.0,-415.0,0.0,-245.0,4,264,720,DONE/DONE,3cfe19461023c707f3081520681161ae28506edcb87ea09ae60ff3b8bd071869,experiments\learning_round2_20260921\known_failure_bank\replays\b2\qeinstein_moev2\seed_2026092307_seat_1.json.gz
known_failure,b2,smart_farm,2026092307,0,0.0,106602.0,107375.0,-773.0,0.0,-312.0,3,264,720,DONE/DONE,44cd34d6eae3995f7fefef1765158c6e50827f952c71e4cdc060c7c07b8bb2ca,experiments\learning_round2_20260921\known_failure_bank\replays\b2\smart_farm\seed_2026092307_seat_0.json.gz
known_failure,b2,smart_farm,2026092307,1,0.0,106602.0,107375.0,-773.0,0.0,-312.0,3,264,720,DONE/DONE,44cd34d6eae3995f7fefef1765158c6e50827f952c71e4cdc060c7c07b8bb2ca,experiments\learning_round2_20260921\known_failure_bank\replays\b2\smart_farm\seed_2026092307_seat_1.json.gz
known_failure,b2_frequency,mooman_e052a,2026092307,1,0.0,97891.0,105616.0,-7725.0,0.0,-273.0,3,216,720,DONE/DONE,8f37b24d7598c448601c51720a1735102d0f50b31baabc5cf13b6e13cf5e5994,experiments\learning_round2_20260921\known_failure_bank\replays\b2_frequency\mooman_e052a\seed_2026092307_seat_1.json.gz
known_failure,b2_frequency,qeinstein_moev2,2026092307,1,0.0,81832.0,82247.0,-415.0,0.0,-245.0,5,264,720,DONE/DONE,3cfe19461023c707f3081520681161ae28506edcb87ea09ae60ff3b8bd071869,experiments\learning_round2_20260921\known_failure_bank\replays\b2_frequency\qeinstein_moev2\seed_2026092307_seat_1.json.gz
known_failure,b2_frequency,smart_farm,2026092307,0,0.0,106602.0,107375.0,-773.0,0.0,-312.0,2,264,720,DONE/DONE,44cd34d6eae3995f7fefef1765158c6e50827f952c71e4cdc060c7c07b8bb2ca,experiments\learning_round2_20260921\known_failure_bank\replays\b2_frequency\smart_farm\seed_2026092307_seat_0.json.gz
known_failure,b2_frequency,smart_farm,2026092307,1,0.0,106602.0,107375.0,-773.0,0.0,-312.0,2,264,720,DONE/DONE,44cd34d6eae3995f7fefef1765158c6e50827f952c71e4cdc060c7c07b8bb2ca,experiments\learning_round2_20260921\known_failure_bank\replays\b2_frequency\smart_farm\seed_2026092307_seat_1.json.gz
known_failure,c0,mooman_e052a,2026092307,1,0.0,98042.0,105494.0,-7452.0,0.0,0.0,0,,720,DONE/DONE,8f37b24d7598c448601c51720a1735102d0f50b31baabc5cf13b6e13cf5e5994,experiments\learning_round2_20260921\known_failure_bank\replays\c0\mooman_e052a\seed_2026092307_seat_1.json.gz
known_failure,c0,qeinstein_moev2,2026092307,1,0.0,81967.0,82137.0,-170.0,0.0,0.0,0,,720,DONE/DONE,3cfe19461023c707f3081520681161ae28506edcb87ea09ae60ff3b8bd071869,experiments\learning_round2_20260921\known_failure_bank\replays\c0\qeinstein_moev2\seed_2026092307_seat_1.json.gz
known_failure,c0,smart_farm,2026092307,0,0.0,106774.0,107235.0,-461.0,0.0,0.0,0,,720,DONE/DONE,44cd34d6eae3995f7fefef1765158c6e50827f952c71e4cdc060c7c07b8bb2ca,experiments\learning_round2_20260921\known_failure_bank\replays\c0\smart_farm\seed_2026092307_seat_0.json.gz
known_failure,c0,smart_farm,2026092307,1,0.0,106774.0,107235.0,-461.0,0.0,0.0,0,,720,DONE/DONE,44cd34d6eae3995f7fefef1765158c6e50827f952c71e4cdc060c7c07b8bb2ca,experiments\learning_round2_20260921\known_failure_bank\replays\c0\smart_farm\seed_2026092307_seat_1.json.gz
external,a2,mooman_e052a,2026092421,0,1.0,75866.0,73768.0,2098.0,0.0,-2843.0,13,279,720,DONE/DONE,2db8c68149ed114570b99e4340d9e4c8be1afbda9a383fbfc75e069d947f2752,experiments\learning_round2_20260921\external_bank\replays\a2\mooman_e052a\seed_2026092421_seat_0.json.gz
external,a2,mooman_e052a,2026092421,1,1.0,75633.0,74188.0,1445.0,0.0,-3496.0,14,281,720,DONE/DONE,2db8c68149ed114570b99e4340d9e4c8be1afbda9a383fbfc75e069d947f2752,experiments\learning_round2_20260921\external_bank\replays\a2\mooman_e052a\seed_2026092421_seat_1.json.gz
external,a2,mooman_e052a,2026092422,0,1.0,62331.0,52593.0,9738.0,0.0,0.0,2,254,720,DONE/DONE,86f7dd52cde6f6c29c4b7645f6d9550fad65a3fa0e020f13ab27c5f50cccfab0,experiments\learning_round2_20260921\external_bank\replays\a2\mooman_e052a\seed_2026092422_seat_0.json.gz
external,a2,mooman_e052a,2026092422,1,1.0,63409.0,53526.0,9883.0,0.0,0.0,2,254,720,DONE/DONE,e4b291032602d7df03c664a5945f491142a5bd573564d4a1ed9c3788d8841302,experiments\learning_round2_20260921\external_bank\replays\a2\mooman_e052a\seed_2026092422_seat_1.json.gz
external,a2,mooman_e052a,2026092423,0,1.0,109532.0,89568.0,19964.0,0.0,0.0,2,254,720,DONE/DONE,3b15a90179d78132177234758759a2ae903ac311fbea2fb06440595cecc50aa7,experiments\learning_round2_20260921\external_bank\replays\a2\mooman_e052a\seed_2026092423_seat_0.json.gz
external,a2,mooman_e052a,2026092423,1,1.0,109532.0,89568.0,19964.0,0.0,0.0,2,254,720,DONE/DONE,3b15a90179d78132177234758759a2ae903ac311fbea2fb06440595cecc50aa7,experiments\learning_round2_20260921\external_bank\replays\a2\mooman_e052a\seed_2026092423_seat_1.json.gz
external,a2,mooman_e052a,2026092424,0,0.0,92038.0,103949.0,-11911.0,-1.0,-12235.0,30,242,720,DONE/DONE,a23f15340578a5b99382fe90550e3235e577c3b2f6523f8f814b92c3adae7208,experiments\learning_round2_20260921\external_bank\replays\a2\mooman_e052a\seed_2026092424_seat_0.json.gz
external,a2,mooman_e052a,2026092424,1,0.0,92038.0,103949.0,-11911.0,-1.0,-12235.0,30,242,720,DONE/DONE,a23f15340578a5b99382fe90550e3235e577c3b2f6523f8f814b92c3adae7208,experiments\learning_round2_20260921\external_bank\replays\a2\mooman_e052a\seed_2026092424_seat_1.json.gz
external,a2,qeinstein_moev2,2026092421,0,0.0,104458.0,108441.0,-3983.0,0.0,-713.0,7,284,720,DONE/DONE,952794c1ef150612947ef354caa467f8a12cd99436834e5997cda414e2ee1b62,experiments\learning_round2_20260921\external_bank\replays\a2\qeinstein_moev2\seed_2026092421_seat_0.json.gz
external,a2,qeinstein_moev2,2026092421,1,0.0,104662.0,107933.0,-3271.0,0.0,-1.0,2,287,720,DONE/DONE,952794c1ef150612947ef354caa467f8a12cd99436834e5997cda414e2ee1b62,experiments\learning_round2_20260921\external_bank\replays\a2\qeinstein_moev2\seed_2026092421_seat_1.json.gz
external,a2,qeinstein_moev2,2026092422,0,1.0,115754.0,113285.0,2469.0,0.0,-2134.0,5,279,720,DONE/DONE,a6ab4a8617a14246a83638fda37212b605621ffae992958a904d37d38c45f904,experiments\learning_round2_20260921\external_bank\replays\a2\qeinstein_moev2\seed_2026092422_seat_0.json.gz
external,a2,qeinstein_moev2,2026092422,1,0.0,114268.0,115410.0,-1142.0,-1.0,-2444.0,21,279,720,DONE/DONE,21388dc3da1dc4db654389c3092dae24ebcb3a1aa55d69f480fb25577e735eb3,experiments\learning_round2_20260921\external_bank\replays\a2\qeinstein_moev2\seed_2026092422_seat_1.json.gz
external,a2,qeinstein_moev2,2026092423,0,1.0,70064.0,51048.0,19016.0,0.0,0.0,2,254,720,DONE/DONE,98459d74ea722dfadd033793e482550b44de087d64ec90ce077ae0c0f1d55381,experiments\learning_round2_20260921\external_bank\replays\a2\qeinstein_moev2\seed_2026092423_seat_0.json.gz
external,a2,qeinstein_moev2,2026092423,1,1.0,70064.0,51048.0,19016.0,0.0,0.0,2,254,720,DONE/DONE,98459d74ea722dfadd033793e482550b44de087d64ec90ce077ae0c0f1d55381,experiments\learning_round2_20260921\external_bank\replays\a2\qeinstein_moev2\seed_2026092423_seat_1.json.gz
external,a2,qeinstein_moev2,2026092424,0,1.0,123845.0,118223.0,5622.0,0.0,-63.0,3,286,720,DONE/DONE,3723bf41f9aacdd0984c797fc5304082012861f02215df0a8fd5f0f368f159de,experiments\learning_round2_20260921\external_bank\replays\a2\qeinstein_moev2\seed_2026092424_seat_0.json.gz
external,a2,qeinstein_moev2,2026092424,1,1.0,123911.0,118211.0,5700.0,0.0,15.0,2,287,720,DONE/DONE,3723bf41f9aacdd0984c797fc5304082012861f02215df0a8fd5f0f368f159de,experiments\learning_round2_20260921\external_bank\replays\a2\qeinstein_moev2\seed_2026092424_seat_1.json.gz
external,a2,smart_farm,2026092421,0,1.0,76155.0,74577.0,1578.0,0.0,-3491.0,10,279,720,DONE/DONE,2db8c68149ed114570b99e4340d9e4c8be1afbda9a383fbfc75e069d947f2752,experiments\learning_round2_20260921\external_bank\replays\a2\smart_farm\seed_2026092421_seat_0.json.gz
external,a2,smart_farm,2026092421,1,1.0,75963.0,74974.0,989.0,0.0,-4080.0,22,281,720,DONE/DONE,2db8c68149ed114570b99e4340d9e4c8be1afbda9a383fbfc75e069d947f2752,experiments\learning_round2_20260921\external_bank\replays\a2\smart_farm\seed_2026092421_seat_1.json.gz
external,a2,smart_farm,2026092422,0,1.0,58394.0,55414.0,2980.0,0.0,0.0,2,254,720,DONE/DONE,e2d7f3818a39af7905b51e53e65b29e4c52e57b804e959b69a6ea2f9bd0ec193,experiments\learning_round2_20260921\external_bank\replays\a2\smart_farm\seed_2026092422_seat_0.json.gz
external,a2,smart_farm,2026092422,1,1.0,58645.0,54454.0,4191.0,0.0,0.0,2,254,720,DONE/DONE,e2d7f3818a39af7905b51e53e65b29e4c52e57b804e959b69a6ea2f9bd0ec193,experiments\learning_round2_20260921\external_bank\replays\a2\smart_farm\seed_2026092422_seat_1.json.gz
external,a2,smart_farm,2026092423,0,1.0,114616.0,97026.0,17590.0,0.0,0.0,2,254,720,DONE/DONE,3b15a90179d78132177234758759a2ae903ac311fbea2fb06440595cecc50aa7,experiments\learning_round2_20260921\external_bank\replays\a2\smart_farm\seed_2026092423_seat_0.json.gz
external,a2,smart_farm,2026092423,1,1.0,114616.0,97026.0,17590.0,0.0,0.0,2,254,720,DONE/DONE,3b15a90179d78132177234758759a2ae903ac311fbea2fb06440595cecc50aa7,experiments\learning_round2_20260921\external_bank\replays\a2\smart_farm\seed_2026092423_seat_1.json.gz
external,a2,smart_farm,2026092424,0,0.0,97620.0,107643.0,-10023.0,-1.0,-10077.0,235,242,720,DONE/DONE,72630c504235f53644dc14d05062a36499dcd7a31d74aa3c734f19c78942cf44,experiments\learning_round2_20260921\external_bank\replays\a2\smart_farm\seed_2026092424_seat_0.json.gz
external,a2,smart_farm,2026092424,1,0.0,97620.0,107643.0,-10023.0,-1.0,-10077.0,235,242,720,DONE/DONE,72630c504235f53644dc14d05062a36499dcd7a31d74aa3c734f19c78942cf44,experiments\learning_round2_20260921\external_bank\replays\a2\smart_farm\seed_2026092424_seat_1.json.gz
external,a2,souvik_v4,2026092421,0,1.0,75864.0,73770.0,2094.0,0.0,-2843.0,13,279,720,DONE/DONE,2db8c68149ed114570b99e4340d9e4c8be1afbda9a383fbfc75e069d947f2752,experiments\learning_round2_20260921\external_bank\replays\a2\souvik_v4\seed_2026092421_seat_0.json.gz
external,a2,souvik_v4,2026092421,1,1.0,75631.0,74190.0,1441.0,0.0,-3496.0,14,281,720,DONE/DONE,2db8c68149ed114570b99e4340d9e4c8be1afbda9a383fbfc75e069d947f2752,experiments\learning_round2_20260921\external_bank\replays\a2\souvik_v4\seed_2026092421_seat_1.json.gz
external,a2,souvik_v4,2026092422,0,1.0,59652.0,52835.0,6817.0,0.0,0.0,2,254,720,DONE/DONE,e2d7f3818a39af7905b51e53e65b29e4c52e57b804e959b69a6ea2f9bd0ec193,experiments\learning_round2_20260921\external_bank\replays\a2\souvik_v4\seed_2026092422_seat_0.json.gz
external,a2,souvik_v4,2026092422,1,1.0,59656.0,53001.0,6655.0,0.0,0.0,2,254,720,DONE/DONE,e2d7f3818a39af7905b51e53e65b29e4c52e57b804e959b69a6ea2f9bd0ec193,experiments\learning_round2_20260921\external_bank\replays\a2\souvik_v4\seed_2026092422_seat_1.json.gz
external,a2,souvik_v4,2026092423,0,1.0,109530.0,89570.0,19960.0,0.0,0.0,2,254,720,DONE/DONE,3b15a90179d78132177234758759a2ae903ac311fbea2fb06440595cecc50aa7,experiments\learning_round2_20260921\external_bank\replays\a2\souvik_v4\seed_2026092423_seat_0.json.gz
external,a2,souvik_v4,2026092423,1,1.0,109530.0,89570.0,19960.0,0.0,0.0,2,254,720,DONE/DONE,3b15a90179d78132177234758759a2ae903ac311fbea2fb06440595cecc50aa7,experiments\learning_round2_20260921\external_bank\replays\a2\souvik_v4\seed_2026092423_seat_1.json.gz
external,a2,souvik_v4,2026092424,0,0.0,100144.0,110928.0,-10784.0,-1.0,-14442.0,83,242,720,DONE/DONE,72630c504235f53644dc14d05062a36499dcd7a31d74aa3c734f19c78942cf44,experiments\learning_round2_20260921\external_bank\replays\a2\souvik_v4\seed_2026092424_seat_0.json.gz
external,a2,souvik_v4,2026092424,1,0.0,100144.0,110928.0,-10784.0,-1.0,-14442.0,83,242,720,DONE/DONE,72630c504235f53644dc14d05062a36499dcd7a31d74aa3c734f19c78942cf44,experiments\learning_round2_20260921\external_bank\replays\a2\souvik_v4\seed_2026092424_seat_1.json.gz
external,a2_keep,mooman_e052a,2026092421,0,1.0,76920.0,71979.0,4941.0,0.0,0.0,0,,720,DONE/DONE,2db8c68149ed114570b99e4340d9e4c8be1afbda9a383fbfc75e069d947f2752,experiments\learning_round2_20260921\external_bank\replays\a2_keep\mooman_e052a\seed_2026092421_seat_0.json.gz
external,a2_keep,mooman_e052a,2026092421,1,1.0,76920.0,71979.0,4941.0,0.0,0.0,0,,720,DONE/DONE,2db8c68149ed114570b99e4340d9e4c8be1afbda9a383fbfc75e069d947f2752,experiments\learning_round2_20260921\external_bank\replays\a2_keep\mooman_e052a\seed_2026092421_seat_1.json.gz
external,a2_keep,mooman_e052a,2026092422,0,1.0,62331.0,52593.0,9738.0,0.0,0.0,0,,720,DONE/DONE,86f7dd52cde6f6c29c4b7645f6d9550fad65a3fa0e020f13ab27c5f50cccfab0,experiments\learning_round2_20260921\external_bank\replays\a2_keep\mooman_e052a\seed_2026092422_seat_0.json.gz
external,a2_keep,mooman_e052a,2026092422,1,1.0,63409.0,53526.0,9883.0,0.0,0.0,0,,720,DONE/DONE,e4b291032602d7df03c664a5945f491142a5bd573564d4a1ed9c3788d8841302,experiments\learning_round2_20260921\external_bank\replays\a2_keep\mooman_e052a\seed_2026092422_seat_1.json.gz
external,a2_keep,mooman_e052a,2026092423,0,1.0,109532.0,89568.0,19964.0,0.0,0.0,0,,720,DONE/DONE,3b15a90179d78132177234758759a2ae903ac311fbea2fb06440595cecc50aa7,experiments\learning_round2_20260921\external_bank\replays\a2_keep\mooman_e052a\seed_2026092423_seat_0.json.gz
external,a2_keep,mooman_e052a,2026092423,1,1.0,109532.0,89568.0,19964.0,0.0,0.0,0,,720,DONE/DONE,3b15a90179d78132177234758759a2ae903ac311fbea2fb06440595cecc50aa7,experiments\learning_round2_20260921\external_bank\replays\a2_keep\mooman_e052a\seed_2026092423_seat_1.json.gz
external,a2_keep,mooman_e052a,2026092424,0,1.0,95312.0,94988.0,324.0,0.0,0.0,0,,720,DONE/DONE,a23f15340578a5b99382fe90550e3235e577c3b2f6523f8f814b92c3adae7208,experiments\learning_round2_20260921\external_bank\replays\a2_keep\mooman_e052a\seed_2026092424_seat_0.json.gz
external,a2_keep,mooman_e052a,2026092424,1,1.0,95312.0,94988.0,324.0,0.0,0.0,0,,720,DONE/DONE,a23f15340578a5b99382fe90550e3235e577c3b2f6523f8f814b92c3adae7208,experiments\learning_round2_20260921\external_bank\replays\a2_keep\mooman_e052a\seed_2026092424_seat_1.json.gz
external,a2_keep,qeinstein_moev2,2026092421,0,0.0,104646.0,107916.0,-3270.0,0.0,0.0,0,,720,DONE/DONE,952794c1ef150612947ef354caa467f8a12cd99436834e5997cda414e2ee1b62,experiments\learning_round2_20260921\external_bank\replays\a2_keep\qeinstein_moev2\seed_2026092421_seat_0.json.gz
external,a2_keep,qeinstein_moev2,2026092421,1,0.0,104646.0,107916.0,-3270.0,0.0,0.0,0,,720,DONE/DONE,952794c1ef150612947ef354caa467f8a12cd99436834e5997cda414e2ee1b62,experiments\learning_round2_20260921\external_bank\replays\a2_keep\qeinstein_moev2\seed_2026092421_seat_1.json.gz
external,a2_keep,qeinstein_moev2,2026092422,0,1.0,115898.0,111295.0,4603.0,0.0,0.0,0,,720,DONE/DONE,a6ab4a8617a14246a83638fda37212b605621ffae992958a904d37d38c45f904,experiments\learning_round2_20260921\external_bank\replays\a2_keep\qeinstein_moev2\seed_2026092422_seat_0.json.gz
external,a2_keep,qeinstein_moev2,2026092422,1,1.0,115516.0,114214.0,1302.0,0.0,0.0,0,,720,DONE/DONE,21388dc3da1dc4db654389c3092dae24ebcb3a1aa55d69f480fb25577e735eb3,experiments\learning_round2_20260921\external_bank\replays\a2_keep\qeinstein_moev2\seed_2026092422_seat_1.json.gz
external,a2_keep,qeinstein_moev2,2026092423,0,1.0,70064.0,51048.0,19016.0,0.0,0.0,0,,720,DONE/DONE,98459d74ea722dfadd033793e482550b44de087d64ec90ce077ae0c0f1d55381,experiments\learning_round2_20260921\external_bank\replays\a2_keep\qeinstein_moev2\seed_2026092423_seat_0.json.gz
external,a2_keep,qeinstein_moev2,2026092423,1,1.0,70064.0,51048.0,19016.0,0.0,0.0,0,,720,DONE/DONE,98459d74ea722dfadd033793e482550b44de087d64ec90ce077ae0c0f1d55381,experiments\learning_round2_20260921\external_bank\replays\a2_keep\qeinstein_moev2\seed_2026092423_seat_1.json.gz
external,a2_keep,qeinstein_moev2,2026092424,0,1.0,123877.0,118192.0,5685.0,0.0,0.0,0,,720,DONE/DONE,3723bf41f9aacdd0984c797fc5304082012861f02215df0a8fd5f0f368f159de,experiments\learning_round2_20260921\external_bank\replays\a2_keep\qeinstein_moev2\seed_2026092424_seat_0.json.gz
external,a2_keep,qeinstein_moev2,2026092424,1,1.0,123877.0,118192.0,5685.0,0.0,0.0,0,,720,DONE/DONE,3723bf41f9aacdd0984c797fc5304082012861f02215df0a8fd5f0f368f159de,experiments\learning_round2_20260921\external_bank\replays\a2_keep\qeinstein_moev2\seed_2026092424_seat_1.json.gz
external,a2_keep,smart_farm,2026092421,0,1.0,77690.0,72621.0,5069.0,0.0,0.0,0,,720,DONE/DONE,2db8c68149ed114570b99e4340d9e4c8be1afbda9a383fbfc75e069d947f2752,experiments\learning_round2_20260921\external_bank\replays\a2_keep\smart_farm\seed_2026092421_seat_0.json.gz
external,a2_keep,smart_farm,2026092421,1,1.0,77690.0,72621.0,5069.0,0.0,0.0,0,,720,DONE/DONE,2db8c68149ed114570b99e4340d9e4c8be1afbda9a383fbfc75e069d947f2752,experiments\learning_round2_20260921\external_bank\replays\a2_keep\smart_farm\seed_2026092421_seat_1.json.gz
external,a2_keep,smart_farm,2026092422,0,1.0,58394.0,55414.0,2980.0,0.0,0.0,0,,720,DONE/DONE,e2d7f3818a39af7905b51e53e65b29e4c52e57b804e959b69a6ea2f9bd0ec193,experiments\learning_round2_20260921\external_bank\replays\a2_keep\smart_farm\seed_2026092422_seat_0.json.gz
external,a2_keep,smart_farm,2026092422,1,1.0,58645.0,54454.0,4191.0,0.0,0.0,0,,720,DONE/DONE,e2d7f3818a39af7905b51e53e65b29e4c52e57b804e959b69a6ea2f9bd0ec193,experiments\learning_round2_20260921\external_bank\replays\a2_keep\smart_farm\seed_2026092422_seat_1.json.gz
external,a2_keep,smart_farm,2026092423,0,1.0,114616.0,97026.0,17590.0,0.0,0.0,0,,720,DONE/DONE,3b15a90179d78132177234758759a2ae903ac311fbea2fb06440595cecc50aa7,experiments\learning_round2_20260921\external_bank\replays\a2_keep\smart_farm\seed_2026092423_seat_0.json.gz
external,a2_keep,smart_farm,2026092423,1,1.0,114616.0,97026.0,17590.0,0.0,0.0,0,,720,DONE/DONE,3b15a90179d78132177234758759a2ae903ac311fbea2fb06440595cecc50aa7,experiments\learning_round2_20260921\external_bank\replays\a2_keep\smart_farm\seed_2026092423_seat_1.json.gz
external,a2_keep,smart_farm,2026092424,0,1.0,102672.0,102618.0,54.0,0.0,0.0,0,,720,DONE/DONE,72630c504235f53644dc14d05062a36499dcd7a31d74aa3c734f19c78942cf44,experiments\learning_round2_20260921\external_bank\replays\a2_keep\smart_farm\seed_2026092424_seat_0.json.gz
external,a2_keep,smart_farm,2026092424,1,1.0,102672.0,102618.0,54.0,0.0,0.0,0,,720,DONE/DONE,72630c504235f53644dc14d05062a36499dcd7a31d74aa3c734f19c78942cf44,experiments\learning_round2_20260921\external_bank\replays\a2_keep\smart_farm\seed_2026092424_seat_1.json.gz
external,a2_keep,souvik_v4,2026092421,0,1.0,76918.0,71981.0,4937.0,0.0,0.0,0,,720,DONE/DONE,2db8c68149ed114570b99e4340d9e4c8be1afbda9a383fbfc75e069d947f2752,experiments\learning_round2_20260921\external_bank\replays\a2_keep\souvik_v4\seed_2026092421_seat_0.json.gz
external,a2_keep,souvik_v4,2026092421,1,1.0,76918.0,71981.0,4937.0,0.0,0.0,0,,720,DONE/DONE,2db8c68149ed114570b99e4340d9e4c8be1afbda9a383fbfc75e069d947f2752,experiments\learning_round2_20260921\external_bank\replays\a2_keep\souvik_v4\seed_2026092421_seat_1.json.gz
external,a2_keep,souvik_v4,2026092422,0,1.0,59652.0,52835.0,6817.0,0.0,0.0,0,,720,DONE/DONE,e2d7f3818a39af7905b51e53e65b29e4c52e57b804e959b69a6ea2f9bd0ec193,experiments\learning_round2_20260921\external_bank\replays\a2_keep\souvik_v4\seed_2026092422_seat_0.json.gz
external,a2_keep,souvik_v4,2026092422,1,1.0,59656.0,53001.0,6655.0,0.0,0.0,0,,720,DONE/DONE,e2d7f3818a39af7905b51e53e65b29e4c52e57b804e959b69a6ea2f9bd0ec193,experiments\learning_round2_20260921\external_bank\replays\a2_keep\souvik_v4\seed_2026092422_seat_1.json.gz
external,a2_keep,souvik_v4,2026092423,0,1.0,109530.0,89570.0,19960.0,0.0,0.0,0,,720,DONE/DONE,3b15a90179d78132177234758759a2ae903ac311fbea2fb06440595cecc50aa7,experiments\learning_round2_20260921\external_bank\replays\a2_keep\souvik_v4\seed_2026092423_seat_0.json.gz
external,a2_keep,souvik_v4,2026092423,1,1.0,109530.0,89570.0,19960.0,0.0,0.0,0,,720,DONE/DONE,3b15a90179d78132177234758759a2ae903ac311fbea2fb06440595cecc50aa7,experiments\learning_round2_20260921\external_bank\replays\a2_keep\souvik_v4\seed_2026092423_seat_1.json.gz
external,a2_keep,souvik_v4,2026092424,0,1.0,100884.0,97226.0,3658.0,0.0,0.0,0,,720,DONE/DONE,72630c504235f53644dc14d05062a36499dcd7a31d74aa3c734f19c78942cf44,experiments\learning_round2_20260921\external_bank\replays\a2_keep\souvik_v4\seed_2026092424_seat_0.json.gz
external,a2_keep,souvik_v4,2026092424,1,1.0,100884.0,97226.0,3658.0,0.0,0.0,0,,720,DONE/DONE,72630c504235f53644dc14d05062a36499dcd7a31d74aa3c734f19c78942cf44,experiments\learning_round2_20260921\external_bank\replays\a2_keep\souvik_v4\seed_2026092424_seat_1.json.gz
external,a2_nonlearned,mooman_e052a,2026092421,0,1.0,77852.0,74234.0,3618.0,0.0,-1323.0,233,242,720,DONE/DONE,2db8c68149ed114570b99e4340d9e4c8be1afbda9a383fbfc75e069d947f2752,experiments\learning_round2_20260921\external_bank\replays\a2_nonlearned\mooman_e052a\seed_2026092421_seat_0.json.gz
external,a2_nonlearned,mooman_e052a,2026092421,1,1.0,77852.0,74234.0,3618.0,0.0,-1323.0,233,242,720,DONE/DONE,2db8c68149ed114570b99e4340d9e4c8be1afbda9a383fbfc75e069d947f2752,experiments\learning_round2_20260921\external_bank\replays\a2_nonlearned\mooman_e052a\seed_2026092421_seat_1.json.gz
external,a2_nonlearned,mooman_e052a,2026092422,0,1.0,62254.0,54326.0,7928.0,0.0,-1810.0,45,242,720,DONE/DONE,86f7dd52cde6f6c29c4b7645f6d9550fad65a3fa0e020f13ab27c5f50cccfab0,experiments\learning_round2_20260921\external_bank\replays\a2_nonlearned\mooman_e052a\seed_2026092422_seat_0.json.gz
external,a2_nonlearned,mooman_e052a,2026092422,1,1.0,63240.0,55268.0,7972.0,0.0,-1911.0,58,242,720,DONE/DONE,e4b291032602d7df03c664a5945f491142a5bd573564d4a1ed9c3788d8841302,experiments\learning_round2_20260921\external_bank\replays\a2_nonlearned\mooman_e052a\seed_2026092422_seat_1.json.gz
external,a2_nonlearned,mooman_e052a,2026092423,0,1.0,108796.0,92918.0,15878.0,0.0,-4086.0,38,242,720,DONE/DONE,3b15a90179d78132177234758759a2ae903ac311fbea2fb06440595cecc50aa7,experiments\learning_round2_20260921\external_bank\replays\a2_nonlearned\mooman_e052a\seed_2026092423_seat_0.json.gz
external,a2_nonlearned,mooman_e052a,2026092423,1,1.0,108796.0,92918.0,15878.0,0.0,-4086.0,38,242,720,DONE/DONE,3b15a90179d78132177234758759a2ae903ac311fbea2fb06440595cecc50aa7,experiments\learning_round2_20260921\external_bank\replays\a2_nonlearned\mooman_e052a\seed_2026092423_seat_1.json.gz
external,a2_nonlearned,mooman_e052a,2026092424,0,0.0,92038.0,103949.0,-11911.0,-1.0,-12235.0,30,242,720,DONE/DONE,a23f15340578a5b99382fe90550e3235e577c3b2f6523f8f814b92c3adae7208,experiments\learning_round2_20260921\external_bank\replays\a2_nonlearned\mooman_e052a\seed_2026092424_seat_0.json.gz
external,a2_nonlearned,mooman_e052a,2026092424,1,0.0,92038.0,103949.0,-11911.0,-1.0,-12235.0,30,242,720,DONE/DONE,a23f15340578a5b99382fe90550e3235e577c3b2f6523f8f814b92c3adae7208,experiments\learning_round2_20260921\external_bank\replays\a2_nonlearned\mooman_e052a\seed_2026092424_seat_1.json.gz
external,a2_nonlearned,qeinstein_moev2,2026092421,0,0.0,99705.0,110334.0,-10629.0,0.0,-7359.0,70,242,720,DONE/DONE,952794c1ef150612947ef354caa467f8a12cd99436834e5997cda414e2ee1b62,experiments\learning_round2_20260921\external_bank\replays\a2_nonlearned\qeinstein_moev2\seed_2026092421_seat_0.json.gz
external,a2_nonlearned,qeinstein_moev2,2026092421,1,0.0,99705.0,110334.0,-10629.0,0.0,-7359.0,70,242,720,DONE/DONE,952794c1ef150612947ef354caa467f8a12cd99436834e5997cda414e2ee1b62,experiments\learning_round2_20260921\external_bank\replays\a2_nonlearned\qeinstein_moev2\seed_2026092421_seat_1.json.gz
external,a2_nonlearned,qeinstein_moev2,2026092422,0,0.0,117288.0,132613.0,-15325.0,-1.0,-19928.0,133,242,720,DONE/DONE,a6ab4a8617a14246a83638fda37212b605621ffae992958a904d37d38c45f904,experiments\learning_round2_20260921\external_bank\replays\a2_nonlearned\qeinstein_moev2\seed_2026092422_seat_0.json.gz
external,a2_nonlearned,qeinstein_moev2,2026092422,1,0.0,112361.0,120349.0,-7988.0,-1.0,-9290.0,309,242,720,DONE/DONE,21388dc3da1dc4db654389c3092dae24ebcb3a1aa55d69f480fb25577e735eb3,experiments\learning_round2_20260921\external_bank\replays\a2_nonlearned\qeinstein_moev2\seed_2026092422_seat_1.json.gz
external,a2_nonlearned,qeinstein_moev2,2026092423,0,1.0,67574.0,54629.0,12945.0,0.0,-6071.0,34,242,720,DONE/DONE,98459d74ea722dfadd033793e482550b44de087d64ec90ce077ae0c0f1d55381,experiments\learning_round2_20260921\external_bank\replays\a2_nonlearned\qeinstein_moev2\seed_2026092423_seat_0.json.gz
external,a2_nonlearned,qeinstein_moev2,2026092423,1,1.0,67574.0,54629.0,12945.0,0.0,-6071.0,34,242,720,DONE/DONE,98459d74ea722dfadd033793e482550b44de087d64ec90ce077ae0c0f1d55381,experiments\learning_round2_20260921\external_bank\replays\a2_nonlearned\qeinstein_moev2\seed_2026092423_seat_1.json.gz
external,a2_nonlearned,qeinstein_moev2,2026092424,0,0.0,115790.0,128482.0,-12692.0,-1.0,-18377.0,95,242,720,DONE/DONE,3723bf41f9aacdd0984c797fc5304082012861f02215df0a8fd5f0f368f159de,experiments\learning_round2_20260921\external_bank\replays\a2_nonlearned\qeinstein_moev2\seed_2026092424_seat_0.json.gz
external,a2_nonlearned,qeinstein_moev2,2026092424,1,0.0,115790.0,128482.0,-12692.0,-1.0,-18377.0,95,242,720,DONE/DONE,3723bf41f9aacdd0984c797fc5304082012861f02215df0a8fd5f0f368f159de,experiments\learning_round2_20260921\external_bank\replays\a2_nonlearned\qeinstein_moev2\seed_2026092424_seat_1.json.gz
external,a2_nonlearned,smart_farm,2026092421,0,1.0,77311.0,75067.0,2244.0,0.0,-2825.0,203,242,720,DONE/DONE,2db8c68149ed114570b99e4340d9e4c8be1afbda9a383fbfc75e069d947f2752,experiments\learning_round2_20260921\external_bank\replays\a2_nonlearned\smart_farm\seed_2026092421_seat_0.json.gz
external,a2_nonlearned,smart_farm,2026092421,1,1.0,77311.0,75067.0,2244.0,0.0,-2825.0,203,242,720,DONE/DONE,2db8c68149ed114570b99e4340d9e4c8be1afbda9a383fbfc75e069d947f2752,experiments\learning_round2_20260921\external_bank\replays\a2_nonlearned\smart_farm\seed_2026092421_seat_1.json.gz
external,a2_nonlearned,smart_farm,2026092422,0,1.0,58983.0,56253.0,2730.0,0.0,-250.0,27,242,720,DONE/DONE,e2d7f3818a39af7905b51e53e65b29e4c52e57b804e959b69a6ea2f9bd0ec193,experiments\learning_round2_20260921\external_bank\replays\a2_nonlearned\smart_farm\seed_2026092422_seat_0.json.gz
external,a2_nonlearned,smart_farm,2026092422,1,1.0,59268.0,55317.0,3951.0,0.0,-240.0,27,242,720,DONE/DONE,e2d7f3818a39af7905b51e53e65b29e4c52e57b804e959b69a6ea2f9bd0ec193,experiments\learning_round2_20260921\external_bank\replays\a2_nonlearned\smart_farm\seed_2026092422_seat_1.json.gz
external,a2_nonlearned,smart_farm,2026092423,0,1.0,112311.0,101900.0,10411.0,0.0,-7179.0,37,242,720,DONE/DONE,3b15a90179d78132177234758759a2ae903ac311fbea2fb06440595cecc50aa7,experiments\learning_round2_20260921\external_bank\replays\a2_nonlearned\smart_farm\seed_2026092423_seat_0.json.gz
external,a2_nonlearned,smart_farm,2026092423,1,1.0,112311.0,101900.0,10411.0,0.0,-7179.0,37,242,720,DONE/DONE,3b15a90179d78132177234758759a2ae903ac311fbea2fb06440595cecc50aa7,experiments\learning_round2_20260921\external_bank\replays\a2_nonlearned\smart_farm\seed_2026092423_seat_1.json.gz
external,a2_nonlearned,smart_farm,2026092424,0,0.0,97620.0,107643.0,-10023.0,-1.0,-10077.0,235,242,720,DONE/DONE,72630c504235f53644dc14d05062a36499dcd7a31d74aa3c734f19c78942cf44,experiments\learning_round2_20260921\external_bank\replays\a2_nonlearned\smart_farm\seed_2026092424_seat_0.json.gz
external,a2_nonlearned,smart_farm,2026092424,1,0.0,97620.0,107643.0,-10023.0,-1.0,-10077.0,235,242,720,DONE/DONE,72630c504235f53644dc14d05062a36499dcd7a31d74aa3c734f19c78942cf44,experiments\learning_round2_20260921\external_bank\replays\a2_nonlearned\smart_farm\seed_2026092424_seat_1.json.gz
external,a2_nonlearned,souvik_v4,2026092421,0,1.0,77850.0,74236.0,3614.0,0.0,-1323.0,233,242,720,DONE/DONE,2db8c68149ed114570b99e4340d9e4c8be1afbda9a383fbfc75e069d947f2752,experiments\learning_round2_20260921\external_bank\replays\a2_nonlearned\souvik_v4\seed_2026092421_seat_0.json.gz
external,a2_nonlearned,souvik_v4,2026092421,1,1.0,77850.0,74236.0,3614.0,0.0,-1323.0,233,242,720,DONE/DONE,2db8c68149ed114570b99e4340d9e4c8be1afbda9a383fbfc75e069d947f2752,experiments\learning_round2_20260921\external_bank\replays\a2_nonlearned\souvik_v4\seed_2026092421_seat_1.json.gz
external,a2_nonlearned,souvik_v4,2026092422,0,1.0,60044.0,53835.0,6209.0,0.0,-608.0,37,242,720,DONE/DONE,e2d7f3818a39af7905b51e53e65b29e4c52e57b804e959b69a6ea2f9bd0ec193,experiments\learning_round2_20260921\external_bank\replays\a2_nonlearned\souvik_v4\seed_2026092422_seat_0.json.gz
external,a2_nonlearned,souvik_v4,2026092422,1,1.0,60275.0,53909.0,6366.0,0.0,-289.0,79,242,720,DONE/DONE,e2d7f3818a39af7905b51e53e65b29e4c52e57b804e959b69a6ea2f9bd0ec193,experiments\learning_round2_20260921\external_bank\replays\a2_nonlearned\souvik_v4\seed_2026092422_seat_1.json.gz
external,a2_nonlearned,souvik_v4,2026092423,0,1.0,108793.0,92920.0,15873.0,0.0,-4087.0,38,242,720,DONE/DONE,3b15a90179d78132177234758759a2ae903ac311fbea2fb06440595cecc50aa7,experiments\learning_round2_20260921\external_bank\replays\a2_nonlearned\souvik_v4\seed_2026092423_seat_0.json.gz
external,a2_nonlearned,souvik_v4,2026092423,1,1.0,108793.0,92920.0,15873.0,0.0,-4087.0,38,242,720,DONE/DONE,3b15a90179d78132177234758759a2ae903ac311fbea2fb06440595cecc50aa7,experiments\learning_round2_20260921\external_bank\replays\a2_nonlearned\souvik_v4\seed_2026092423_seat_1.json.gz
external,a2_nonlearned,souvik_v4,2026092424,0,0.0,100144.0,110928.0,-10784.0,-1.0,-14442.0,83,242,720,DONE/DONE,72630c504235f53644dc14d05062a36499dcd7a31d74aa3c734f19c78942cf44,experiments\learning_round2_20260921\external_bank\replays\a2_nonlearned\souvik_v4\seed_2026092424_seat_0.json.gz
external,a2_nonlearned,souvik_v4,2026092424,1,0.0,100144.0,110928.0,-10784.0,-1.0,-14442.0,83,242,720,DONE/DONE,72630c504235f53644dc14d05062a36499dcd7a31d74aa3c734f19c78942cf44,experiments\learning_round2_20260921\external_bank\replays\a2_nonlearned\souvik_v4\seed_2026092424_seat_1.json.gz
external,b1,mooman_e052a,2026092421,0,1.0,76920.0,71979.0,4941.0,0.0,0.0,1,647,720,DONE/DONE,2db8c68149ed114570b99e4340d9e4c8be1afbda9a383fbfc75e069d947f2752,experiments\learning_round2_20260921\external_bank\replays\b1\mooman_e052a\seed_2026092421_seat_0.json.gz
external,b1,mooman_e052a,2026092421,1,1.0,76920.0,71979.0,4941.0,0.0,0.0,1,647,720,DONE/DONE,2db8c68149ed114570b99e4340d9e4c8be1afbda9a383fbfc75e069d947f2752,experiments\learning_round2_20260921\external_bank\replays\b1\mooman_e052a\seed_2026092421_seat_1.json.gz
external,b1,mooman_e052a,2026092422,0,1.0,62341.0,52577.0,9764.0,0.0,26.0,5,409,720,DONE/DONE,86f7dd52cde6f6c29c4b7645f6d9550fad65a3fa0e020f13ab27c5f50cccfab0,experiments\learning_round2_20260921\external_bank\replays\b1\mooman_e052a\seed_2026092422_seat_0.json.gz
external,b1,mooman_e052a,2026092422,1,1.0,63421.0,53507.0,9914.0,0.0,31.0,5,360,720,DONE/DONE,e4b291032602d7df03c664a5945f491142a5bd573564d4a1ed9c3788d8841302,experiments\learning_round2_20260921\external_bank\replays\b1\mooman_e052a\seed_2026092422_seat_1.json.gz
external,b1,mooman_e052a,2026092423,0,1.0,109556.0,89547.0,20009.0,0.0,45.0,2,312,720,DONE/DONE,3b15a90179d78132177234758759a2ae903ac311fbea2fb06440595cecc50aa7,experiments\learning_round2_20260921\external_bank\replays\b1\mooman_e052a\seed_2026092423_seat_0.json.gz
external,b1,mooman_e052a,2026092423,1,1.0,109556.0,89547.0,20009.0,0.0,45.0,2,312,720,DONE/DONE,3b15a90179d78132177234758759a2ae903ac311fbea2fb06440595cecc50aa7,experiments\learning_round2_20260921\external_bank\replays\b1\mooman_e052a\seed_2026092423_seat_1.json.gz
external,b1,mooman_e052a,2026092424,0,1.0,95312.0,94988.0,324.0,0.0,0.0,0,,720,DONE/DONE,a23f15340578a5b99382fe90550e3235e577c3b2f6523f8f814b92c3adae7208,experiments\learning_round2_20260921\external_bank\replays\b1\mooman_e052a\seed_2026092424_seat_0.json.gz
external,b1,mooman_e052a,2026092424,1,1.0,95312.0,94988.0,324.0,0.0,0.0,0,,720,DONE/DONE,a23f15340578a5b99382fe90550e3235e577c3b2f6523f8f814b92c3adae7208,experiments\learning_round2_20260921\external_bank\replays\b1\mooman_e052a\seed_2026092424_seat_1.json.gz
external,b1,qeinstein_moev2,2026092421,0,0.0,104646.0,107916.0,-3270.0,0.0,0.0,0,,720,DONE/DONE,952794c1ef150612947ef354caa467f8a12cd99436834e5997cda414e2ee1b62,experiments\learning_round2_20260921\external_bank\replays\b1\qeinstein_moev2\seed_2026092421_seat_0.json.gz
external,b1,qeinstein_moev2,2026092421,1,0.0,104646.0,107916.0,-3270.0,0.0,0.0,0,,720,DONE/DONE,952794c1ef150612947ef354caa467f8a12cd99436834e5997cda414e2ee1b62,experiments\learning_round2_20260921\external_bank\replays\b1\qeinstein_moev2\seed_2026092421_seat_1.json.gz
external,b1,qeinstein_moev2,2026092422,0,1.0,115896.0,111297.0,4599.0,0.0,-4.0,3,409,720,DONE/DONE,a6ab4a8617a14246a83638fda37212b605621ffae992958a904d37d38c45f904,experiments\learning_round2_20260921\external_bank\replays\b1\qeinstein_moev2\seed_2026092422_seat_0.json.gz
external,b1,qeinstein_moev2,2026092422,1,1.0,115532.0,114201.0,1331.0,0.0,29.0,1,600,720,DONE/DONE,21388dc3da1dc4db654389c3092dae24ebcb3a1aa55d69f480fb25577e735eb3,experiments\learning_round2_20260921\external_bank\replays\b1\qeinstein_moev2\seed_2026092422_seat_1.json.gz
external,b1,qeinstein_moev2,2026092423,0,1.0,70060.0,51048.0,19012.0,0.0,-4.0,3,360,720,DONE/DONE,98459d74ea722dfadd033793e482550b44de087d64ec90ce077ae0c0f1d55381,experiments\learning_round2_20260921\external_bank\replays\b1\qeinstein_moev2\seed_2026092423_seat_0.json.gz
external,b1,qeinstein_moev2,2026092423,1,1.0,70060.0,51048.0,19012.0,0.0,-4.0,3,360,720,DONE/DONE,98459d74ea722dfadd033793e482550b44de087d64ec90ce077ae0c0f1d55381,experiments\learning_round2_20260921\external_bank\replays\b1\qeinstein_moev2\seed_2026092423_seat_1.json.gz
external,b1,qeinstein_moev2,2026092424,0,1.0,123877.0,118192.0,5685.0,0.0,0.0,0,,720,DONE/DONE,3723bf41f9aacdd0984c797fc5304082012861f02215df0a8fd5f0f368f159de,experiments\learning_round2_20260921\external_bank\replays\b1\qeinstein_moev2\seed_2026092424_seat_0.json.gz
external,b1,qeinstein_moev2,2026092424,1,1.0,123877.0,118192.0,5685.0,0.0,0.0,0,,720,DONE/DONE,3723bf41f9aacdd0984c797fc5304082012861f02215df0a8fd5f0f368f159de,experiments\learning_round2_20260921\external_bank\replays\b1\qeinstein_moev2\seed_2026092424_seat_1.json.gz
external,b1,smart_farm,2026092421,0,1.0,77690.0,72621.0,5069.0,0.0,0.0,0,,720,DONE/DONE,2db8c68149ed114570b99e4340d9e4c8be1afbda9a383fbfc75e069d947f2752,experiments\learning_round2_20260921\external_bank\replays\b1\smart_farm\seed_2026092421_seat_0.json.gz
external,b1,smart_farm,2026092421,1,1.0,77688.0,72622.0,5066.0,0.0,-3.0,1,385,720,DONE/DONE,2db8c68149ed114570b99e4340d9e4c8be1afbda9a383fbfc75e069d947f2752,experiments\learning_round2_20260921\external_bank\replays\b1\smart_farm\seed_2026092421_seat_1.json.gz
external,b1,smart_farm,2026092422,0,1.0,58413.0,55393.0,3020.0,0.0,40.0,3,409,720,DONE/DONE,e2d7f3818a39af7905b51e53e65b29e4c52e57b804e959b69a6ea2f9bd0ec193,experiments\learning_round2_20260921\external_bank\replays\b1\smart_farm\seed_2026092422_seat_0.json.gz
external,b1,smart_farm,2026092422,1,1.0,58664.0,54433.0,4231.0,0.0,40.0,2,409,720,DONE/DONE,e2d7f3818a39af7905b51e53e65b29e4c52e57b804e959b69a6ea2f9bd0ec193,experiments\learning_round2_20260921\external_bank\replays\b1\smart_farm\seed_2026092422_seat_1.json.gz
external,b1,smart_farm,2026092423,0,1.0,114616.0,97026.0,17590.0,0.0,0.0,1,457,720,DONE/DONE,3b15a90179d78132177234758759a2ae903ac311fbea2fb06440595cecc50aa7,experiments\learning_round2_20260921\external_bank\replays\b1\smart_farm\seed_2026092423_seat_0.json.gz
external,b1,smart_farm,2026092423,1,1.0,114616.0,97026.0,17590.0,0.0,0.0,1,457,720,DONE/DONE,3b15a90179d78132177234758759a2ae903ac311fbea2fb06440595cecc50aa7,experiments\learning_round2_20260921\external_bank\replays\b1\smart_farm\seed_2026092423_seat_1.json.gz
external,b1,smart_farm,2026092424,0,1.0,102672.0,102618.0,54.0,0.0,0.0,0,,720,DONE/DONE,72630c504235f53644dc14d05062a36499dcd7a31d74aa3c734f19c78942cf44,experiments\learning_round2_20260921\external_bank\replays\b1\smart_farm\seed_2026092424_seat_0.json.gz
external,b1,smart_farm,2026092424,1,1.0,102672.0,102618.0,54.0,0.0,0.0,0,,720,DONE/DONE,72630c504235f53644dc14d05062a36499dcd7a31d74aa3c734f19c78942cf44,experiments\learning_round2_20260921\external_bank\replays\b1\smart_farm\seed_2026092424_seat_1.json.gz
external,b1,souvik_v4,2026092421,0,1.0,76918.0,71981.0,4937.0,0.0,0.0,1,647,720,DONE/DONE,2db8c68149ed114570b99e4340d9e4c8be1afbda9a383fbfc75e069d947f2752,experiments\learning_round2_20260921\external_bank\replays\b1\souvik_v4\seed_2026092421_seat_0.json.gz
external,b1,souvik_v4,2026092421,1,1.0,76918.0,71981.0,4937.0,0.0,0.0,1,647,720,DONE/DONE,2db8c68149ed114570b99e4340d9e4c8be1afbda9a383fbfc75e069d947f2752,experiments\learning_round2_20260921\external_bank\replays\b1\souvik_v4\seed_2026092421_seat_1.json.gz
external,b1,souvik_v4,2026092422,0,1.0,59568.0,52902.0,6666.0,0.0,-151.0,3,577,720,DONE/DONE,e2d7f3818a39af7905b51e53e65b29e4c52e57b804e959b69a6ea2f9bd0ec193,experiments\learning_round2_20260921\external_bank\replays\b1\souvik_v4\seed_2026092422_seat_0.json.gz
external,b1,souvik_v4,2026092422,1,1.0,59572.0,53068.0,6504.0,0.0,-151.0,3,577,720,DONE/DONE,e2d7f3818a39af7905b51e53e65b29e4c52e57b804e959b69a6ea2f9bd0ec193,experiments\learning_round2_20260921\external_bank\replays\b1\souvik_v4\seed_2026092422_seat_1.json.gz
external,b1,souvik_v4,2026092423,0,1.0,109554.0,89549.0,20005.0,0.0,45.0,2,312,720,DONE/DONE,3b15a90179d78132177234758759a2ae903ac311fbea2fb06440595cecc50aa7,experiments\learning_round2_20260921\external_bank\replays\b1\souvik_v4\seed_2026092423_seat_0.json.gz
external,b1,souvik_v4,2026092423,1,1.0,109554.0,89549.0,20005.0,0.0,45.0,2,312,720,DONE/DONE,3b15a90179d78132177234758759a2ae903ac311fbea2fb06440595cecc50aa7,experiments\learning_round2_20260921\external_bank\replays\b1\souvik_v4\seed_2026092423_seat_1.json.gz
external,b1,souvik_v4,2026092424,0,1.0,100884.0,97226.0,3658.0,0.0,0.0,0,,720,DONE/DONE,72630c504235f53644dc14d05062a36499dcd7a31d74aa3c734f19c78942cf44,experiments\learning_round2_20260921\external_bank\replays\b1\souvik_v4\seed_2026092424_seat_0.json.gz
external,b1,souvik_v4,2026092424,1,1.0,100884.0,97226.0,3658.0,0.0,0.0,0,,720,DONE/DONE,72630c504235f53644dc14d05062a36499dcd7a31d74aa3c734f19c78942cf44,experiments\learning_round2_20260921\external_bank\replays\b1\souvik_v4\seed_2026092424_seat_1.json.gz
external,b2,mooman_e052a,2026092421,0,1.0,76750.0,72117.0,4633.0,0.0,-308.0,4,264,720,DONE/DONE,2db8c68149ed114570b99e4340d9e4c8be1afbda9a383fbfc75e069d947f2752,experiments\learning_round2_20260921\external_bank\replays\b2\mooman_e052a\seed_2026092421_seat_0.json.gz
external,b2,mooman_e052a,2026092421,1,1.0,76750.0,72117.0,4633.0,0.0,-308.0,3,264,720,DONE/DONE,2db8c68149ed114570b99e4340d9e4c8be1afbda9a383fbfc75e069d947f2752,experiments\learning_round2_20260921\external_bank\replays\b2\mooman_e052a\seed_2026092421_seat_1.json.gz
external,b2,mooman_e052a,2026092422,0,1.0,62169.0,52717.0,9452.0,0.0,-286.0,3,264,720,DONE/DONE,86f7dd52cde6f6c29c4b7645f6d9550fad65a3fa0e020f13ab27c5f50cccfab0,experiments\learning_round2_20260921\external_bank\replays\b2\mooman_e052a\seed_2026092422_seat_0.json.gz
external,b2,mooman_e052a,2026092422,1,1.0,63273.0,53626.0,9647.0,0.0,-236.0,6,264,720,DONE/DONE,e4b291032602d7df03c664a5945f491142a5bd573564d4a1ed9c3788d8841302,experiments\learning_round2_20260921\external_bank\replays\b2\mooman_e052a\seed_2026092422_seat_1.json.gz
external,b2,mooman_e052a,2026092423,0,1.0,109384.0,89687.0,19697.0,0.0,-267.0,4,264,720,DONE/DONE,3b15a90179d78132177234758759a2ae903ac311fbea2fb06440595cecc50aa7,experiments\learning_round2_20260921\external_bank\replays\b2\mooman_e052a\seed_2026092423_seat_0.json.gz
external,b2,mooman_e052a,2026092423,1,1.0,109384.0,89687.0,19697.0,0.0,-267.0,5,264,720,DONE/DONE,3b15a90179d78132177234758759a2ae903ac311fbea2fb06440595cecc50aa7,experiments\learning_round2_20260921\external_bank\replays\b2\mooman_e052a\seed_2026092423_seat_1.json.gz
external,b2,mooman_e052a,2026092424,0,1.0,95237.0,95090.0,147.0,0.0,-177.0,3,264,720,DONE/DONE,a23f15340578a5b99382fe90550e3235e577c3b2f6523f8f814b92c3adae7208,experiments\learning_round2_20260921\external_bank\replays\b2\mooman_e052a\seed_2026092424_seat_0.json.gz
external,b2,mooman_e052a,2026092424,1,1.0,95237.0,95090.0,147.0,0.0,-177.0,3,264,720,DONE/DONE,a23f15340578a5b99382fe90550e3235e577c3b2f6523f8f814b92c3adae7208,experiments\learning_round2_20260921\external_bank\replays\b2\mooman_e052a\seed_2026092424_seat_1.json.gz
external,b2,qeinstein_moev2,2026092421,0,0.0,104539.0,108040.0,-3501.0,0.0,-231.0,4,264,720,DONE/DONE,952794c1ef150612947ef354caa467f8a12cd99436834e5997cda414e2ee1b62,experiments\learning_round2_20260921\external_bank\replays\b2\qeinstein_moev2\seed_2026092421_seat_0.json.gz
external,b2,qeinstein_moev2,2026092421,1,0.0,104539.0,108040.0,-3501.0,0.0,-231.0,4,264,720,DONE/DONE,952794c1ef150612947ef354caa467f8a12cd99436834e5997cda414e2ee1b62,experiments\learning_round2_20260921\external_bank\replays\b2\qeinstein_moev2\seed_2026092421_seat_1.json.gz
external,b2,qeinstein_moev2,2026092422,0,1.0,115634.0,111429.0,4205.0,0.0,-398.0,5,264,720,DONE/DONE,a6ab4a8617a14246a83638fda37212b605621ffae992958a904d37d38c45f904,experiments\learning_round2_20260921\external_bank\replays\b2\qeinstein_moev2\seed_2026092422_seat_0.json.gz
external,b2,qeinstein_moev2,2026092422,1,1.0,115373.0,114415.0,958.0,0.0,-344.0,6,264,720,DONE/DONE,21388dc3da1dc4db654389c3092dae24ebcb3a1aa55d69f480fb25577e735eb3,experiments\learning_round2_20260921\external_bank\replays\b2\qeinstein_moev2\seed_2026092422_seat_1.json.gz
external,b2,qeinstein_moev2,2026092423,0,1.0,69899.0,51182.0,18717.0,0.0,-299.0,2,264,720,DONE/DONE,98459d74ea722dfadd033793e482550b44de087d64ec90ce077ae0c0f1d55381,experiments\learning_round2_20260921\external_bank\replays\b2\qeinstein_moev2\seed_2026092423_seat_0.json.gz
external,b2,qeinstein_moev2,2026092423,1,1.0,69899.0,51182.0,18717.0,0.0,-299.0,3,264,720,DONE/DONE,98459d74ea722dfadd033793e482550b44de087d64ec90ce077ae0c0f1d55381,experiments\learning_round2_20260921\external_bank\replays\b2\qeinstein_moev2\seed_2026092423_seat_1.json.gz
external,b2,qeinstein_moev2,2026092424,0,1.0,123712.0,118326.0,5386.0,0.0,-299.0,3,264,720,DONE/DONE,3723bf41f9aacdd0984c797fc5304082012861f02215df0a8fd5f0f368f159de,experiments\learning_round2_20260921\external_bank\replays\b2\qeinstein_moev2\seed_2026092424_seat_0.json.gz
external,b2,qeinstein_moev2,2026092424,1,1.0,123712.0,118326.0,5386.0,0.0,-299.0,3,264,720,DONE/DONE,3723bf41f9aacdd0984c797fc5304082012861f02215df0a8fd5f0f368f159de,experiments\learning_round2_20260921\external_bank\replays\b2\qeinstein_moev2\seed_2026092424_seat_1.json.gz
external,b2,smart_farm,2026092421,0,1.0,77528.0,72752.0,4776.0,0.0,-293.0,3,264,720,DONE/DONE,2db8c68149ed114570b99e4340d9e4c8be1afbda9a383fbfc75e069d947f2752,experiments\learning_round2_20260921\external_bank\replays\b2\smart_farm\seed_2026092421_seat_0.json.gz
external,b2,smart_farm,2026092421,1,1.0,77528.0,72752.0,4776.0,0.0,-293.0,2,264,720,DONE/DONE,2db8c68149ed114570b99e4340d9e4c8be1afbda9a383fbfc75e069d947f2752,experiments\learning_round2_20260921\external_bank\replays\b2\smart_farm\seed_2026092421_seat_1.json.gz
external,b2,smart_farm,2026092422,0,1.0,58237.0,55537.0,2700.0,0.0,-280.0,3,264,720,DONE/DONE,e2d7f3818a39af7905b51e53e65b29e4c52e57b804e959b69a6ea2f9bd0ec193,experiments\learning_round2_20260921\external_bank\replays\b2\smart_farm\seed_2026092422_seat_0.json.gz
external,b2,smart_farm,2026092422,1,1.0,58488.0,54577.0,3911.0,0.0,-280.0,3,264,720,DONE/DONE,e2d7f3818a39af7905b51e53e65b29e4c52e57b804e959b69a6ea2f9bd0ec193,experiments\learning_round2_20260921\external_bank\replays\b2\smart_farm\seed_2026092422_seat_1.json.gz
external,b2,smart_farm,2026092423,0,1.0,114412.0,97166.0,17246.0,0.0,-344.0,5,264,720,DONE/DONE,3b15a90179d78132177234758759a2ae903ac311fbea2fb06440595cecc50aa7,experiments\learning_round2_20260921\external_bank\replays\b2\smart_farm\seed_2026092423_seat_0.json.gz
external,b2,smart_farm,2026092423,1,1.0,114412.0,97166.0,17246.0,0.0,-344.0,5,264,720,DONE/DONE,3b15a90179d78132177234758759a2ae903ac311fbea2fb06440595cecc50aa7,experiments\learning_round2_20260921\external_bank\replays\b2\smart_farm\seed_2026092423_seat_1.json.gz
external,b2,smart_farm,2026092424,0,0.0,102500.0,102758.0,-258.0,-1.0,-312.0,3,264,720,DONE/DONE,72630c504235f53644dc14d05062a36499dcd7a31d74aa3c734f19c78942cf44,experiments\learning_round2_20260921\external_bank\replays\b2\smart_farm\seed_2026092424_seat_0.json.gz
external,b2,smart_farm,2026092424,1,0.0,102500.0,102758.0,-258.0,-1.0,-312.0,3,264,720,DONE/DONE,72630c504235f53644dc14d05062a36499dcd7a31d74aa3c734f19c78942cf44,experiments\learning_round2_20260921\external_bank\replays\b2\smart_farm\seed_2026092424_seat_1.json.gz
external,b2,souvik_v4,2026092421,0,1.0,76748.0,72119.0,4629.0,0.0,-308.0,4,264,720,DONE/DONE,2db8c68149ed114570b99e4340d9e4c8be1afbda9a383fbfc75e069d947f2752,experiments\learning_round2_20260921\external_bank\replays\b2\souvik_v4\seed_2026092421_seat_0.json.gz
external,b2,souvik_v4,2026092421,1,1.0,76748.0,72119.0,4629.0,0.0,-308.0,3,264,720,DONE/DONE,2db8c68149ed114570b99e4340d9e4c8be1afbda9a383fbfc75e069d947f2752,experiments\learning_round2_20260921\external_bank\replays\b2\souvik_v4\seed_2026092421_seat_1.json.gz
external,b2,souvik_v4,2026092422,0,1.0,59507.0,52948.0,6559.0,0.0,-258.0,2,264,720,DONE/DONE,e2d7f3818a39af7905b51e53e65b29e4c52e57b804e959b69a6ea2f9bd0ec193,experiments\learning_round2_20260921\external_bank\replays\b2\souvik_v4\seed_2026092422_seat_0.json.gz
external,b2,souvik_v4,2026092422,1,1.0,59511.0,53114.0,6397.0,0.0,-258.0,2,264,720,DONE/DONE,e2d7f3818a39af7905b51e53e65b29e4c52e57b804e959b69a6ea2f9bd0ec193,experiments\learning_round2_20260921\external_bank\replays\b2\souvik_v4\seed_2026092422_seat_1.json.gz
external,b2,souvik_v4,2026092423,0,1.0,109382.0,89689.0,19693.0,0.0,-267.0,4,264,720,DONE/DONE,3b15a90179d78132177234758759a2ae903ac311fbea2fb06440595cecc50aa7,experiments\learning_round2_20260921\external_bank\replays\b2\souvik_v4\seed_2026092423_seat_0.json.gz
external,b2,souvik_v4,2026092423,1,1.0,109382.0,89689.0,19693.0,0.0,-267.0,5,264,720,DONE/DONE,3b15a90179d78132177234758759a2ae903ac311fbea2fb06440595cecc50aa7,experiments\learning_round2_20260921\external_bank\replays\b2\souvik_v4\seed_2026092423_seat_1.json.gz
external,b2,souvik_v4,2026092424,0,1.0,100342.0,97366.0,2976.0,0.0,-682.0,7,264,720,DONE/DONE,72630c504235f53644dc14d05062a36499dcd7a31d74aa3c734f19c78942cf44,experiments\learning_round2_20260921\external_bank\replays\b2\souvik_v4\seed_2026092424_seat_0.json.gz
external,b2,souvik_v4,2026092424,1,1.0,100342.0,97366.0,2976.0,0.0,-682.0,7,264,720,DONE/DONE,72630c504235f53644dc14d05062a36499dcd7a31d74aa3c734f19c78942cf44,experiments\learning_round2_20260921\external_bank\replays\b2\souvik_v4\seed_2026092424_seat_1.json.gz
external,b2_frequency,mooman_e052a,2026092421,0,1.0,76750.0,72117.0,4633.0,0.0,-308.0,3,264,720,DONE/DONE,2db8c68149ed114570b99e4340d9e4c8be1afbda9a383fbfc75e069d947f2752,experiments\learning_round2_20260921\external_bank\replays\b2_frequency\mooman_e052a\seed_2026092421_seat_0.json.gz
external,b2_frequency,mooman_e052a,2026092421,1,1.0,76750.0,72117.0,4633.0,0.0,-308.0,3,264,720,DONE/DONE,2db8c68149ed114570b99e4340d9e4c8be1afbda9a383fbfc75e069d947f2752,experiments\learning_round2_20260921\external_bank\replays\b2_frequency\mooman_e052a\seed_2026092421_seat_1.json.gz
external,b2_frequency,mooman_e052a,2026092422,0,1.0,62173.0,52714.0,9459.0,0.0,-279.0,3,264,720,DONE/DONE,86f7dd52cde6f6c29c4b7645f6d9550fad65a3fa0e020f13ab27c5f50cccfab0,experiments\learning_round2_20260921\external_bank\replays\b2_frequency\mooman_e052a\seed_2026092422_seat_0.json.gz
external,b2_frequency,mooman_e052a,2026092422,1,1.0,63275.0,53626.0,9649.0,0.0,-234.0,5,264,720,DONE/DONE,e4b291032602d7df03c664a5945f491142a5bd573564d4a1ed9c3788d8841302,experiments\learning_round2_20260921\external_bank\replays\b2_frequency\mooman_e052a\seed_2026092422_seat_1.json.gz
external,b2_frequency,mooman_e052a,2026092423,0,1.0,109384.0,89687.0,19697.0,0.0,-267.0,3,264,720,DONE/DONE,3b15a90179d78132177234758759a2ae903ac311fbea2fb06440595cecc50aa7,experiments\learning_round2_20260921\external_bank\replays\b2_frequency\mooman_e052a\seed_2026092423_seat_0.json.gz
external,b2_frequency,mooman_e052a,2026092423,1,1.0,109384.0,89687.0,19697.0,0.0,-267.0,3,264,720,DONE/DONE,3b15a90179d78132177234758759a2ae903ac311fbea2fb06440595cecc50aa7,experiments\learning_round2_20260921\external_bank\replays\b2_frequency\mooman_e052a\seed_2026092423_seat_1.json.gz
external,b2_frequency,mooman_e052a,2026092424,0,1.0,95237.0,95090.0,147.0,0.0,-177.0,3,264,720,DONE/DONE,a23f15340578a5b99382fe90550e3235e577c3b2f6523f8f814b92c3adae7208,experiments\learning_round2_20260921\external_bank\replays\b2_frequency\mooman_e052a\seed_2026092424_seat_0.json.gz
external,b2_frequency,mooman_e052a,2026092424,1,1.0,95237.0,95090.0,147.0,0.0,-177.0,3,264,720,DONE/DONE,a23f15340578a5b99382fe90550e3235e577c3b2f6523f8f814b92c3adae7208,experiments\learning_round2_20260921\external_bank\replays\b2_frequency\mooman_e052a\seed_2026092424_seat_1.json.gz
external,b2_frequency,qeinstein_moev2,2026092421,0,0.0,104539.0,108040.0,-3501.0,0.0,-231.0,4,264,720,DONE/DONE,952794c1ef150612947ef354caa467f8a12cd99436834e5997cda414e2ee1b62,experiments\learning_round2_20260921\external_bank\replays\b2_frequency\qeinstein_moev2\seed_2026092421_seat_0.json.gz
external,b2_frequency,qeinstein_moev2,2026092421,1,0.0,104539.0,108040.0,-3501.0,0.0,-231.0,4,264,720,DONE/DONE,952794c1ef150612947ef354caa467f8a12cd99436834e5997cda414e2ee1b62,experiments\learning_round2_20260921\external_bank\replays\b2_frequency\qeinstein_moev2\seed_2026092421_seat_1.json.gz
external,b2_frequency,qeinstein_moev2,2026092422,0,1.0,115622.0,111437.0,4185.0,0.0,-418.0,7,264,720,DONE/DONE,a6ab4a8617a14246a83638fda37212b605621ffae992958a904d37d38c45f904,experiments\learning_round2_20260921\external_bank\replays\b2_frequency\qeinstein_moev2\seed_2026092422_seat_0.json.gz
external,b2_frequency,qeinstein_moev2,2026092422,1,1.0,115386.0,114404.0,982.0,0.0,-320.0,7,264,720,DONE/DONE,21388dc3da1dc4db654389c3092dae24ebcb3a1aa55d69f480fb25577e735eb3,experiments\learning_round2_20260921\external_bank\replays\b2_frequency\qeinstein_moev2\seed_2026092422_seat_1.json.gz
external,b2_frequency,qeinstein_moev2,2026092423,0,1.0,69894.0,51184.0,18710.0,0.0,-306.0,3,168,720,DONE/DONE,98459d74ea722dfadd033793e482550b44de087d64ec90ce077ae0c0f1d55381,experiments\learning_round2_20260921\external_bank\replays\b2_frequency\qeinstein_moev2\seed_2026092423_seat_0.json.gz
external,b2_frequency,qeinstein_moev2,2026092423,1,1.0,69894.0,51184.0,18710.0,0.0,-306.0,3,168,720,DONE/DONE,98459d74ea722dfadd033793e482550b44de087d64ec90ce077ae0c0f1d55381,experiments\learning_round2_20260921\external_bank\replays\b2_frequency\qeinstein_moev2\seed_2026092423_seat_1.json.gz
external,b2_frequency,qeinstein_moev2,2026092424,0,1.0,123712.0,118326.0,5386.0,0.0,-299.0,3,264,720,DONE/DONE,3723bf41f9aacdd0984c797fc5304082012861f02215df0a8fd5f0f368f159de,experiments\learning_round2_20260921\external_bank\replays\b2_frequency\qeinstein_moev2\seed_2026092424_seat_0.json.gz
external,b2_frequency,qeinstein_moev2,2026092424,1,1.0,123712.0,118326.0,5386.0,0.0,-299.0,3,264,720,DONE/DONE,3723bf41f9aacdd0984c797fc5304082012861f02215df0a8fd5f0f368f159de,experiments\learning_round2_20260921\external_bank\replays\b2_frequency\qeinstein_moev2\seed_2026092424_seat_1.json.gz
external,b2_frequency,smart_farm,2026092421,0,1.0,77528.0,72752.0,4776.0,0.0,-293.0,3,264,720,DONE/DONE,2db8c68149ed114570b99e4340d9e4c8be1afbda9a383fbfc75e069d947f2752,experiments\learning_round2_20260921\external_bank\replays\b2_frequency\smart_farm\seed_2026092421_seat_0.json.gz
external,b2_frequency,smart_farm,2026092421,1,1.0,77528.0,72752.0,4776.0,0.0,-293.0,3,264,720,DONE/DONE,2db8c68149ed114570b99e4340d9e4c8be1afbda9a383fbfc75e069d947f2752,experiments\learning_round2_20260921\external_bank\replays\b2_frequency\smart_farm\seed_2026092421_seat_1.json.gz
external,b2_frequency,smart_farm,2026092422,0,1.0,58248.0,55532.0,2716.0,0.0,-264.0,3,264,720,DONE/DONE,e2d7f3818a39af7905b51e53e65b29e4c52e57b804e959b69a6ea2f9bd0ec193,experiments\learning_round2_20260921\external_bank\replays\b2_frequency\smart_farm\seed_2026092422_seat_0.json.gz
external,b2_frequency,smart_farm,2026092422,1,1.0,58499.0,54572.0,3927.0,0.0,-264.0,3,264,720,DONE/DONE,e2d7f3818a39af7905b51e53e65b29e4c52e57b804e959b69a6ea2f9bd0ec193,experiments\learning_round2_20260921\external_bank\replays\b2_frequency\smart_farm\seed_2026092422_seat_1.json.gz
external,b2_frequency,smart_farm,2026092423,0,1.0,114412.0,97166.0,17246.0,0.0,-344.0,4,264,720,DONE/DONE,3b15a90179d78132177234758759a2ae903ac311fbea2fb06440595cecc50aa7,experiments\learning_round2_20260921\external_bank\replays\b2_frequency\smart_farm\seed_2026092423_seat_0.json.gz
external,b2_frequency,smart_farm,2026092423,1,1.0,114412.0,97166.0,17246.0,0.0,-344.0,4,264,720,DONE/DONE,3b15a90179d78132177234758759a2ae903ac311fbea2fb06440595cecc50aa7,experiments\learning_round2_20260921\external_bank\replays\b2_frequency\smart_farm\seed_2026092423_seat_1.json.gz
external,b2_frequency,smart_farm,2026092424,0,0.0,102500.0,102758.0,-258.0,-1.0,-312.0,2,264,720,DONE/DONE,72630c504235f53644dc14d05062a36499dcd7a31d74aa3c734f19c78942cf44,experiments\learning_round2_20260921\external_bank\replays\b2_frequency\smart_farm\seed_2026092424_seat_0.json.gz
external,b2_frequency,smart_farm,2026092424,1,0.0,102500.0,102758.0,-258.0,-1.0,-312.0,2,264,720,DONE/DONE,72630c504235f53644dc14d05062a36499dcd7a31d74aa3c734f19c78942cf44,experiments\learning_round2_20260921\external_bank\replays\b2_frequency\smart_farm\seed_2026092424_seat_1.json.gz
external,b2_frequency,souvik_v4,2026092421,0,1.0,76748.0,72119.0,4629.0,0.0,-308.0,3,264,720,DONE/DONE,2db8c68149ed114570b99e4340d9e4c8be1afbda9a383fbfc75e069d947f2752,experiments\learning_round2_20260921\external_bank\replays\b2_frequency\souvik_v4\seed_2026092421_seat_0.json.gz
external,b2_frequency,souvik_v4,2026092421,1,1.0,76748.0,72119.0,4629.0,0.0,-308.0,3,264,720,DONE/DONE,2db8c68149ed114570b99e4340d9e4c8be1afbda9a383fbfc75e069d947f2752,experiments\learning_round2_20260921\external_bank\replays\b2_frequency\souvik_v4\seed_2026092421_seat_1.json.gz
external,b2_frequency,souvik_v4,2026092422,0,1.0,59509.0,52946.0,6563.0,0.0,-254.0,3,264,720,DONE/DONE,e2d7f3818a39af7905b51e53e65b29e4c52e57b804e959b69a6ea2f9bd0ec193,experiments\learning_round2_20260921\external_bank\replays\b2_frequency\souvik_v4\seed_2026092422_seat_0.json.gz
external,b2_frequency,souvik_v4,2026092422,1,1.0,59513.0,53112.0,6401.0,0.0,-254.0,3,264,720,DONE/DONE,e2d7f3818a39af7905b51e53e65b29e4c52e57b804e959b69a6ea2f9bd0ec193,experiments\learning_round2_20260921\external_bank\replays\b2_frequency\souvik_v4\seed_2026092422_seat_1.json.gz
external,b2_frequency,souvik_v4,2026092423,0,1.0,109382.0,89689.0,19693.0,0.0,-267.0,3,264,720,DONE/DONE,3b15a90179d78132177234758759a2ae903ac311fbea2fb06440595cecc50aa7,experiments\learning_round2_20260921\external_bank\replays\b2_frequency\souvik_v4\seed_2026092423_seat_0.json.gz
external,b2_frequency,souvik_v4,2026092423,1,1.0,109382.0,89689.0,19693.0,0.0,-267.0,3,264,720,DONE/DONE,3b15a90179d78132177234758759a2ae903ac311fbea2fb06440595cecc50aa7,experiments\learning_round2_20260921\external_bank\replays\b2_frequency\souvik_v4\seed_2026092423_seat_1.json.gz
external,b2_frequency,souvik_v4,2026092424,0,1.0,100342.0,97366.0,2976.0,0.0,-682.0,6,264,720,DONE/DONE,72630c504235f53644dc14d05062a36499dcd7a31d74aa3c734f19c78942cf44,experiments\learning_round2_20260921\external_bank\replays\b2_frequency\souvik_v4\seed_2026092424_seat_0.json.gz
external,b2_frequency,souvik_v4,2026092424,1,1.0,100342.0,97366.0,2976.0,0.0,-682.0,6,264,720,DONE/DONE,72630c504235f53644dc14d05062a36499dcd7a31d74aa3c734f19c78942cf44,experiments\learning_round2_20260921\external_bank\replays\b2_frequency\souvik_v4\seed_2026092424_seat_1.json.gz
external,b_simple,mooman_e052a,2026092421,0,1.0,76750.0,72117.0,4633.0,0.0,-308.0,3,264,720,DONE/DONE,2db8c68149ed114570b99e4340d9e4c8be1afbda9a383fbfc75e069d947f2752,experiments\learning_round2_20260921\external_bank\replays\b_simple\mooman_e052a\seed_2026092421_seat_0.json.gz
external,b_simple,mooman_e052a,2026092421,1,1.0,76750.0,72117.0,4633.0,0.0,-308.0,3,264,720,DONE/DONE,2db8c68149ed114570b99e4340d9e4c8be1afbda9a383fbfc75e069d947f2752,experiments\learning_round2_20260921\external_bank\replays\b_simple\mooman_e052a\seed_2026092421_seat_1.json.gz
external,b_simple,mooman_e052a,2026092422,0,1.0,62173.0,52714.0,9459.0,0.0,-279.0,3,264,720,DONE/DONE,86f7dd52cde6f6c29c4b7645f6d9550fad65a3fa0e020f13ab27c5f50cccfab0,experiments\learning_round2_20260921\external_bank\replays\b_simple\mooman_e052a\seed_2026092422_seat_0.json.gz
external,b_simple,mooman_e052a,2026092422,1,1.0,63275.0,53626.0,9649.0,0.0,-234.0,5,264,720,DONE/DONE,e4b291032602d7df03c664a5945f491142a5bd573564d4a1ed9c3788d8841302,experiments\learning_round2_20260921\external_bank\replays\b_simple\mooman_e052a\seed_2026092422_seat_1.json.gz
external,b_simple,mooman_e052a,2026092423,0,1.0,109384.0,89687.0,19697.0,0.0,-267.0,3,264,720,DONE/DONE,3b15a90179d78132177234758759a2ae903ac311fbea2fb06440595cecc50aa7,experiments\learning_round2_20260921\external_bank\replays\b_simple\mooman_e052a\seed_2026092423_seat_0.json.gz
external,b_simple,mooman_e052a,2026092423,1,1.0,109384.0,89687.0,19697.0,0.0,-267.0,3,264,720,DONE/DONE,3b15a90179d78132177234758759a2ae903ac311fbea2fb06440595cecc50aa7,experiments\learning_round2_20260921\external_bank\replays\b_simple\mooman_e052a\seed_2026092423_seat_1.json.gz
external,b_simple,mooman_e052a,2026092424,0,1.0,95237.0,95090.0,147.0,0.0,-177.0,3,264,720,DONE/DONE,a23f15340578a5b99382fe90550e3235e577c3b2f6523f8f814b92c3adae7208,experiments\learning_round2_20260921\external_bank\replays\b_simple\mooman_e052a\seed_2026092424_seat_0.json.gz
external,b_simple,mooman_e052a,2026092424,1,1.0,95237.0,95090.0,147.0,0.0,-177.0,3,264,720,DONE/DONE,a23f15340578a5b99382fe90550e3235e577c3b2f6523f8f814b92c3adae7208,experiments\learning_round2_20260921\external_bank\replays\b_simple\mooman_e052a\seed_2026092424_seat_1.json.gz
external,b_simple,qeinstein_moev2,2026092421,0,0.0,104539.0,108040.0,-3501.0,0.0,-231.0,4,264,720,DONE/DONE,952794c1ef150612947ef354caa467f8a12cd99436834e5997cda414e2ee1b62,experiments\learning_round2_20260921\external_bank\replays\b_simple\qeinstein_moev2\seed_2026092421_seat_0.json.gz
external,b_simple,qeinstein_moev2,2026092421,1,0.0,104539.0,108040.0,-3501.0,0.0,-231.0,4,264,720,DONE/DONE,952794c1ef150612947ef354caa467f8a12cd99436834e5997cda414e2ee1b62,experiments\learning_round2_20260921\external_bank\replays\b_simple\qeinstein_moev2\seed_2026092421_seat_1.json.gz
external,b_simple,qeinstein_moev2,2026092422,0,1.0,115622.0,111437.0,4185.0,0.0,-418.0,7,264,720,DONE/DONE,a6ab4a8617a14246a83638fda37212b605621ffae992958a904d37d38c45f904,experiments\learning_round2_20260921\external_bank\replays\b_simple\qeinstein_moev2\seed_2026092422_seat_0.json.gz
external,b_simple,qeinstein_moev2,2026092422,1,1.0,115386.0,114404.0,982.0,0.0,-320.0,7,264,720,DONE/DONE,21388dc3da1dc4db654389c3092dae24ebcb3a1aa55d69f480fb25577e735eb3,experiments\learning_round2_20260921\external_bank\replays\b_simple\qeinstein_moev2\seed_2026092422_seat_1.json.gz
external,b_simple,qeinstein_moev2,2026092423,0,1.0,69894.0,51184.0,18710.0,0.0,-306.0,3,168,720,DONE/DONE,98459d74ea722dfadd033793e482550b44de087d64ec90ce077ae0c0f1d55381,experiments\learning_round2_20260921\external_bank\replays\b_simple\qeinstein_moev2\seed_2026092423_seat_0.json.gz
external,b_simple,qeinstein_moev2,2026092423,1,1.0,69894.0,51184.0,18710.0,0.0,-306.0,3,168,720,DONE/DONE,98459d74ea722dfadd033793e482550b44de087d64ec90ce077ae0c0f1d55381,experiments\learning_round2_20260921\external_bank\replays\b_simple\qeinstein_moev2\seed_2026092423_seat_1.json.gz
external,b_simple,qeinstein_moev2,2026092424,0,1.0,123712.0,118326.0,5386.0,0.0,-299.0,3,264,720,DONE/DONE,3723bf41f9aacdd0984c797fc5304082012861f02215df0a8fd5f0f368f159de,experiments\learning_round2_20260921\external_bank\replays\b_simple\qeinstein_moev2\seed_2026092424_seat_0.json.gz
external,b_simple,qeinstein_moev2,2026092424,1,1.0,123712.0,118326.0,5386.0,0.0,-299.0,3,264,720,DONE/DONE,3723bf41f9aacdd0984c797fc5304082012861f02215df0a8fd5f0f368f159de,experiments\learning_round2_20260921\external_bank\replays\b_simple\qeinstein_moev2\seed_2026092424_seat_1.json.gz
external,b_simple,smart_farm,2026092421,0,1.0,77528.0,72752.0,4776.0,0.0,-293.0,3,264,720,DONE/DONE,2db8c68149ed114570b99e4340d9e4c8be1afbda9a383fbfc75e069d947f2752,experiments\learning_round2_20260921\external_bank\replays\b_simple\smart_farm\seed_2026092421_seat_0.json.gz
external,b_simple,smart_farm,2026092421,1,1.0,77528.0,72752.0,4776.0,0.0,-293.0,3,264,720,DONE/DONE,2db8c68149ed114570b99e4340d9e4c8be1afbda9a383fbfc75e069d947f2752,experiments\learning_round2_20260921\external_bank\replays\b_simple\smart_farm\seed_2026092421_seat_1.json.gz
external,b_simple,smart_farm,2026092422,0,1.0,58248.0,55532.0,2716.0,0.0,-264.0,3,264,720,DONE/DONE,e2d7f3818a39af7905b51e53e65b29e4c52e57b804e959b69a6ea2f9bd0ec193,experiments\learning_round2_20260921\external_bank\replays\b_simple\smart_farm\seed_2026092422_seat_0.json.gz
external,b_simple,smart_farm,2026092422,1,1.0,58499.0,54572.0,3927.0,0.0,-264.0,3,264,720,DONE/DONE,e2d7f3818a39af7905b51e53e65b29e4c52e57b804e959b69a6ea2f9bd0ec193,experiments\learning_round2_20260921\external_bank\replays\b_simple\smart_farm\seed_2026092422_seat_1.json.gz
external,b_simple,smart_farm,2026092423,0,1.0,114412.0,97166.0,17246.0,0.0,-344.0,4,264,720,DONE/DONE,3b15a90179d78132177234758759a2ae903ac311fbea2fb06440595cecc50aa7,experiments\learning_round2_20260921\external_bank\replays\b_simple\smart_farm\seed_2026092423_seat_0.json.gz
external,b_simple,smart_farm,2026092423,1,1.0,114412.0,97166.0,17246.0,0.0,-344.0,4,264,720,DONE/DONE,3b15a90179d78132177234758759a2ae903ac311fbea2fb06440595cecc50aa7,experiments\learning_round2_20260921\external_bank\replays\b_simple\smart_farm\seed_2026092423_seat_1.json.gz
external,b_simple,smart_farm,2026092424,0,0.0,102500.0,102758.0,-258.0,-1.0,-312.0,2,264,720,DONE/DONE,72630c504235f53644dc14d05062a36499dcd7a31d74aa3c734f19c78942cf44,experiments\learning_round2_20260921\external_bank\replays\b_simple\smart_farm\seed_2026092424_seat_0.json.gz
external,b_simple,smart_farm,2026092424,1,0.0,102500.0,102758.0,-258.0,-1.0,-312.0,2,264,720,DONE/DONE,72630c504235f53644dc14d05062a36499dcd7a31d74aa3c734f19c78942cf44,experiments\learning_round2_20260921\external_bank\replays\b_simple\smart_farm\seed_2026092424_seat_1.json.gz
external,b_simple,souvik_v4,2026092421,0,1.0,76748.0,72119.0,4629.0,0.0,-308.0,3,264,720,DONE/DONE,2db8c68149ed114570b99e4340d9e4c8be1afbda9a383fbfc75e069d947f2752,experiments\learning_round2_20260921\external_bank\replays\b_simple\souvik_v4\seed_2026092421_seat_0.json.gz
external,b_simple,souvik_v4,2026092421,1,1.0,76748.0,72119.0,4629.0,0.0,-308.0,3,264,720,DONE/DONE,2db8c68149ed114570b99e4340d9e4c8be1afbda9a383fbfc75e069d947f2752,experiments\learning_round2_20260921\external_bank\replays\b_simple\souvik_v4\seed_2026092421_seat_1.json.gz
external,b_simple,souvik_v4,2026092422,0,1.0,59509.0,52946.0,6563.0,0.0,-254.0,3,264,720,DONE/DONE,e2d7f3818a39af7905b51e53e65b29e4c52e57b804e959b69a6ea2f9bd0ec193,experiments\learning_round2_20260921\external_bank\replays\b_simple\souvik_v4\seed_2026092422_seat_0.json.gz
external,b_simple,souvik_v4,2026092422,1,1.0,59513.0,53112.0,6401.0,0.0,-254.0,3,264,720,DONE/DONE,e2d7f3818a39af7905b51e53e65b29e4c52e57b804e959b69a6ea2f9bd0ec193,experiments\learning_round2_20260921\external_bank\replays\b_simple\souvik_v4\seed_2026092422_seat_1.json.gz
external,b_simple,souvik_v4,2026092423,0,1.0,109382.0,89689.0,19693.0,0.0,-267.0,3,264,720,DONE/DONE,3b15a90179d78132177234758759a2ae903ac311fbea2fb06440595cecc50aa7,experiments\learning_round2_20260921\external_bank\replays\b_simple\souvik_v4\seed_2026092423_seat_0.json.gz
external,b_simple,souvik_v4,2026092423,1,1.0,109382.0,89689.0,19693.0,0.0,-267.0,3,264,720,DONE/DONE,3b15a90179d78132177234758759a2ae903ac311fbea2fb06440595cecc50aa7,experiments\learning_round2_20260921\external_bank\replays\b_simple\souvik_v4\seed_2026092423_seat_1.json.gz
external,b_simple,souvik_v4,2026092424,0,1.0,100342.0,97366.0,2976.0,0.0,-682.0,6,264,720,DONE/DONE,72630c504235f53644dc14d05062a36499dcd7a31d74aa3c734f19c78942cf44,experiments\learning_round2_20260921\external_bank\replays\b_simple\souvik_v4\seed_2026092424_seat_0.json.gz
external,b_simple,souvik_v4,2026092424,1,1.0,100342.0,97366.0,2976.0,0.0,-682.0,6,264,720,DONE/DONE,72630c504235f53644dc14d05062a36499dcd7a31d74aa3c734f19c78942cf44,experiments\learning_round2_20260921\external_bank\replays\b_simple\souvik_v4\seed_2026092424_seat_1.json.gz
external,c0,mooman_e052a,2026092421,0,1.0,76920.0,71979.0,4941.0,0.0,0.0,0,,720,DONE/DONE,2db8c68149ed114570b99e4340d9e4c8be1afbda9a383fbfc75e069d947f2752,experiments\learning_round2_20260921\external_bank\replays\c0\mooman_e052a\seed_2026092421_seat_0.json.gz
external,c0,mooman_e052a,2026092421,1,1.0,76920.0,71979.0,4941.0,0.0,0.0,0,,720,DONE/DONE,2db8c68149ed114570b99e4340d9e4c8be1afbda9a383fbfc75e069d947f2752,experiments\learning_round2_20260921\external_bank\replays\c0\mooman_e052a\seed_2026092421_seat_1.json.gz
external,c0,mooman_e052a,2026092422,0,1.0,62331.0,52593.0,9738.0,0.0,0.0,0,,720,DONE/DONE,86f7dd52cde6f6c29c4b7645f6d9550fad65a3fa0e020f13ab27c5f50cccfab0,experiments\learning_round2_20260921\external_bank\replays\c0\mooman_e052a\seed_2026092422_seat_0.json.gz
external,c0,mooman_e052a,2026092422,1,1.0,63409.0,53526.0,9883.0,0.0,0.0,0,,720,DONE/DONE,e4b291032602d7df03c664a5945f491142a5bd573564d4a1ed9c3788d8841302,experiments\learning_round2_20260921\external_bank\replays\c0\mooman_e052a\seed_2026092422_seat_1.json.gz
external,c0,mooman_e052a,2026092423,0,1.0,109532.0,89568.0,19964.0,0.0,0.0,0,,720,DONE/DONE,3b15a90179d78132177234758759a2ae903ac311fbea2fb06440595cecc50aa7,experiments\learning_round2_20260921\external_bank\replays\c0\mooman_e052a\seed_2026092423_seat_0.json.gz
external,c0,mooman_e052a,2026092423,1,1.0,109532.0,89568.0,19964.0,0.0,0.0,0,,720,DONE/DONE,3b15a90179d78132177234758759a2ae903ac311fbea2fb06440595cecc50aa7,experiments\learning_round2_20260921\external_bank\replays\c0\mooman_e052a\seed_2026092423_seat_1.json.gz
external,c0,mooman_e052a,2026092424,0,1.0,95312.0,94988.0,324.0,0.0,0.0,0,,720,DONE/DONE,a23f15340578a5b99382fe90550e3235e577c3b2f6523f8f814b92c3adae7208,experiments\learning_round2_20260921\external_bank\replays\c0\mooman_e052a\seed_2026092424_seat_0.json.gz
external,c0,mooman_e052a,2026092424,1,1.0,95312.0,94988.0,324.0,0.0,0.0,0,,720,DONE/DONE,a23f15340578a5b99382fe90550e3235e577c3b2f6523f8f814b92c3adae7208,experiments\learning_round2_20260921\external_bank\replays\c0\mooman_e052a\seed_2026092424_seat_1.json.gz
external,c0,qeinstein_moev2,2026092421,0,0.0,104646.0,107916.0,-3270.0,0.0,0.0,0,,720,DONE/DONE,952794c1ef150612947ef354caa467f8a12cd99436834e5997cda414e2ee1b62,experiments\learning_round2_20260921\external_bank\replays\c0\qeinstein_moev2\seed_2026092421_seat_0.json.gz
external,c0,qeinstein_moev2,2026092421,1,0.0,104646.0,107916.0,-3270.0,0.0,0.0,0,,720,DONE/DONE,952794c1ef150612947ef354caa467f8a12cd99436834e5997cda414e2ee1b62,experiments\learning_round2_20260921\external_bank\replays\c0\qeinstein_moev2\seed_2026092421_seat_1.json.gz
external,c0,qeinstein_moev2,2026092422,0,1.0,115898.0,111295.0,4603.0,0.0,0.0,0,,720,DONE/DONE,a6ab4a8617a14246a83638fda37212b605621ffae992958a904d37d38c45f904,experiments\learning_round2_20260921\external_bank\replays\c0\qeinstein_moev2\seed_2026092422_seat_0.json.gz
external,c0,qeinstein_moev2,2026092422,1,1.0,115516.0,114214.0,1302.0,0.0,0.0,0,,720,DONE/DONE,21388dc3da1dc4db654389c3092dae24ebcb3a1aa55d69f480fb25577e735eb3,experiments\learning_round2_20260921\external_bank\replays\c0\qeinstein_moev2\seed_2026092422_seat_1.json.gz
external,c0,qeinstein_moev2,2026092423,0,1.0,70064.0,51048.0,19016.0,0.0,0.0,0,,720,DONE/DONE,98459d74ea722dfadd033793e482550b44de087d64ec90ce077ae0c0f1d55381,experiments\learning_round2_20260921\external_bank\replays\c0\qeinstein_moev2\seed_2026092423_seat_0.json.gz
external,c0,qeinstein_moev2,2026092423,1,1.0,70064.0,51048.0,19016.0,0.0,0.0,0,,720,DONE/DONE,98459d74ea722dfadd033793e482550b44de087d64ec90ce077ae0c0f1d55381,experiments\learning_round2_20260921\external_bank\replays\c0\qeinstein_moev2\seed_2026092423_seat_1.json.gz
external,c0,qeinstein_moev2,2026092424,0,1.0,123877.0,118192.0,5685.0,0.0,0.0,0,,720,DONE/DONE,3723bf41f9aacdd0984c797fc5304082012861f02215df0a8fd5f0f368f159de,experiments\learning_round2_20260921\external_bank\replays\c0\qeinstein_moev2\seed_2026092424_seat_0.json.gz
external,c0,qeinstein_moev2,2026092424,1,1.0,123877.0,118192.0,5685.0,0.0,0.0,0,,720,DONE/DONE,3723bf41f9aacdd0984c797fc5304082012861f02215df0a8fd5f0f368f159de,experiments\learning_round2_20260921\external_bank\replays\c0\qeinstein_moev2\seed_2026092424_seat_1.json.gz
external,c0,smart_farm,2026092421,0,1.0,77690.0,72621.0,5069.0,0.0,0.0,0,,720,DONE/DONE,2db8c68149ed114570b99e4340d9e4c8be1afbda9a383fbfc75e069d947f2752,experiments\learning_round2_20260921\external_bank\replays\c0\smart_farm\seed_2026092421_seat_0.json.gz
external,c0,smart_farm,2026092421,1,1.0,77690.0,72621.0,5069.0,0.0,0.0,0,,720,DONE/DONE,2db8c68149ed114570b99e4340d9e4c8be1afbda9a383fbfc75e069d947f2752,experiments\learning_round2_20260921\external_bank\replays\c0\smart_farm\seed_2026092421_seat_1.json.gz
external,c0,smart_farm,2026092422,0,1.0,58394.0,55414.0,2980.0,0.0,0.0,0,,720,DONE/DONE,e2d7f3818a39af7905b51e53e65b29e4c52e57b804e959b69a6ea2f9bd0ec193,experiments\learning_round2_20260921\external_bank\replays\c0\smart_farm\seed_2026092422_seat_0.json.gz
external,c0,smart_farm,2026092422,1,1.0,58645.0,54454.0,4191.0,0.0,0.0,0,,720,DONE/DONE,e2d7f3818a39af7905b51e53e65b29e4c52e57b804e959b69a6ea2f9bd0ec193,experiments\learning_round2_20260921\external_bank\replays\c0\smart_farm\seed_2026092422_seat_1.json.gz
external,c0,smart_farm,2026092423,0,1.0,114616.0,97026.0,17590.0,0.0,0.0,0,,720,DONE/DONE,3b15a90179d78132177234758759a2ae903ac311fbea2fb06440595cecc50aa7,experiments\learning_round2_20260921\external_bank\replays\c0\smart_farm\seed_2026092423_seat_0.json.gz
external,c0,smart_farm,2026092423,1,1.0,114616.0,97026.0,17590.0,0.0,0.0,0,,720,DONE/DONE,3b15a90179d78132177234758759a2ae903ac311fbea2fb06440595cecc50aa7,experiments\learning_round2_20260921\external_bank\replays\c0\smart_farm\seed_2026092423_seat_1.json.gz
external,c0,smart_farm,2026092424,0,1.0,102672.0,102618.0,54.0,0.0,0.0,0,,720,DONE/DONE,72630c504235f53644dc14d05062a36499dcd7a31d74aa3c734f19c78942cf44,experiments\learning_round2_20260921\external_bank\replays\c0\smart_farm\seed_2026092424_seat_0.json.gz
external,c0,smart_farm,2026092424,1,1.0,102672.0,102618.0,54.0,0.0,0.0,0,,720,DONE/DONE,72630c504235f53644dc14d05062a36499dcd7a31d74aa3c734f19c78942cf44,experiments\learning_round2_20260921\external_bank\replays\c0\smart_farm\seed_2026092424_seat_1.json.gz
external,c0,souvik_v4,2026092421,0,1.0,76918.0,71981.0,4937.0,0.0,0.0,0,,720,DONE/DONE,2db8c68149ed114570b99e4340d9e4c8be1afbda9a383fbfc75e069d947f2752,experiments\learning_round2_20260921\external_bank\replays\c0\souvik_v4\seed_2026092421_seat_0.json.gz
external,c0,souvik_v4,2026092421,1,1.0,76918.0,71981.0,4937.0,0.0,0.0,0,,720,DONE/DONE,2db8c68149ed114570b99e4340d9e4c8be1afbda9a383fbfc75e069d947f2752,experiments\learning_round2_20260921\external_bank\replays\c0\souvik_v4\seed_2026092421_seat_1.json.gz
external,c0,souvik_v4,2026092422,0,1.0,59652.0,52835.0,6817.0,0.0,0.0,0,,720,DONE/DONE,e2d7f3818a39af7905b51e53e65b29e4c52e57b804e959b69a6ea2f9bd0ec193,experiments\learning_round2_20260921\external_bank\replays\c0\souvik_v4\seed_2026092422_seat_0.json.gz
external,c0,souvik_v4,2026092422,1,1.0,59656.0,53001.0,6655.0,0.0,0.0,0,,720,DONE/DONE,e2d7f3818a39af7905b51e53e65b29e4c52e57b804e959b69a6ea2f9bd0ec193,experiments\learning_round2_20260921\external_bank\replays\c0\souvik_v4\seed_2026092422_seat_1.json.gz
external,c0,souvik_v4,2026092423,0,1.0,109530.0,89570.0,19960.0,0.0,0.0,0,,720,DONE/DONE,3b15a90179d78132177234758759a2ae903ac311fbea2fb06440595cecc50aa7,experiments\learning_round2_20260921\external_bank\replays\c0\souvik_v4\seed_2026092423_seat_0.json.gz
external,c0,souvik_v4,2026092423,1,1.0,109530.0,89570.0,19960.0,0.0,0.0,0,,720,DONE/DONE,3b15a90179d78132177234758759a2ae903ac311fbea2fb06440595cecc50aa7,experiments\learning_round2_20260921\external_bank\replays\c0\souvik_v4\seed_2026092423_seat_1.json.gz
external,c0,souvik_v4,2026092424,0,1.0,100884.0,97226.0,3658.0,0.0,0.0,0,,720,DONE/DONE,72630c504235f53644dc14d05062a36499dcd7a31d74aa3c734f19c78942cf44,experiments\learning_round2_20260921\external_bank\replays\c0\souvik_v4\seed_2026092424_seat_0.json.gz
external,c0,souvik_v4,2026092424,1,1.0,100884.0,97226.0,3658.0,0.0,0.0,0,,720,DONE/DONE,72630c504235f53644dc14d05062a36499dcd7a31d74aa3c734f19c78942cf44,experiments\learning_round2_20260921\external_bank\replays\c0\souvik_v4\seed_2026092424_seat_1.json.gz
